origin,destination,stock
AD,AR,1
AD,AT,3
AD,AU,36
AD,BE,39
AD,BR,13
AD,CA,48
AD,DK,3
AD,EE,1
AD,ES,6256
AD,FI,1
AD,FR,1549
AD,GB,54
AD,IE,1
AD,LU,36
AD,ML,1204
AD,NL,24
AD,NO,13
AD,PT,357
AD,SE,4
AE,AT,539
AE,AU,7666
AE,BE,805
AE,BG,347
AE,BH,7954
AE,BR,40
AE,BY,22
AE,CA,21064
AE,CH,219
AE,CY,153
AE,CZ,139
AE,DK,522
AE,EE,24
AE,EG,718
AE,ES,410
AE,FI,201
AE,FR,1415
AE,GB,11138
AE,GR,37
AE,HU,217
AE,IE,260
AE,IN,38470
AE,IQ,289
AE,IS,5
AE,IT,336
AE,JO,211
AE,KW,26760
AE,LI,2
AE,LK,1689
AE,LT,58
AE,LU,72
AE,LV,25
AE,LY,2961
AE,ML,3554
AE,MR,73
AE,MT,75
AE,NL,1749
AE,NO,633
AE,OM,18978
AE,PH,456
AE,PL,56
AE,PS,14088
AE,QA,9559
AE,RO,18
AE,RS,23
AE,RU,353
AE,SE,3013
AE,SI,8
AE,SK,29
AE,US,28685
AE,ZA,379
AF,AE,8192
AF,AR,9
AF,AT,45839
AF,AU,60434
AF,AZ,177
AF,BE,22817
AF,BG,428
AF,BH,859
AF,BO,1
AF,BR,73
AF,BY,276
AF,CA,64143
AF,CH,15160
AF,CR,4
AF,CY,6
AF,CZ,312
AF,DE,214123
AF,DK,11082
AF,EC,169
AF,EE,48
AF,EG,209
AF,ES,924
AF,FI,5489
AF,FR,25722
AF,GB,51721
AF,GE,40
AF,GR,20145
AF,HU,628
AF,IE,191
AF,IL,2981
AF,IN,16094
AF,IQ,314
AF,IR,2710600
AF,IS,80
AF,IT,4605
AF,JO,60
AF,KW,2897
AF,LI,6
AF,LK,132
AF,LT,39
AF,LU,406
AF,LV,35
AF,LY,339
AF,ML,552
AF,MY,2479
AF,NA,44
AF,NI,62
AF,NL,30724
AF,NO,17708
AF,NZ,3859
AF,PH,1298
AF,PK,1598224
AF,PL,186
AF,QA,1597
AF,RO,1
AF,RU,5090
AF,SA,481216
AF,SE,48775
AF,SI,36
AF,SK,41
AF,SN,2294
AF,SY,1143
AF,TH,1
AF,TJ,12434
AF,TM,198
AF,TR,92744
AF,UA,4891
AF,US,119400
AF,ZA,110
AG,AT,7
AG,AU,56
AG,BB,194
AG,BE,1
AG,BG,4
AG,BS,14
AG,CA,2175
AG,DK,2
AG,DM,453
AG,DO,186
AG,EE,5
AG,EG,16
AG,ES,23
AG,FI,1
AG,GB,6036
AG,GD,40
AG,GR,12
AG,GY,9
AG,IE,1
AG,JM,154
AG,KN,415
AG,LC,85
AG,LU,2
AG,NA,490
AG,NI,123
AG,NL,560
AG,NO,4
AG,SE,5
AG,US,22401
AG,VC,55
AL,AR,66
AL,AT,4236
AL,AU,4284
AL,BE,11145
AL,BG,1352
AL,BO,1
AL,CA,23005
AL,CH,4293
AL,CR,4
AL,CY,281
AL,CZ,319
AL,DE,52014
AL,DK,459
AL,EC,73
AL,EE,30
AL,EG,119
AL,ES,3601
AL,FI,548
AL,FR,28457
AL,GB,10529
AL,GE,10
AL,GR,197444
AL,HR,160
AL,HU,173
AL,IE,388
AL,IS,253
AL,IT,544661
AL,LI,2
AL,LT,26
AL,LU,988
AL,LV,8
AL,LY,322
AL,MK,68113
AL,ML,1482
AL,MT,229
AL,NL,2029
AL,NO,2233
AL,PH,122
AL,PL,169
AL,PT,46
AL,RO,31
AL,RS,3238
AL,RU,232
AL,SE,5238
AL,SI,136
AL,SK,29
AL,SM,40
AL,SN,289
AL,TR,4139
AL,US,101170
AL,VE,18
AL,ZA,297
AM,AR,565
AM,AT,3306
AM,AU,1758
AM,AZ,141756
AM,BE,1710
AM,BG,1802
AM,BO,6
AM,BR,65
AM,BY,5643
AM,CA,5461
AM,CH,1090
AM,CL,265
AM,CR,8
AM,CY,1193
AM,CZ,1395
AM,DE,21666
AM,DK,592
AM,EC,38
AM,EE,542
AM,EG,160
AM,ES,12979
AM,FI,92
AM,FR,34984
AM,GB,1486
AM,GE,12789
AM,GR,6532
AM,HU,81
AM,IE,68
AM,IR,989
AM,IS,10
AM,IT,1347
AM,JO,25
AM,KG,2315
AM,KZ,9623
AM,LI,9
AM,LT,404
AM,LU,112
AM,LV,531
AM,LY,271
AM,MT,82
AM,NA,64
AM,NL,805
AM,NO,342
AM,PH,143
AM,PL,2772
AM,PT,93
AM,RO,6
AM,RS,159
AM,RU,526997
AM,SE,2959
AM,SI,15
AM,SK,41
AM,SN,400
AM,TJ,193
AM,TM,7059
AM,TR,837
AM,UA,48097
AM,US,95976
AM,UZ,5824
AM,VE,32
AO,AR,10
AO,AT,419
AO,AU,622
AO,BE,6623
AO,BG,16
AO,BO,6
AO,BR,8183
AO,BW,779
AO,CA,3759
AO,CD,177028
AO,CG,40970
AO,CH,6858
AO,CM,2976
AO,CR,4
AO,CU,31
AO,CV,391
AO,CZ,100
AO,DE,1137
AO,DK,137
AO,EC,44
AO,EE,4
AO,EG,28
AO,ER,302
AO,ES,3275
AO,FI,345
AO,FR,26698
AO,GA,1111
AO,GB,13556
AO,GN,1372
AO,GR,5
AO,HU,41
AO,IE,626
AO,IS,56
AO,IT,1163
AO,LI,8
AO,LT,2
AO,LU,991
AO,ML,1806
AO,MZ,39092
AO,NA,40105
AO,NL,4174
AO,NO,510
AO,PE,27
AO,PH,79
AO,PL,61
AO,PT,150888
AO,RO,4
AO,RU,509
AO,SE,743
AO,SI,2
AO,SK,5
AO,SN,2092
AO,ST,320
AO,SZ,133
AO,TZ,1115
AO,VE,175
AO,ZA,45693
AO,ZM,31424
AR,AD,734
AR,AT,1636
AR,AU,18765
AR,BE,2419
AR,BG,127
AR,BO,47601
AR,BR,36910
AR,BS,116
AR,BY,99
AR,CA,17792
AR,CH,10344
AR,CL,74392
AR,CO,5719
AR,CR,1761
AR,CU,35
AR,CV,4
AR,CY,82
AR,CZ,238
AR,DE,17464
AR,DK,1907
AR,DO,1116
AR,EC,5645
AR,EE,40
AR,EG,251
AR,ES,283315
AR,FI,360
AR,FR,14813
AR,GB,11499
AR,GE,14
AR,GR,296
AR,GT,595
AR,HN,194
AR,HR,186
AR,HT,457
AR,HU,154
AR,IE,428
AR,IL,40470
AR,IS,78
AR,IT,71432
AR,JP,3629
AR,LI,24
AR,LT,62
AR,LU,379
AR,LV,16
AR,MR,72
AR,MT,29
AR,MX,16593
AR,NA,51
AR,NI,281
AR,NL,3723
AR,NO,1281
AR,NZ,4148
AR,PA,3062
AR,PE,26854
AR,PH,156
AR,PL,350
AR,PT,1268
AR,PY,61833
AR,RO,12
AR,RS,49
AR,RU,248
AR,SE,3207
AR,SI,423
AR,SK,22
AR,SM,90
AR,SV,218
AR,US,201928
AR,UY,33022
AR,VE,9374
AR,ZA,2822
AT,AR,1030
AT,AU,19580
AT,BA,195
AT,BE,3141
AT,BG,1938
AT,BO,175
AT,BR,2968
AT,BS,41
AT,BY,57
AT,CA,15816
AT,CF,21
AT,CH,57956
AT,CL,467
AT,CR,152
AT,CY,357
AT,CZ,1872
AT,DE,242924
AT,DK,1603
AT,DO,214
AT,EC,571
AT,EE,140
AT,EG,607
AT,ES,7724
AT,FI,519
AT,FR,10154
AT,GB,21401
AT,GE,24
AT,GR,1048
AT,HR,4842
AT,HT,165
AT,HU,3983
AT,IE,1029
AT,IL,4998
AT,IS,167
AT,IT,15524
AT,JO,116
AT,JP,680
AT,LC,8
AT,LI,3983
AT,LT,76
AT,LU,957
AT,LV,76
AT,LY,801
AT,MN,15
AT,MT,331
AT,MV,22
AT,NA,636
AT,NI,38
AT,NL,6148
AT,NO,1736
AT,NZ,1948
AT,PA,130
AT,PE,370
AT,PH,532
AT,PL,4521
AT,PT,483
AT,RO,118
AT,RS,7389
AT,RU,2950
AT,SE,5401
AT,SI,3015
AT,SK,1122
AT,SV,11
AT,TJ,60
AT,TR,15322
AT,US,51174
AT,VE,779
AT,ZA,6418
AU,AD,69
AU,AG,5
AU,AR,276
AU,AT,2454
AU,BB,23
AU,BE,1490
AU,BG,295
AU,BN,560
AU,BO,254
AU,BR,746
AU,BS,87
AU,BT,29
AU,BW,392
AU,BY,26
AU,CA,32147
AU,CF,10
AU,CH,5862
AU,CL,2104
AU,CN,4051
AU,CR,79
AU,CY,3026
AU,CZ,455
AU,DE,13127
AU,DK,2995
AU,DM,5
AU,DO,42
AU,EC,389
AU,EE,164
AU,EG,471
AU,ES,5908
AU,FI,972
AU,FJ,1941
AU,FR,8203
AU,GB,141794
AU,GH,37
AU,GR,9229
AU,GT,75
AU,HR,1499
AU,HU,443
AU,ID,11400
AU,IE,8647
AU,IL,3294
AU,IN,3833
AU,IS,152
AU,IT,17482
AU,JO,252
AU,JP,11572
AU,KH,123
AU,KI,86
AU,KP,204
AU,KR,5603
AU,LA,218
AU,LC,9
AU,LI,9
AU,LK,473
AU,LT,53
AU,LU,268
AU,LV,85
AU,LY,797
AU,MN,248
AU,MT,13091
AU,MV,85
AU,MY,6157
AU,NA,560
AU,NL,10191
AU,NO,2524
AU,NR,44
AU,NZ,90752
AU,PA,334
AU,PE,1122
AU,PG,9220
AU,PH,4249
AU,PL,986
AU,PT,1158
AU,RO,13
AU,RS,822
AU,RU,541
AU,SB,271
AU,SC,51
AU,SE,4520
AU,SG,10147
AU,SI,329
AU,SK,102
AU,SV,26
AU,SZ,53
AU,TH,1471
AU,TL,554
AU,TR,2496
AU,US,118905
AU,VE,137
AU,VN,36
AU,VU,665
AU,WS,271
AU,ZA,5744
AU,ZM,324
AZ,AM,78560
AZ,AT,1358
AZ,AU,730
AZ,BE,272
AZ,BG,1929
AZ,BO,1
AZ,BY,13294
AZ,CA,5641
AZ,CH,605
AZ,CR,4
AZ,CY,34
AZ,CZ,1048
AZ,DE,22702
AZ,DK,318
AZ,EE,1187
AZ,EG,31
AZ,ES,925
AZ,FI,142
AZ,FR,5957
AZ,GB,2285
AZ,GE,6024
AZ,GR,232
AZ,HU,215
AZ,IE,63
AZ,IL,13245
AZ,IR,4788
AZ,IS,19
AZ,IT,1387
AZ,KG,4554
AZ,KZ,50911
AZ,LT,654
AZ,LU,179
AZ,LV,1463
AZ,MD,728
AZ,NL,775
AZ,NO,572
AZ,PL,349
AZ,PT,60
AZ,RO,5
AZ,RU,766918
AZ,SE,3235
AZ,SI,24
AZ,SK,14
AZ,TJ,168
AZ,TM,7596
AZ,TR,20529
AZ,UA,83673
AZ,US,23207
AZ,UZ,20201
BA,AT,162579
BA,AU,45941
BA,BE,667
BA,BG,164
BA,BO,10
BA,BR,86
BA,CA,32466
BA,CH,59317
BA,CY,66
BA,CZ,2046
BA,DE,188558
BA,DK,13878
BA,DO,5
BA,EE,2
BA,EG,61
BA,ES,2253
BA,FI,639
BA,FR,15621
BA,GB,9636
BA,GR,203
BA,HR,381100
BA,HU,153
BA,IE,836
BA,IS,277
BA,IT,37618
BA,JO,59
BA,LI,297
BA,LT,2
BA,LU,2551
BA,LV,8
BA,LY,351
BA,MK,8749
BA,MT,494
BA,NL,896
BA,NO,14336
BA,PL,4561
BA,PT,41
BA,RO,7
BA,RS,374653
BA,RU,514
BA,SE,55753
BA,SI,119619
BA,SK,104
BA,TR,2890
BA,US,112499
BA,VE,22
BB,AG,316
BB,AR,7
BB,AT,18
BB,AU,535
BB,BE,21
BB,BG,3
BB,BR,35
BB,BS,253
BB,CA,13392
BB,CR,14
BB,CZ,1
BB,DK,39
BB,DM,168
BB,EE,1
BB,ES,56
BB,FI,8
BB,GB,27210
BB,GD,180
BB,GR,3
BB,GY,157
BB,HU,1
BB,IE,21
BB,IT,202
BB,JM,541
BB,KN,99
BB,LC,403
BB,LU,6
BB,LV,1
BB,NL,340
BB,NO,25
BB,PA,37
BB,SE,109
BB,SV,40
BB,TT,1184
BB,US,56640
BB,VC,355
BB,VE,5
BD,AE,1095230
BD,AT,3203
BD,AU,49174
BD,BE,2505
BD,BG,539
BD,BH,115071
BD,BN,1343
BD,BO,30
BD,BR,5384
BD,BT,54
BD,CA,69211
BD,CH,2741
BD,CN,3116
BD,CR,3
BD,CY,1581
BD,CZ,439
BD,DE,11694
BD,DK,1550
BD,EE,199
BD,EG,255
BD,ES,20048
BD,FI,2325
BD,FJ,1396
BD,FR,17736
BD,GB,243365
BD,GR,1268
BD,HU,83
BD,IE,4210
BD,IN,2488471
BD,IS,7
BD,IT,128691
BD,JO,11693
BD,JP,15702
BD,KP,153
BD,KR,12102
BD,KW,380048
BD,LB,2582
BD,LI,5
BD,LK,672
BD,LT,39
BD,LU,133
BD,LV,12
BD,LY,1333
BD,MM,1066
BD,MT,22
BD,MU,8415
BD,MV,40390
BD,MY,415718
BD,NA,33
BD,NL,1560
BD,NO,1368
BD,NP,223
BD,NZ,2734
BD,OM,316467
BD,PA,51
BD,PH,166
BD,PL,130
BD,PT,1370
BD,QA,261672
BD,RO,6
BD,RU,469
BD,SA,1277625
BD,SC,223
BD,SE,9391
BD,SG,79857
BD,SI,19
BD,SK,4
BD,SV,5
BD,TH,1458
BD,TL,67
BD,UG,117
BD,US,256117
BD,VN,8325
BD,ZA,15542
BE,AD,229
BE,AR,541
BE,AT,2902
BE,AU,8111
BE,BG,2606
BE,BI,717
BE,BO,420
BE,BR,2151
BE,BS,30
BE,BY,35
BE,CA,19711
BE,CH,15569
BE,CL,1300
BE,CR,350
BE,CV,9
BE,CY,262
BE,CZ,521
BE,DE,32973
BE,DK,1960
BE,DO,266
BE,EC,895
BE,EE,201
BE,EG,564
BE,ES,46536
BE,FI,537
BE,FR,154547
BE,GA,499
BE,GB,31643
BE,GE,22
BE,GR,2350
BE,HN,25
BE,HR,351
BE,HU,916
BE,IE,2145
BE,IL,5922
BE,IS,173
BE,IT,34059
BE,JO,71
BE,JP,850
BE,LC,7
BE,LI,44
BE,LT,256
BE,LU,20169
BE,LV,91
BE,LY,720
BE,MA,1511
BE,MR,63
BE,MT,501
BE,MU,118
BE,NA,192
BE,NI,46
BE,NL,52402
BE,NO,1944
BE,PA,324
BE,PE,1168
BE,PH,565
BE,PL,3833
BE,PT,3288
BE,RO,165
BE,RS,222
BE,RU,470
BE,SC,36
BE,SE,2813
BE,SI,293
BE,SK,238
BE,SN,633
BE,SV,51
BE,TG,64
BE,TR,11754
BE,UG,36
BE,US,46613
BE,VE,370
BE,ZA,9052
BF,AR,11
BF,AT,153
BF,AU,55
BF,BE,1553
BF,BG,12
BF,BJ,11712
BF,BR,29
BF,CA,3795
BF,CH,345
BF,CI,1376349
BF,CZ,11
BF,DE,2061
BF,DK,106
BF,EG,64
BF,ES,1388
BF,FI,22
BF,FR,15104
BF,GA,7024
BF,GB,207
BF,GH,67431
BF,GN,672
BF,GR,15
BF,HU,4
BF,IE,9
BF,IT,9981
BF,LI,1
BF,LR,195
BF,LU,65
BF,ML,62291
BF,NA,73
BF,NE,24683
BF,NL,346
BF,NO,34
BF,RO,2
BF,RU,443
BF,SE,82
BF,SI,5
BF,SN,3078
BF,TG,13765
BG,AR,297
BG,AT,28181
BG,AU,4737
BG,BE,35100
BG,BO,26
BG,BR,301
BG,BS,21
BG,BY,59
BG,CA,22484
BG,CH,8737
BG,CL,345
BG,CR,86
BG,CU,11
BG,CY,6223
BG,CZ,9904
BG,DE,267829
BG,DK,8167
BG,DO,75
BG,EC,201
BG,EE,255
BG,EG,67
BG,ES,125331
BG,FI,2017
BG,FR,31013
BG,GB,103854
BG,GE,231
BG,GR,33715
BG,HR,285
BG,HU,512
BG,IE,2585
BG,IL,18501
BG,IS,479
BG,IT,70378
BG,JO,51
BG,LI,22
BG,LT,131
BG,LU,1594
BG,LV,86
BG,MD,113
BG,MK,1075
BG,MN,15
BG,MT,2729
BG,NA,30
BG,NI,62
BG,NL,25956
BG,NO,7495
BG,PA,87
BG,PE,126
BG,PL,2216
BG,PT,4964
BG,RO,411
BG,RS,1232
BG,RU,5836
BG,SE,9033
BG,SI,1329
BG,SK,591
BG,TR,729033
BG,UA,1760
BG,US,76547
BG,VE,133
BH,AE,1998
BH,AR,12
BH,AT,39
BH,AU,1871
BH,BD,29574
BH,BE,56
BH,BG,28
BH,BR,32
BH,CA,2959
BH,CR,1
BH,CY,107
BH,CZ,16
BH,DK,88
BH,DO,21
BH,EG,403
BH,ES,84
BH,FI,15
BH,GB,6617
BH,GR,9
BH,HU,13
BH,IE,106
BH,JO,427
BH,KW,1407
BH,LB,93
BH,LK,402
BH,LT,5
BH,LU,9
BH,LY,1032
BH,NA,49
BH,NL,181
BH,NO,34
BH,OM,1140
BH,PH,118
BH,PS,7900
BH,QA,776
BH,SE,104
BH,SK,3
BI,AT,96
BI,AU,2606
BI,BE,7942
BI,BG,17
BI,BR,26
BI,CA,10814
BI,CD,59146
BI,CH,290
BI,CY,1
BI,CZ,3
BI,DE,661
BI,DK,434
BI,DO,4
BI,EG,35
BI,ER,913
BI,ES,130
BI,ET,165
BI,FI,59
BI,FR,3375
BI,GA,166
BI,GB,4291
BI,GR,58
BI,HU,4
BI,IE,61
BI,IT,479
BI,KE,15098
BI,LU,92
BI,MW,10080
BI,MZ,8388
BI,NA,405
BI,NL,1848
BI,NO,1155
BI,RU,129
BI,RW,131064
BI,SE,3068
BI,SI,2
BI,SK,2
BI,SZ,469
BI,TZ,222115
BI,UG,50652
BI,ZA,7324
BI,ZM,7018
BJ,AT,109
BJ,AU,66
BJ,BE,1527
BJ,BF,4341
BJ,BG,28
BJ,BO,1
BJ,BR,33
BJ,CA,2659
BJ,CG,15094
BJ,CH,461
BJ,CI,70577
BJ,CM,2795
BJ,CR,1
BJ,CY,6
BJ,CZ,26
BJ,DE,2630
BJ,DK,42
BJ,EE,2
BJ,EG,35
BJ,ES,512
BJ,FI,15
BJ,FR,25085
BJ,GA,52460
BJ,GB,566
BJ,GH,19736
BJ,GR,2
BJ,HU,10
BJ,IE,41
BJ,IT,2479
BJ,LR,20
BJ,LU,122
BJ,LV,1
BJ,ML,1870
BJ,MR,604
BJ,NA,162
BJ,NE,22875
BJ,NG,377169
BJ,NL,260
BJ,NO,28
BJ,PT,29
BJ,RO,1
BJ,RU,92
BJ,SE,104
BJ,SK,2
BJ,TG,72330
BN,AR,1
BN,AT,8
BN,AU,3462
BN,BE,21
BN,BG,1
BN,BR,179
BN,CA,5801
BN,CY,1
BN,DK,6
BN,EG,68
BN,ES,24
BN,FI,3
BN,GB,5360
BN,IE,18
BN,IN,23530
BN,JO,24
BN,MY,7053
BN,NL,535
BN,NO,34
BN,PH,85
BN,SE,9
BN,TJ,22
BO,AR,423135
BO,AT,495
BO,AU,1224
BO,BE,1194
BO,BG,22
BO,BR,49288
BO,CA,6288
BO,CH,4477
BO,CL,117100
BO,CO,1130
BO,CR,443
BO,CU,46
BO,CY,9
BO,CZ,64
BO,DE,5042
BO,DK,384
BO,DO,177
BO,EC,1596
BO,EE,4
BO,ES,205596
BO,FI,131
BO,FR,4728
BO,GB,3232
BO,GR,9
BO,GT,145
BO,HN,149
BO,HR,29
BO,HU,19
BO,IE,20
BO,IS,14
BO,IT,15497
BO,LT,1
BO,LU,66
BO,LV,1
BO,MX,1743
BO,NI,66
BO,NL,906
BO,NO,598
BO,PA,542
BO,PE,28165
BO,PH,36
BO,PL,59
BO,PT,209
BO,PY,1092
BO,RO,7
BO,RU,82
BO,SE,4337
BO,SI,14
BO,SK,3
BO,SV,53
BO,US,82302
BO,VE,1854
BR,AR,49267
BR,AT,5946
BR,AU,45395
BR,BD,14629
BR,BE,15327
BR,BG,210
BR,BO,28612
BR,BS,129
BR,BY,90
BR,CA,64939
BR,CH,44874
BR,CL,18772
BR,CN,57601
BR,CO,4685
BR,CR,652
BR,CV,302
BR,CY,55
BR,CZ,760
BR,DE,59755
BR,DK,3739
BR,DO,672
BR,EC,2775
BR,EE,178
BR,EG,130
BR,ES,168352
BR,FI,1500
BR,FR,83359
BR,GB,44530
BR,GH,12
BR,GR,1031
BR,GT,258
BR,GY,1260
BR,HN,240
BR,HR,180
BR,HU,473
BR,IE,13442
BR,IL,9679
BR,IS,210
BR,IT,107899
BR,JO,105
BR,JP,204814
BR,KP,2841
BR,LC,6
BR,LI,202
BR,LT,75
BR,LU,3470
BR,LV,35
BR,LY,269
BR,MR,173
BR,MT,287
BR,MX,6907
BR,NA,557
BR,NI,125
BR,NL,19554
BR,NO,6439
BR,NZ,8340
BR,PA,2406
BR,PE,16458
BR,PH,172
BR,PL,322
BR,PT,129991
BR,PY,79897
BR,RO,23
BR,RS,85
BR,RU,431
BR,SE,8728
BR,SI,169
BR,SK,43
BR,SM,30
BR,SR,5565
BR,SV,245
BR,TL,63
BR,US,521226
BR,UY,14762
BR,VE,5680
BR,ZA,3456
BS,AG,1
BS,AT,22
BS,AU,345
BS,BB,47
BS,BE,11
BS,BG,3
BS,BR,18
BS,CA,2981
BS,CR,15
BS,CZ,1
BS,DK,16
BS,DM,12
BS,DO,39
BS,EC,50
BS,EG,14
BS,ES,76
BS,FI,5
BS,GB,3002
BS,GD,29
BS,GR,8
BS,GY,10
BS,HU,3
BS,IE,32
BS,IS,4
BS,JM,675
BS,KN,24
BS,LC,9
BS,LI,2
BS,LU,8
BS,NA,49
BS,NI,86
BS,NL,132
BS,NO,25
BS,SE,32
BS,US,38734
BT,AT,23
BT,AU,7629
BT,BE,249
BT,BG,24
BT,CA,4734
BT,CR,4
BT,CZ,2
BT,DK,511
BT,DO,8
BT,EE,2
BT,ES,11
BT,FI,2
BT,GB,339
BT,HU,5
BT,IE,6
BT,IN,9438
BT,LK,235
BT,LU,1
BT,NL,253
BT,NO,384
BT,NP,27502
BT,SE,33
BT,US,54490
BW,AT,22
BW,AU,1411
BW,BE,35
BW,BG,26
BW,BS,13
BW,CA,1547
BW,CY,6
BW,CZ,20
BW,DK,54
BW,ES,22
BW,FI,15
BW,GB,3508
BW,GR,2
BW,HU,3
BW,IE,101
BW,LS,198
BW,LU,1
BW,NA,689
BW,NL,220
BW,NO,122
BW,RU,26
BW,SE,123
BW,SK,1
BW,SZ,40
BW,TZ,125
BW,ZA,45013
BW,ZM,1131
BW,ZW,3866
BY,AM,304
BY,AR,307
BY,AT,2035
BY,AU,2491
BY,AZ,436
BY,BE,548
BY,BG,1110
BY,BO,5
BY,BR,10
BY,CA,9835
BY,CH,1604
BY,CR,8
BY,CY,340
BY,CZ,3953
BY,DE,23850
BY,DK,661
BY,EE,7414
BY,EG,279
BY,ES,6680
BY,FI,354
BY,GB,3656
BY,GE,1101
BY,GR,685
BY,HR,87
BY,HU,98
BY,IE,797
BY,IL,22466
BY,IS,64
BY,IT,18703
BY,KG,9683
BY,KZ,72761
BY,LI,3
BY,LT,32938
BY,LU,301
BY,LV,30603
BY,LY,811
BY,MD,2076
BY,MT,18
BY,NL,449
BY,NO,1247
BY,PL,99638
BY,PT,909
BY,RO,9
BY,RS,137
BY,RU,763880
BY,SE,3119
BY,SI,204
BY,SK,68
BY,TJ,678
BY,TM,2041
BY,TR,390
BY,UA,249642
BY,US,67706
BY,UZ,26330
BZ,AG,15
BZ,AR,6
BZ,AT,8
BZ,AU,92
BZ,BB,21
BZ,BE,11
BZ,BO,1007
BZ,BR,5
BZ,BS,45
BZ,CA,2867
BZ,CR,167
BZ,CZ,1
BZ,DK,5
BZ,ES,46
BZ,GB,2098
BZ,GR,1
BZ,GT,984
BZ,HN,372
BZ,IE,1
BZ,JM,7
BZ,NI,24
BZ,NL,22
BZ,NO,14
BZ,PA,103
BZ,SE,11
BZ,SV,344
BZ,US,49252
BZ,VE,19
CA,AG,454
CA,AL,850
CA,AR,535
CA,AT,2517
CA,AU,60252
CA,BB,695
CA,BE,4747
CA,BG,752
CA,BO,1535
CA,BR,2015
CA,BS,1679
CA,BT,38
CA,BW,185
CA,BY,152
CA,BZ,914
CA,CF,195
CA,CH,11238
CA,CL,2270
CA,CM,207
CA,CN,6691
CA,CO,1713
CA,CR,1689
CA,CU,24
CA,CY,1526
CA,CZ,668
CA,DE,18567
CA,DK,3259
CA,DM,186
CA,DO,1265
CA,EC,2448
CA,EE,154
CA,EG,636
CA,ES,6875
CA,FI,1302
CA,FR,24960
CA,GA,291
CA,GB,105892
CA,GD,225
CA,GH,323
CA,GR,5770
CA,GT,425
CA,GW,41
CA,GY,234
CA,HN,355
CA,HR,942
CA,HT,617
CA,HU,1038
CA,ID,2253
CA,IE,6979
CA,IL,8049
CA,IN,4254
CA,IS,336
CA,IT,25019
CA,JM,1339
CA,JO,326
CA,JP,10868
CA,KH,43
CA,KP,336
CA,KR,19435
CA,LC,245
CA,LI,16
CA,LK,250
CA,LR,43
CA,LT,36
CA,LU,733
CA,LV,132
CA,LY,3041
CA,MN,164
CA,MR,54
CA,MT,5318
CA,MU,35
CA,MV,100
CA,MX,10175
CA,NA,197
CA,NI,261
CA,NL,9400
CA,NO,3448
CA,NZ,15605
CA,PA,2172
CA,PE,5714
CA,PG,237
CA,PH,5922
CA,PL,3055
CA,PT,7006
CA,PY,2472
CA,RO,28
CA,RS,691
CA,RU,556
CA,SE,3849
CA,SG,4444
CA,SI,355
CA,SK,147
CA,SN,477
CA,SV,248
CA,SZ,17
CA,TG,47
CA,TH,779
CA,TJ,47
CA,TR,958
CA,TT,1972
CA,TZ,261
CA,UG,220
CA,US,966677
CA,UY,372
CA,VC,174
CA,VE,1071
CA,VN,1532
CA,WS,7
CA,ZA,6527
CA,ZM,247
CD,AO,90443
CD,AT,970
CD,AU,5103
CD,BE,81306
CD,BG,13
CD,BI,199584
CD,BJ,365
CD,BO,3
CD,BR,4375
CD,BW,1129
CD,CA,23592
CD,CF,18211
CD,CG,169268
CD,CH,1054
CD,CM,4750
CD,CR,3
CD,CY,692
CD,CZ,60
CD,DE,8235
CD,DK,1398
CD,EE,9
CD,EG,130
CD,ER,1475
CD,ES,1401
CD,ET,1469
CD,FI,1567
CD,FR,95084
CD,GA,8948
CD,GB,18540
CD,GH,34
CD,GN,237
CD,GR,2122
CD,HU,25
CD,IE,67
CD,IS,2
CD,IT,4145
CD,KE,43576
CD,LI,4
CD,LT,3
CD,LU,862
CD,LV,3
CD,LY,463
CD,ML,2611
CD,MR,97
CD,MW,27773
CD,MZ,11458
CD,NA,4334
CD,NI,48
CD,NL,4329
CD,NO,2877
CD,PH,33
CD,PT,1707
CD,RO,2
CD,RW,236656
CD,SD,10297
CD,SE,4481
CD,SI,7
CD,SK,2
CD,SN,378
CD,SS,93983
CD,SZ,676
CD,TD,352
CD,TG,656
CD,TH,16
CD,TZ,70736
CD,UG,397639
CD,US,61300
CD,ZA,61530
CD,ZM,50661
CF,AT,26
CF,AU,32
CF,BE,464
CF,BJ,602
CF,BO,72
CF,BR,13
CF,CA,2194
CF,CD,323269
CF,CG,32481
CF,CH,61
CF,CM,303005
CF,CR,6
CF,CY,14
CF,DK,24
CF,DO,140
CF,EG,56
CF,ES,224
CF,FI,6
CF,FR,20658
CF,GB,306
CF,GR,177
CF,HU,5
CF,IE,7
CF,IT,591
CF,LU,32
CF,ML,1299
CF,NL,64
CF,NO,27
CF,RU,89
CF,SD,25962
CF,SE,147
CF,SI,1
CF,SN,733
CF,SS,4690
CF,TD,101662
CF,TG,376
CG,AO,1060
CG,AR,41
CG,AT,314
CG,AU,1705
CG,BE,3690
CG,BG,25
CG,BJ,3388
CG,BO,7
CG,BR,100
CG,CA,5799
CG,CD,6241
CG,CH,6512
CG,CM,3439
CG,CR,8
CG,CZ,39
CG,DE,3962
CG,DK,339
CG,EE,4
CG,EG,72
CG,ES,2269
CG,FI,97
CG,FR,82489
CG,GA,16395
CG,GB,8027
CG,GN,394
CG,GR,646
CG,HU,25
CG,IE,3296
CG,IT,3074
CG,LT,5
CG,LU,279
CG,LY,429
CG,MA,2029
CG,ML,12288
CG,MW,1032
CG,NA,1168
CG,NL,781
CG,NO,261
CG,PH,561
CG,PL,139
CG,PT,473
CG,RO,4
CG,RU,578
CG,SE,818
CG,SI,2
CG,SK,5
CG,SN,3492
CG,SZ,71
CG,TD,981
CG,TG,258
CG,TZ,22287
CG,US,37793
CG,ZM,10460
CH,AD,86
CH,AR,800
CH,AT,14838
CH,AU,15874
CH,BE,5023
CH,BG,600
CH,BO,733
CH,BR,3789
CH,BS,326
CH,BT,24
CH,BY,27
CH,CA,19371
CH,CF,153
CH,CL,1466
CH,CO,782
CH,CR,805
CH,CV,12
CH,CY,379
CH,CZ,441
CH,DE,79323
CH,DK,2355
CH,DO,1088
CH,EC,2051
CH,EE,101
CH,EG,1372
CH,ES,58558
CH,FI,898
CH,FR,92271
CH,GB,23939
CH,GE,13
CH,GH,170
CH,GR,1696
CH,GT,165
CH,HN,61
CH,HR,2831
CH,HT,369
CH,HU,1313
CH,IE,724
CH,IL,3831
CH,IS,217
CH,IT,173934
CH,JO,199
CH,JP,1315
CH,LC,6
CH,LI,14437
CH,LK,290
CH,LR,24
CH,LT,95
CH,LU,1285
CH,LV,74
CH,LY,992
CH,MN,21
CH,MT,309
CH,MU,104
CH,MV,128
CH,MX,1655
CH,NA,446
CH,NI,87
CH,NL,6785
CH,NO,2495
CH,NZ,4327
CH,PA,439
CH,PE,1478
CH,PH,1097
CH,PL,1504
CH,PT,15530
CH,RO,40
CH,RS,3122
CH,RU,578
CH,SE,3774
CH,SI,1049
CH,SK,252
CH,SV,58
CH,TH,976
CH,TJ,49
CH,TR,12220
CH,US,48737
CH,VE,620
CH,ZA,2453
CI,AO,12644
CI,AR,1
CI,AT,310
CI,AU,670
CI,BE,6263
CI,BF,562117
CI,BG,16
CI,BJ,32035
CI,BO,3
CI,BR,420
CI,CA,16188
CI,CH,3512
CI,CR,3
CI,CV,6
CI,CZ,67
CI,DE,3833
CI,DK,393
CI,EE,5
CI,EG,803
CI,ES,5244
CI,FI,114
CI,FR,131730
CI,GA,3408
CI,GB,7080
CI,GH,74228
CI,GN,16623
CI,GR,55
CI,HU,20
CI,IE,172
CI,IT,28361
CI,LR,19715
CI,LT,1
CI,LU,416
CI,LV,1
CI,LY,637
CI,ML,195272
CI,MR,503
CI,NA,30
CI,NE,1810
CI,NL,1010
CI,NO,379
CI,PT,119
CI,RO,8
CI,RU,108
CI,SE,1028
CI,SK,2
CI,SL,162
CI,SN,12376
CI,TG,5798
CI,TH,16
CI,TN,686
CI,UG,52
CI,US,25062
CL,AD,228
CL,AR,215198
CL,AT,1333
CL,AU,35609
CL,BE,4065
CL,BG,27
CL,BO,5268
CL,BR,19596
CL,BS,36
CL,CA,31528
CL,CH,7510
CL,CO,4732
CL,CR,2085
CL,CU,68
CL,CY,47
CL,CZ,160
CL,DE,15023
CL,DK,1678
CL,DO,662
CL,EC,11859
CL,EE,22
CL,EG,26
CL,ES,58077
CL,FI,426
CL,FR,14685
CL,GB,8361
CL,GR,169
CL,GT,321
CL,HN,314
CL,HR,117
CL,HT,326
CL,HU,77
CL,IE,183
CL,IL,3338
CL,IS,98
CL,IT,11833
CL,LI,6
CL,LT,4
CL,LU,202
CL,LV,5
CL,ML,1792
CL,NA,32
CL,NI,132
CL,NL,3299
CL,NO,6885
CL,NZ,4274
CL,PA,2178
CL,PE,17614
CL,PH,97
CL,PL,58
CL,PT,186
CL,PY,2283
CL,RO,6
CL,RU,104
CL,SE,26277
CL,SI,36
CL,SK,6
CL,SV,232
CL,US,107123
CL,UY,1536
CL,VE,14390
CM,AT,764
CM,AU,520
CM,BE,19781
CM,BG,24
CM,BJ,2317
CM,BO,14
CM,BR,174
CM,CA,27423
CM,CG,11225
CM,CH,7393
CM,CR,12
CM,CY,1931
CM,CZ,84
CM,DE,18826
CM,DK,684
CM,DO,22
CM,EC,45
CM,EE,59
CM,EG,126
CM,ES,7398
CM,FI,855
CM,FR,107809
CM,GA,50906
CM,GB,8890
CM,GH,132
CM,GN,328
CM,GQ,957
CM,GR,687
CM,HU,110
CM,IE,453
CM,IS,3
CM,IT,10440
CM,LI,3
CM,LT,28
CM,LU,1152
CM,LV,3
CM,ML,2084
CM,MR,429
CM,NA,122
CM,NE,530
CM,NG,52488
CM,NL,1686
CM,NO,836
CM,PL,50
CM,PT,67
CM,RO,13
CM,RU,332
CM,SE,1559
CM,SI,17
CM,SK,3
CM,SN,1926
CM,TD,35635
CM,TG,702
CM,TN,758
CM,US,82825
CM,ZA,3038
CM,ZM,299
CN,AG,139
CN,AR,14537
CN,AT,17122
CN,AU,639626
CN,BB,43
CN,BD,159619
CN,BE,20073
CN,BG,1550
CN,BN,2239
CN,BO,1254
CN,BR,24632
CN,BS,183
CN,BT,949
CN,BW,4777
CN,BZ,2322
CN,CA,918482
CN,CG,917
CN,CH,25175
CN,CL,15688
CN,CO,1584
CN,CR,348
CN,CU,42
CN,CV,22
CN,CY,1626
CN,CZ,4420
CN,DE,121250
CN,DK,11795
CN,DM,38
CN,DO,3942
CN,EC,3061
CN,EE,357
CN,EG,771
CN,ER,117
CN,ES,227115
CN,FI,9224
CN,FJ,946
CN,FR,134517
CN,GA,344
CN,GB,209598
CN,GE,74
CN,GH,266
CN,GN,342
CN,GR,1530
CN,GT,706
CN,GY,675
CN,HN,608
CN,HR,417
CN,HT,341
CN,HU,6329
CN,ID,76027
CN,IE,16602
CN,IL,702
CN,IN,108008
CN,IS,589
CN,IT,192444
CN,JO,20896
CN,JP,775893
CN,KG,262
CN,KH,1627
CN,KP,29248
CN,KR,803011
CN,KZ,2274
CN,LA,14338
CN,LB,2057
CN,LC,50
CN,LI,113
CN,LK,2481
CN,LS,221
CN,LT,192
CN,LU,4008
CN,LV,275
CN,LY,3282
CN,MG,2193
CN,MH,318
CN,ML,4035
CN,MM,35103
CN,MN,11419
CN,MR,172
CN,MT,1076
CN,MU,2981
CN,MX,9756
CN,MY,12024
CN,NA,3252
CN,NI,145
CN,NL,63463
CN,NO,13974
CN,NP,19428
CN,NR,227
CN,NZ,145415
CN,PA,22427
CN,PE,31931
CN,PG,85
CN,PH,38269
CN,PK,311
CN,PL,1470
CN,PT,10019
CN,PW,487
CN,PY,844
CN,RO,236
CN,RS,1796
CN,RU,56137
CN,SB,191
CN,SC,521
CN,SD,1535
CN,SE,31829
CN,SG,426434
CN,SI,1059
CN,SK,303
CN,SN,285
CN,SR,5447
CN,SV,262
CN,TG,521
CN,TH,77280
CN,TJ,45
CN,TL,939
CN,TO,115
CN,TR,2097
CN,TT,961
CN,UA,6666
CN,UG,341
CN,US,2272296
CN,VE,13071
CN,VN,3167
CN,WS,46
CN,ZA,6957
CN,ZM,1241
CO,AR,8723
CO,AT,2060
CO,AU,28776
CO,BE,6796
CO,BG,68
CO,BO,3302
CO,BR,8700
CO,BS,204
CO,CA,82886
CO,CH,15328
CO,CL,163405
CO,CR,25530
CO,CU,42
CO,CY,124
CO,CZ,282
CO,DE,20733
CO,DK,2986
CO,DO,2962
CO,EC,203471
CO,EE,42
CO,EG,59
CO,ES,470578
CO,FI,968
CO,FR,39772
CO,GB,25624
CO,GR,187
CO,GT,1243
CO,HN,886
CO,HR,41
CO,HT,816
CO,HU,120
CO,IL,2802
CO,IS,242
CO,IT,38969
CO,JO,24
CO,LI,43
CO,LT,18
CO,LU,480
CO,LV,9
CO,MX,20149
CO,NI,466
CO,NL,27503
CO,NO,6359
CO,NZ,2769
CO,PA,50702
CO,PE,14183
CO,PH,131
CO,PL,164
CO,PT,626
CO,RO,6
CO,RU,204
CO,SE,11802
CO,SI,67
CO,SK,16
CO,SV,585
CO,US,830732
CO,VE,917754
CR,AR,124
CR,AT,212
CR,AU,585
CR,BE,326
CR,BG,7
CR,BO,161
CR,BR,490
CR,BS,56
CR,CA,7432
CR,CH,891
CR,CL,1040
CR,CO,1828
CR,CY,1
CR,CZ,105
CR,DE,1781
CR,DK,158
CR,DO,320
CR,EC,1026
CR,EE,9
CR,ES,5140
CR,FI,57
CR,GB,861
CR,GR,17
CR,GT,1248
CR,HN,879
CR,HT,267
CR,HU,35
CR,IE,12
CR,IS,18
CR,IT,1854
CR,JM,101
CR,LI,4
CR,LU,27
CR,MX,3414
CR,NI,11281
CR,NL,828
CR,NO,329
CR,PA,9319
CR,PE,640
CR,PH,40
CR,PL,45
CR,RO,3
CR,RU,30
CR,SE,442
CR,SI,3
CR,SK,4
CR,SV,889
CR,US,98957
CR,VE,1060
CU,AG,19
CU,AR,1116
CU,AT,982
CU,AU,1078
CU,BB,57
CU,BE,1807
CU,BG,301
CU,BO,1970
CU,BR,14798
CU,BS,429
CU,BY,42
CU,CA,21736
CU,CG,531
CU,CH,3767
CU,CL,23213
CU,CO,2534
CU,CR,6909
CU,CV,88
CU,CY,34
CU,CZ,320
CU,DE,13645
CU,DK,459
CU,DM,11
CU,DO,3402
CU,EC,3130
CU,EE,24
CU,ES,152661
CU,FI,430
CU,GB,3222
CU,GE,12
CU,GR,164
CU,GT,708
CU,HN,625
CU,HT,1185
CU,HU,223
CU,IE,107
CU,IS,61
CU,IT,31189
CU,JM,1824
CU,LC,79
CU,LI,9
CU,LT,15
CU,LU,167
CU,LV,34
CU,MX,13495
CU,NA,710
CU,NI,984
CU,NL,2249
CU,NO,1135
CU,PA,2193
CU,PE,3171
CU,PL,294
CU,PT,1604
CU,RO,11
CU,RS,29
CU,RU,2224
CU,SC,42
CU,SE,2738
CU,SI,90
CU,SK,35
CU,SV,129
CU,TL,27
CU,TT,2412
CU,UG,15
CU,US,1347526
CU,VE,10769
CU,ZA,1687
CV,AO,9216
CV,AR,24
CV,AT,52
CV,AU,47
CV,BE,859
CV,BG,6
CV,BO,141
CV,BR,1515
CV,CA,223
CV,CH,2285
CV,CI,375
CV,CZ,11
CV,DK,28
CV,DO,3
CV,ES,5274
CV,FI,9
CV,FR,31053
CV,GB,999
CV,GR,5
CV,GW,402
CV,HU,6
CV,IE,3
CV,IS,62
CV,IT,7721
CV,LU,6635
CV,MZ,6820
CV,NL,10245
CV,NO,416
CV,PH,139
CV,PT,57347
CV,RO,3
CV,RU,43
CV,SE,383
CV,SI,3
CV,SN,817
CV,ST,1221
CV,TG,39
CV,US,48588
CY,AR,46
CY,AT,334
CY,AU,22074
CY,BE,519
CY,BG,1479
CY,BO,2
CY,CA,3154
CY,CF,8
CY,CH,262
CY,CR,3
CY,CZ,87
CY,DE,2340
CY,DK,226
CY,EE,35
CY,EG,86
CY,ES,462
CY,FI,159
CY,GB,61438
CY,GR,9877
CY,HU,109
CY,IE,377
CY,IS,6
CY,IT,386
CY,JO,131
CY,LK,249
CY,LT,48
CY,LU,135
CY,LV,44
CY,MT,131
CY,NL,922
CY,NO,216
CY,PL,112
CY,PT,25
CY,RO,54
CY,RS,175
CY,RU,715
CY,SE,797
CY,SI,9
CY,SK,40
CY,TR,8347
CY,US,1824
CY,VE,13
CZ,AR,1810
CZ,AT,35755
CZ,AU,16469
CZ,BE,749
CZ,BG,1533
CZ,BO,57
CZ,BR,566
CZ,BY,93
CZ,CA,27411
CZ,CH,16113
CZ,CU,22
CZ,CY,682
CZ,DE,510790
CZ,DK,1604
CZ,DO,28
CZ,EC,327
CZ,EE,216
CZ,EG,201
CZ,ES,8057
CZ,FI,262
CZ,FR,8023
CZ,GB,45850
CZ,GE,32
CZ,GR,2040
CZ,HR,892
CZ,HU,538
CZ,IE,7951
CZ,IS,712
CZ,IT,10069
CZ,JO,23
CZ,LI,63
CZ,LT,115
CZ,LU,989
CZ,LV,116
CZ,MD,181
CZ,MK,52
CZ,MN,17
CZ,MT,242
CZ,NA,77
CZ,NL,1140
CZ,NO,2288
CZ,NZ,2759
CZ,PA,44
CZ,PE,168
CZ,PL,5730
CZ,PT,241
CZ,RO,30
CZ,RS,642
CZ,RU,11249
CZ,SE,2113
CZ,SI,354
CZ,SK,22412
CZ,TR,1101
CZ,US,48748
CZ,VE,353
DE,AD,364
DE,AG,85
DE,AM,631
DE,AR,9332
DE,AT,224263
DE,AU,132458
DE,AZ,270
DE,BA,516
DE,BE,76363
DE,BG,12587
DE,BO,2251
DE,BR,20626
DE,BS,309
DE,BT,27
DE,BW,336
DE,BY,64
DE,BZ,75
DE,CA,154009
DE,CG,573
DE,CH,348546
DE,CL,7474
DE,CM,341
DE,CO,2156
DE,CR,2237
DE,CU,106
DE,CV,70
DE,CY,2634
DE,CZ,11292
DE,DK,30037
DE,DM,29
DE,DO,1937
DE,DZ,761
DE,EC,4605
DE,EE,1809
DE,EG,7771
DE,ES,172708
DE,FI,5365
DE,FR,194649
DE,GA,86
DE,GB,312371
DE,GE,629
DE,GR,52133
DE,GT,686
DE,HN,297
DE,HR,31782
DE,HT,883
DE,HU,12727
DE,IE,18855
DE,IL,27585
DE,IN,2382
DE,IS,2276
DE,IT,189784
DE,JO,719
DE,JP,7478
DE,KG,1771
DE,KH,39
DE,KR,2120
DE,LB,159
DE,LC,47
DE,LI,1912
DE,LK,559
DE,LR,162
DE,LT,2002
DE,LU,15943
DE,LV,1597
DE,LY,7503
DE,MA,1553
DE,MD,701
DE,MK,41
DE,MN,194
DE,MT,2968
DE,MU,136
DE,MV,272
DE,MX,7277
DE,NA,9494
DE,NI,313
DE,NL,105166
DE,NO,29116
DE,NZ,24953
DE,PA,1280
DE,PE,9733
DE,PH,4029
DE,PL,93162
DE,PT,25866
DE,PY,1797
DE,RO,1096
DE,RS,18273
DE,RU,141947
DE,SC,85
DE,SE,48007
DE,SI,8632
DE,SK,1432
DE,SN,360
DE,SV,231
DE,TG,201
DE,TH,2387
DE,TJ,132
DE,TM,1028
DE,TN,1537
DE,TR,325380
DE,TT,280
DE,TZ,861
DE,UA,1098
DE,UG,194
DE,US,1164059
DE,UY,1651
DE,UZ,8543
DE,VE,3968
DE,WS,35
DE,ZA,16557
DE,ZM,341
DJ,AT,7
DJ,AU,192
DJ,BE,1368
DJ,BG,2
DJ,CA,2968
DJ,CY,1
DJ,CZ,2
DJ,DK,14
DJ,EG,371
DJ,ES,21
DJ,ET,3439
DJ,FI,9
DJ,FR,8843
DJ,GB,455
DJ,GR,16
DJ,HU,1
DJ,LU,10
DJ,LY,1519
DJ,NL,106
DJ,NO,62
DJ,SE,419
DJ,SN,381
DK,AD,119
DK,AR,262
DK,AT,1319
DK,AU,11324
DK,BE,2310
DK,BG,556
DK,BO,118
DK,BR,626
DK,BS,15
DK,BT,38
DK,BW,344
DK,BY,195
DK,CA,14492
DK,CH,5385
DK,CR,84
DK,CY,166
DK,CZ,271
DK,DE,24442
DK,DO,25
DK,EC,191
DK,EE,169
DK,EG,302
DK,ES,10393
DK,FI,876
DK,FR,4931
DK,GB,27662
DK,GR,417
DK,GT,427
DK,HR,94
DK,HU,228
DK,IE,1285
DK,IL,1937
DK,IS,3671
DK,IT,2539
DK,JO,49
DK,JP,712
DK,LI,16
DK,LT,573
DK,LU,1492
DK,LV,184
DK,LY,821
DK,MT,394
DK,NA,117
DK,NI,52
DK,NL,3519
DK,NO,26640
DK,NZ,2298
DK,PA,177
DK,PE,457
DK,PH,468
DK,PL,939
DK,PT,378
DK,RO,72
DK,RS,280
DK,RU,229
DK,SE,37555
DK,SI,60
DK,SK,75
DK,TH,665
DK,TJ,128
DK,TR,3956
DK,UG,143
DK,US,33641
DK,VE,135
DK,ZA,3004
DM,AG,4963
DM,AR,3
DM,AT,37
DM,AU,19
DM,BB,339
DM,BE,187
DM,BO,3
DM,BR,26
DM,BS,80
DM,CA,2262
DM,CH,71
DM,CR,7
DM,CZ,1
DM,DK,12
DM,DO,15
DM,ES,838
DM,FI,5
DM,FR,8360
DM,GB,10422
DM,GD,73
DM,GR,8
DM,GY,25
DM,HU,1
DM,IS,2
DM,IT,343
DM,JM,138
DM,KN,207
DM,LC,248
DM,LU,2
DM,NL,1617
DM,NO,24
DM,PA,68
DM,SE,42
DM,SK,2
DM,US,35123
DM,VC,86
DO,AG,1864
DO,AR,689
DO,AT,3106
DO,AU,236
DO,BE,2889
DO,BG,57
DO,BO,128
DO,BR,1275
DO,BS,310
DO,CA,14011
DO,CH,12886
DO,CL,32806
DO,CO,1046
DO,CR,1317
DO,CU,15
DO,CY,8
DO,CZ,61
DO,DE,10367
DO,DK,169
DO,EC,369
DO,EE,4
DO,ES,206866
DO,FI,162
DO,GB,6262
DO,GR,268
DO,GT,115
DO,HN,137
DO,HT,2376
DO,HU,22
DO,IE,10
DO,IS,57
DO,IT,38901
DO,LC,35
DO,LI,91
DO,LU,478
DO,MX,3054
DO,NI,70
DO,NL,21186
DO,NO,990
DO,PA,9711
DO,PE,341
DO,PL,19
DO,PT,130
DO,RO,8
DO,SE,808
DO,SI,177
DO,SK,6
DO,SV,72
DO,US,1204117
DO,VE,13898
DZ,AR,103
DZ,AT,1523
DZ,AU,1885
DZ,BE,25603
DZ,BG,460
DZ,BO,3
DZ,BR,232
DZ,BY,51
DZ,CA,82030
DZ,CH,11262
DZ,CR,14
DZ,CU,8
DZ,CY,34
DZ,CZ,503
DZ,DE,22189
DZ,DK,811
DZ,EC,50
DZ,EE,25
DZ,EG,889
DZ,ES,74962
DZ,FI,784
DZ,FR,1381927
DZ,GA,108
DZ,GB,23541
DZ,GE,17
DZ,GH,14
DZ,GR,181
DZ,HR,50
DZ,HU,319
DZ,IE,764
DZ,IL,53230
DZ,IS,60
DZ,IT,20454
DZ,JO,346
DZ,LI,5
DZ,LT,10
DZ,LU,1040
DZ,LV,14
DZ,LY,3829
DZ,MA,14497
DZ,ML,553
DZ,MR,1787
DZ,MT,155
DZ,NA,504
DZ,NE,587
DZ,NI,116
DZ,NL,3546
DZ,NO,1318
DZ,PE,33
DZ,PH,489
DZ,PL,742
DZ,PT,212
DZ,RO,20
DZ,RS,53
DZ,RU,777
DZ,SE,3158
DZ,SI,43
DZ,SK,27
DZ,TJ,128
DZ,TN,11060
DZ,US,30021
DZ,VE,89
EC,AR,963
EC,AT,767
EC,AU,3029
EC,BE,6293
EC,BG,28
EC,BO,1115
EC,BR,2195
EC,BS,44
EC,CA,15886
EC,CH,8189
EC,CL,38683
EC,CO,19180
EC,CR,1526
EC,CU,47
EC,CY,6
EC,CZ,77
EC,DE,7964
EC,DK,524
EC,DO,604
EC,EE,19
EC,EG,11
EC,ES,486859
EC,FI,177
EC,FR,6876
EC,GB,7788
EC,GR,39
EC,GT,178
EC,HN,471
EC,HU,77
EC,IE,48
EC,IS,50
EC,IT,123541
EC,LI,12
EC,LT,4
EC,LU,189
EC,LV,2
EC,MX,3469
EC,NI,116
EC,NL,2375
EC,NO,857
EC,PA,3201
EC,PE,12795
EC,PH,486
EC,PL,57
EC,PT,428
EC,RO,9
EC,RU,238
EC,SE,2420
EC,SI,11
EC,SK,11
EC,SV,126
EC,US,453328
EC,VE,34858
EE,AR,49
EE,AT,549
EE,AU,4057
EE,AZ,462
EE,BE,906
EE,BG,103
EE,BO,6
EE,BR,231
EE,BS,15
EE,BY,3194
EE,CA,2534
EE,CH,712
EE,CR,3
EE,CY,26
EE,CZ,175
EE,DE,10988
EE,DK,1197
EE,EG,25
EE,ES,2571
EE,FI,37312
EE,GB,13043
EE,GE,121
EE,GR,60
EE,HR,17
EE,HU,60
EE,IE,3597
EE,IS,182
EE,IT,1426
EE,KG,557
EE,KZ,1171
EE,LI,1
EE,LT,800
EE,LU,556
EE,LV,2095
EE,NL,1154
EE,NO,4874
EE,PE,29
EE,PL,255
EE,PT,124
EE,RO,4
EE,RU,58718
EE,SE,9475
EE,SI,18
EE,SK,17
EE,UA,10392
EE,VE,47
EG,AE,899611
EG,AG,9
EG,AR,240
EG,AT,14232
EG,AU,46491
EG,BE,4806
EG,BG,359
EG,BH,94637
EG,BO,20
EG,BR,3957
EG,BS,31
EG,CA,76254
EG,CF,38
EG,CH,6477
EG,CR,13
EG,CY,5284
EG,CZ,712
EG,DE,22242
EG,DK,1572
EG,EC,88
EG,EE,123
EG,ES,5737
EG,FI,1162
EG,FR,33078
EG,GB,37073
EG,GH,43
EG,GR,12680
EG,GT,33
EG,HR,232
EG,HU,774
EG,IE,692
EG,IL,22228
EG,IQ,14498
EG,IS,39
EG,IT,97837
EG,JO,101340
EG,JP,1959
EG,KW,421024
EG,LB,70643
EG,LI,19
EG,LK,132
EG,LT,79
EG,LU,324
EG,LV,61
EG,LY,22419
EG,MA,2005
EG,MK,1971
EG,ML,848
EG,MR,245
EG,MT,1411
EG,MV,37
EG,NA,180
EG,NL,13308
EG,NO,1391
EG,NZ,1846
EG,OM,88262
EG,PA,87
EG,PE,35
EG,PH,170
EG,PL,555
EG,PS,21588
EG,PT,385
EG,QA,183544
EG,RO,23
EG,RS,77
EG,RU,1058
EG,SA,962432
EG,SD,18566
EG,SE,7651
EG,SI,138
EG,SK,53
EG,SS,5277
EG,TN,1207
EG,TR,885
EG,US,245335
EG,VE,174
EG,YE,7739
EG,ZA,5564
EG,ZM,200
ER,AE,19335
ER,AT,344
ER,AU,5275
ER,BE,2285
ER,BG,13
ER,BH,2033
ER,CA,22478
ER,CH,26358
ER,CY,1
ER,CZ,5
ER,DE,54095
ER,DK,4526
ER,EG,18232
ER,ES,279
ER,ET,191256
ER,FI,672
ER,GB,16012
ER,GR,593
ER,HU,14
ER,IE,47
ER,IQ,811
ER,IS,3
ER,IT,13698
ER,JO,73
ER,KE,1851
ER,KW,5127
ER,LI,16
ER,LT,28
ER,LU,656
ER,LV,4
ER,LY,5501
ER,MT,2023
ER,NL,13700
ER,NO,23604
ER,PL,30
ER,QA,5880
ER,RO,2
ER,SD,220960
ER,SE,39701
ER,SI,57
ER,SO,35
ER,SS,3402
ER,UG,14499
ER,US,57234
ER,VE,26
ER,YE,1936
ER,ZA,688
ES,AD,22195
ES,AG,13
ES,AR,99006
ES,AT,7296
ES,AU,20022
ES,BE,46511
ES,BG,7450
ES,BO,13568
ES,BR,39028
ES,BS,117
ES,BY,32
ES,CA,11962
ES,CH,65473
ES,CL,21018
ES,CO,17121
ES,CR,2595
ES,CU,506
ES,CV,150
ES,CY,154
ES,CZ,978
ES,DE,158172
ES,DK,6409
ES,DO,7272
ES,EC,7814
ES,EE,531
ES,EG,416
ES,FI,2386
ES,FR,242416
ES,GB,154021
ES,GE,17
ES,GQ,1536
ES,GR,548
ES,GT,1417
ES,HN,536
ES,HR,175
ES,HT,1281
ES,HU,928
ES,IE,10181
ES,IL,1912
ES,IS,943
ES,IT,25749
ES,JO,305
ES,JP,3417
ES,LI,266
ES,LK,36
ES,LR,50
ES,LT,793
ES,LU,5278
ES,LV,166
ES,LY,775
ES,MA,4419
ES,MR,90
ES,MT,453
ES,MU,26
ES,MX,24727
ES,NA,358
ES,NI,480
ES,NL,26594
ES,NO,7553
ES,PA,4446
ES,PE,12094
ES,PH,1389
ES,PL,2269
ES,PT,15330
ES,PY,955
ES,RO,2217
ES,RS,159
ES,RU,1391
ES,SC,24
ES,SE,11512
ES,SI,184
ES,SK,313
ES,SN,1644
ES,SV,542
ES,TR,257
ES,UG,49
ES,US,158136
ES,UY,19374
ES,VE,70318
ES,ZA,1744
ET,AE,11048
ET,AG,91
ET,AR,31
ET,AT,1332
ET,AU,15609
ET,BE,4920
ET,BG,65
ET,BH,1159
ET,BO,2
ET,BR,12
ET,BY,23
ET,CA,32211
ET,CH,8201
ET,CR,1
ET,CY,80
ET,CZ,79
ET,DE,19646
ET,DJ,12578
ET,DK,1887
ET,EE,10
ET,EG,16255
ET,ER,95
ET,ES,2283
ET,FI,1928
ET,FR,11248
ET,GB,15374
ET,GH,32
ET,GR,1127
ET,HU,70
ET,IE,200
ET,IL,88380
ET,IS,82
ET,IT,18585
ET,JO,75
ET,KE,32115
ET,KW,3898
ET,LI,9
ET,LT,2
ET,LU,228
ET,LY,1952
ET,MT,1034
ET,NA,220
ET,NI,82
ET,NL,15677
ET,NO,9759
ET,NZ,1520
ET,PL,49
ET,PT,27
ET,QA,1697
ET,RO,3
ET,RU,269
ET,SA,164250
ET,SD,70173
ET,SE,19425
ET,SI,15
ET,SK,9
ET,SO,21765
ET,SS,13110
ET,SZ,28
ET,TH,2
ET,UG,3010
ET,US,313349
ET,VE,32
ET,YE,16040
ET,ZA,43642
FI,AR,72
FI,AT,1706
FI,AU,10396
FI,BE,2506
FI,BG,211
FI,BO,43
FI,BR,655
FI,BY,2079
FI,CA,9687
FI,CH,5681
FI,CL,333
FI,CR,25
FI,CY,497
FI,CZ,271
FI,DE,15211
FI,DK,3318
FI,DO,28
FI,EC,131
FI,EE,4353
FI,EG,249
FI,ES,13080
FI,FR,3365
FI,GB,21137
FI,GE,12
FI,GR,367
FI,HR,37
FI,HU,332
FI,IE,1272
FI,IL,305
FI,IS,239
FI,IT,2682
FI,JP,841
FI,KG,111
FI,LI,9
FI,LK,60
FI,LT,155
FI,LU,1076
FI,LV,114
FI,LY,886
FI,MN,2
FI,MT,235
FI,NA,81
FI,NL,3401
FI,NO,7388
FI,PA,55
FI,PE,132
FI,PH,119
FI,PL,311
FI,PT,323
FI,RO,14
FI,RS,33
FI,RU,2206
FI,SE,138849
FI,SI,42
FI,SK,51
FI,TR,1487
FI,US,21674
FI,VE,68
FJ,AR,1
FJ,AT,25
FJ,AU,78370
FJ,BE,23
FJ,CA,26046
FJ,CR,2
FJ,CY,1
FJ,CZ,4
FJ,DK,25
FJ,ES,20
FJ,FI,7
FJ,GB,6438
FJ,HU,2
FJ,IE,16
FJ,IN,779
FJ,IT,7
FJ,KI,531
FJ,LU,4
FJ,MH,116
FJ,NL,66
FJ,NO,42
FJ,NR,105
FJ,NZ,64271
FJ,PG,83
FJ,SB,101
FJ,SE,63
FJ,TO,469
FJ,TV,55
FJ,US,48967
FJ,VU,234
FJ,WS,110
FM,AR,4
FM,AT,1
FM,AU,35
FM,CA,197
FM,ES,37
FM,MH,246
FM,PW,409
FM,US,34161
FR,AD,4194
FR,AE,18142
FR,AG,127
FR,AR,8239
FR,AT,8853
FR,AU,44595
FR,BA,162
FR,BE,177466
FR,BG,3020
FR,BH,1912
FR,BI,357
FR,BJ,4910
FR,BO,1378
FR,BR,13034
FR,BS,150
FR,BT,30
FR,CA,171685
FR,CF,10137
FR,CG,10251
FR,CH,168026
FR,CL,9000
FR,CM,5376
FR,CO,3180
FR,CR,1065
FR,CU,68
FR,CV,211
FR,CY,926
FR,CZ,2452
FR,DE,137323
FR,DK,6620
FR,DM,284
FR,DO,4061
FR,DZ,543
FR,EC,2366
FR,EE,702
FR,EG,2874
FR,ER,380
FR,ES,203850
FR,FI,2095
FR,GA,16146
FR,GB,173837
FR,GE,39
FR,GH,254
FR,GN,1178
FR,GQ,5482
FR,GR,3086
FR,GT,296
FR,GW,80
FR,HN,145
FR,HR,1655
FR,HT,434
FR,HU,1723
FR,IE,14621
FR,IL,41967
FR,IN,1734
FR,IS,956
FR,IT,107722
FR,JO,396
FR,JP,13550
FR,KH,294
FR,KM,1324
FR,KR,2608
FR,KW,5218
FR,LB,87
FR,LC,484
FR,LI,130
FR,LK,301
FR,LR,51
FR,LT,490
FR,LU,40160
FR,LV,209
FR,LY,5364
FR,MA,38063
FR,MC,7790
FR,MG,9923
FR,ML,7785
FR,MN,85
FR,MT,1296
FR,MU,1519
FR,MV,124
FR,MX,10575
FR,NA,560
FR,NI,154
FR,NL,28328
FR,NO,6876
FR,NZ,10515
FR,OM,3377
FR,PA,1217
FR,PE,7436
FR,PH,1281
FR,PL,31529
FR,PT,87542
FR,PY,663
FR,QA,1079
FR,RO,784
FR,RS,5936
FR,RU,2564
FR,SB,31
FR,SC,242
FR,SE,10472
FR,SI,1342
FR,SK,730
FR,SM,30
FR,SN,9460
FR,SV,216
FR,TD,1216
FR,TG,798
FR,TH,1369
FR,TN,9152
FR,TR,10365
FR,UG,208
FR,US,266698
FR,UY,560
FR,VE,3626
FR,VN,215
FR,VU,817
FR,WS,6
FR,ZA,8895
FR,ZM,84
GA,AT,44
GA,AU,69
GA,BE,721
GA,BG,9
GA,BJ,7905
GA,BR,38
GA,CA,1247
GA,CG,3139
GA,CH,57
GA,CM,1228
GA,CR,2
GA,CV,7
GA,CZ,7
GA,DE,492
GA,DK,7
GA,ES,268
GA,FI,11
GA,FR,28747
GA,GB,324
GA,GN,407
GA,GQ,307
GA,GR,2
GA,HU,2
GA,IE,3
GA,IT,433
GA,LU,75
GA,ML,13867
GA,MR,91
GA,NL,79
GA,NO,12
GA,PT,512
GA,RO,1
GA,SE,30
GA,SN,4854
GA,ST,210
GA,TD,400
GA,TG,903
GB,AD,1135
GB,AE,29191
GB,AG,2384
GB,AR,965
GB,AT,11320
GB,AU,1252329
GB,BB,2564
GB,BD,32820
GB,BE,20990
GB,BG,12103
GB,BH,3062
GB,BN,2239
GB,BO,1006
GB,BR,6281
GB,BS,3855
GB,BT,34
GB,BW,1315
GB,BY,453
GB,BZ,463
GB,CA,523772
GB,CH,43241
GB,CL,3192
GB,CM,295
GB,CN,7061
GB,CO,1686
GB,CR,784
GB,CU,32
GB,CV,53
GB,CY,36629
GB,CZ,4044
GB,DE,101087
GB,DK,17435
GB,DM,915
GB,DO,762
GB,DZ,782
GB,EC,2309
GB,EE,964
GB,EG,3169
GB,ER,48
GB,ES,262621
GB,FI,5008
GB,FJ,348
GB,FR,167111
GB,GD,23
GB,GE,32
GB,GH,1594
GB,GR,8168
GB,GT,238
GB,GY,337
GB,HN,194
GB,HR,628
GB,HU,5367
GB,ID,32912
GB,IE,348421
GB,IL,22861
GB,IN,10999
GB,IS,1685
GB,IT,58907
GB,JM,4831
GB,JO,813
GB,JP,18205
GB,KH,97
GB,KI,6
GB,KN,695
GB,KP,309
GB,KR,5848
GB,KW,10190
GB,LB,179
GB,LC,803
GB,LI,66
GB,LK,1193
GB,LR,203
GB,LT,6370
GB,LU,5275
GB,LV,2776
GB,LY,7718
GB,MA,1308
GB,ML,1356
GB,MN,106
GB,MT,31495
GB,MU,459
GB,MV,110
GB,MW,1081
GB,MX,3881
GB,MY,11424
GB,NA,1797
GB,NI,72
GB,NL,49733
GB,NO,20516
GB,NZ,286956
GB,OM,11975
GB,PA,2422
GB,PE,5326
GB,PG,1622
GB,PH,4555
GB,PL,7294
GB,PT,17643
GB,PY,187
GB,QA,6868
GB,RO,1136
GB,RS,760
GB,RU,1786
GB,SB,38
GB,SC,295
GB,SE,27211
GB,SI,658
GB,SK,2208
GB,SL,332
GB,SV,90
GB,TH,2147
GB,TJ,312
GB,TR,25010
GB,TT,2628
GB,TZ,944
GB,UG,998
GB,US,907667
GB,UY,541
GB,VC,829
GB,VE,1699
GB,VN,1178
GB,VU,114
GB,WS,21
GB,ZA,66857
GB,ZM,1584
GB,ZW,12704
GD,AG,199
GD,AR,11
GD,AT,17
GD,AU,157
GD,BB,391
GD,BE,5
GD,BR,34
GD,BS,35
GD,CA,12569
GD,CR,10
GD,DK,9
GD,ES,10
GD,FI,1
GD,GB,12653
GD,GY,111
GD,HU,1
GD,IE,16
GD,JM,207
GD,KN,57
GD,LC,160
GD,LU,2
GD,ML,431
GD,NL,289
GD,NO,17
GD,PA,30
GD,SE,36
GD,TT,8913
GD,US,38603
GD,VC,449
GD,VE,151
GE,AM,37921
GE,AT,3580
GE,AU,757
GE,AZ,48816
GE,BE,643
GE,BG,492
GE,BO,2
GE,BR,81
GE,BY,8380
GE,CA,2671
GE,CH,629
GE,CR,14
GE,CY,15553
GE,CZ,951
GE,DE,21482
GE,DK,203
GE,EE,1275
GE,ES,20034
GE,FI,89
GE,FR,17982
GE,GB,2443
GE,GR,38287
GE,HU,130
GE,IE,330
GE,IL,9053
GE,IS,52
GE,IT,18102
GE,KG,3183
GE,KZ,3445
GE,LI,2
GE,LT,471
GE,LU,91
GE,LV,957
GE,MD,595
GE,MT,116
GE,NL,415
GE,NO,348
GE,PA,68
GE,PL,507
GE,PT,997
GE,RO,9
GE,RS,47
GE,RU,449973
GE,SE,1807
GE,SI,33
GE,SK,21
GE,TJ,664
GE,TR,8991
GE,UA,65475
GE,US,24357
GE,VE,11
GH,AG,32
GH,AT,2253
GH,AU,7121
GH,BE,9739
GH,BF,33487
GH,BG,30
GH,BJ,15204
GH,BO,15
GH,BR,2459
GH,BS,49
GH,CA,20357
GH,CH,2597
GH,CI,111709
GH,CR,1
GH,CV,43
GH,CY,82
GH,CZ,268
GH,DE,28443
GH,DK,1847
GH,EC,39
GH,EE,46
GH,EG,235
GH,ES,20776
GH,FI,1416
GH,FR,7335
GH,GA,6391
GH,GB,131962
GH,GN,678
GH,GR,261
GH,HU,99
GH,IE,659
GH,IS,125
GH,IT,40961
GH,JO,26
GH,JP,2376
GH,LC,16
GH,LR,7524
GH,LS,162
GH,LT,7
GH,LU,62
GH,LV,5
GH,LY,655
GH,ML,5857
GH,MR,223
GH,MT,200
GH,NA,149
GH,NE,2145
GH,NG,238283
GH,NL,12627
GH,NO,2151
GH,PH,35
GH,PL,45
GH,PT,178
GH,RO,12
GH,RS,28
GH,RU,314
GH,SE,2994
GH,SI,32
GH,SK,6
GH,SL,1042
GH,SN,1004
GH,TG,47232
GH,US,205860
GH,VE,30
GH,ZA,8078
GH,ZM,214
GM,AT,732
GM,AU,133
GM,BE,867
GM,BG,9
GM,CA,1035
GM,CH,805
GM,CI,7437
GM,CV,4
GM,CZ,7
GM,DE,14859
GM,DK,552
GM,EC,33
GM,EE,2
GM,EG,28
GM,ES,26175
GM,FI,694
GM,FR,3454
GM,GB,10080
GM,GH,1890
GM,GN,2546
GM,GR,21
GM,GW,1093
GM,HU,4
GM,IE,72
GM,IS,20
GM,IT,7238
GM,LR,630
GM,LU,71
GM,LV,1
GM,ML,1451
GM,NA,87
GM,NL,899
GM,NO,1286
GM,PT,103
GM,RO,5
GM,SE,5034
GM,SI,19
GM,SK,2
GM,SL,773
GM,SN,36533
GM,TG,1069
GM,US,19259
GN,AO,18142
GN,AR,1
GN,AT,444
GN,AU,808
GN,BE,15900
GN,BG,9
GN,BO,8
GN,BR,74
GN,CA,6281
GN,CH,1601
GN,CI,167516
GN,CM,5331
GN,CV,435
GN,CZ,51
GN,DE,9614
GN,DK,99
GN,EE,2
GN,EG,144
GN,ES,14992
GN,FI,86
GN,FR,61097
GN,GA,4999
GN,GB,1722
GN,GH,159
GN,GM,45215
GN,GR,79
GN,GW,3611
GN,HU,20
GN,IE,62
GN,IS,23
GN,IT,5910
GN,LR,26978
GN,LT,1
GN,LU,392
GN,MA,1062
GN,ML,41960
GN,MR,3397
GN,NA,53
GN,NL,2120
GN,NO,307
GN,PL,73
GN,PT,4304
GN,RO,11
GN,RU,202
GN,SE,599
GN,SI,6
GN,SK,1
GN,TG,3367
GN,US,20067
GQ,AT,7
GQ,BE,111
GQ,BR,69
GQ,CA,817
GQ,CG,1570
GQ,CM,3911
GQ,DK,5
GQ,ES,23847
GQ,FI,7
GQ,FR,861
GQ,GA,87410
GQ,GB,223
GQ,GR,3
GQ,HU,1
GQ,IS,22
GQ,IT,837
GQ,LU,7
GQ,ML,941
GQ,NL,43
GQ,NO,14
GQ,PT,220
GQ,RO,6
GQ,RU,102
GQ,SE,49
GQ,SN,541
GQ,ST,130
GQ,TG,107
GR,AL,29643
GR,AM,1015
GR,AR,1025
GR,AT,6527
GR,AU,130876
GR,BE,16994
GR,BG,8061
GR,BO,29
GR,BR,1956
GR,BS,95
GR,BY,105
GR,CA,51786
GR,CH,14872
GR,CM,220
GR,CR,40
GR,CY,24147
GR,CZ,800
GR,DE,333486
GR,DK,2993
GR,DO,65
GR,EC,74
GR,EE,126
GR,EG,1284
GR,ES,5067
GR,FI,1302
GR,FR,13532
GR,GB,75954
GR,GE,163
GR,HR,136
GR,HU,486
GR,IE,830
GR,IL,3065
GR,IS,175
GR,IT,17661
GR,JO,60
GR,LI,48
GR,LK,89
GR,LT,96
GR,LU,2954
GR,LV,38
GR,LY,2792
GR,MD,443
GR,MK,234
GR,MT,229
GR,NL,16645
GR,NO,3444
GR,PA,389
GR,PE,111
GR,PH,162
GR,PL,2985
GR,PT,177
GR,RO,309
GR,RS,985
GR,RU,1951
GR,SE,17753
GR,SI,113
GR,SK,150
GR,TR,89417
GR,UG,33
GR,US,139478
GR,VE,690
GR,ZA,10721
GT,AR,96
GT,AT,417
GT,AU,624
GT,BE,831
GT,BG,5
GT,BO,158
GT,BR,369
GT,BS,36
GT,BZ,26767
GT,CA,18958
GT,CH,854
GT,CL,620
GT,CO,857
GT,CR,3191
GT,CU,18
GT,CZ,35
GT,DE,1972
GT,DK,205
GT,DO,446
GT,EC,449
GT,EE,8
GT,EG,8
GT,ES,13151
GT,FI,66
GT,GB,969
GT,GR,13
GT,HN,4711
GT,HU,11
GT,IE,162
GT,IS,38
GT,IT,1743
GT,JM,308
GT,LC,1
GT,LU,112
GT,LV,1
GT,MX,45908
GT,NI,1843
GT,NL,766
GT,NO,485
GT,PA,1924
GT,PE,308
GT,PH,35
GT,PT,27
GT,RO,3
GT,SE,801
GT,SI,1
GT,SK,1
GT,SV,9037
GT,US,1014009
GT,VE,401
GW,AT,93
GW,AU,13
GW,BE,339
GW,BG,3
GW,BJ,806
GW,BR,1199
GW,CA,17
GW,CH,497
GW,CI,421
GW,CV,5332
GW,CZ,14
GW,DK,89
GW,EG,93
GW,ES,6418
GW,FI,6
GW,FR,6586
GW,GB,1829
GW,GM,13807
GW,GN,4364
GW,HU,3
GW,IS,2
GW,IT,1649
GW,LR,402
GW,LU,1418
GW,LY,329
GW,ML,414
GW,MR,1315
GW,NL,218
GW,NO,70
GW,PT,27089
GW,RO,6
GW,RU,129
GW,SE,142
GW,SI,7
GW,SL,850
GW,SN,22525
GW,TG,130
GY,AG,6812
GY,AT,19
GY,AU,751
GY,BB,6668
GY,BE,94
GY,BG,4
GY,BO,5
GY,BR,2407
GY,BS,1431
GY,CA,72374
GY,CR,34
GY,CZ,3
GY,DK,79
GY,DM,192
GY,DO,23
GY,EE,2
GY,ES,99
GY,FI,11
GY,FR,4635
GY,GB,32006
GY,GD,365
GY,GR,3
GY,HU,3
GY,IE,34
GY,IS,24
GY,KN,805
GY,LC,2111
GY,LT,1
GY,LU,10
GY,NL,4306
GY,NO,94
GY,PA,57
GY,PL,35
GY,SE,121
GY,SR,13557
GY,TT,10923
GY,US,278394
GY,VC,248
GY,VE,8623
HN,AG,5
HN,AR,66
HN,AT,119
HN,AU,357
HN,BE,302
HN,BG,4
HN,BO,257
HN,BR,160
HN,BS,44
HN,BZ,9785
HN,CA,7471
HN,CH,670
HN,CL,510
HN,CO,690
HN,CR,4708
HN,CY,1
HN,CZ,27
HN,DE,1349
HN,DK,124
HN,DO,442
HN,EC,487
HN,EE,8
HN,ES,109818
HN,FI,73
HN,GB,2757
HN,GR,23
HN,GT,9023
HN,HU,3
HN,IE,13
HN,IS,65
HN,IT,2212
HN,JM,162
HN,LT,1
HN,LU,23
HN,MX,36738
HN,NI,13110
HN,NL,489
HN,NO,138
HN,PA,1797
HN,PE,311
HN,RO,5
HN,SE,376
HN,SI,2
HN,SK,1
HN,SV,11878
HN,US,686390
HN,VE,276
HR,AR,995
HR,AT,45048
HR,AU,76121
HR,BA,11955
HR,BE,522
HR,BG,124
HR,BO,41
HR,BR,726
HR,CA,31086
HR,CH,18756
HR,CL,363
HR,CR,28
HR,CY,83
HR,CZ,1229
HR,DE,327901
HR,DK,1832
HR,EC,84
HR,EE,34
HR,EG,102
HR,ES,2447
HR,FI,230
HR,FR,8726
HR,GB,8664
HR,GR,199
HR,HU,818
HR,IE,660
HR,IS,693
HR,IT,32377
HR,JO,25
HR,LI,115
HR,LT,33
HR,LU,816
HR,LV,5
HR,MK,1439
HR,ML,1142
HR,MT,217
HR,NL,694
HR,NO,5032
HR,NZ,1932
HR,PA,122
HR,PE,170
HR,PL,980
HR,PT,77
HR,RO,14
HR,RS,304231
HR,RU,319
HR,SE,10476
HR,SI,49386
HR,SK,282
HR,US,40737
HR,VE,385
HT,AG,33
HT,AR,40
HT,AT,104
HT,AU,139
HT,BB,32
HT,BE,1908
HT,BG,4
HT,BO,16
HT,BR,32797
HT,BS,29628
HT,BZ,60
HT,CA,104566
HT,CH,1654
HT,CL,228049
HT,CR,85
HT,CU,54
HT,CY,1
HT,CZ,6
HT,DE,1487
HT,DK,132
HT,DM,2535
HT,DO,496112
HT,EC,100
HT,ES,981
HT,FI,8
HT,FR,112398
HT,GB,16222
HT,GR,16
HT,GT,13
HT,HN,43
HT,HU,3
HT,IE,3
HT,IS,8
HT,IT,561
HT,LC,23
HT,LK,36
HT,LU,72
HT,MX,5787
HT,NI,22
HT,NL,7216
HT,NO,53
HT,PA,651
HT,PE,89
HT,SE,141
HT,SI,1
HT,SK,1
HT,US,714575
HT,VE,1790
HU,AR,822
HU,AT,76290
HU,AU,23364
HU,BA,148
HU,BE,7765
HU,BG,390
HU,BO,31
HU,BR,1937
HU,BY,335
HU,CA,41582
HU,CH,29370
HU,CL,261
HU,CR,89
HU,CU,9
HU,CY,349
HU,CZ,1115
HU,DE,188167
HU,DK,4576
HU,DO,20
HU,EC,226
HU,EE,177
HU,EG,133
HU,ES,10480
HU,FI,1873
HU,GB,83196
HU,GE,47
HU,GR,802
HU,HR,981
HU,IE,10729
HU,IL,14570
HU,IS,491
HU,IT,11980
HU,JO,590
HU,LB,129
HU,LI,79
HU,LT,134
HU,LU,1696
HU,LV,135
HU,LY,359
HU,MD,109
HU,MK,80
HU,MN,10
HU,MT,431
HU,NL,14188
HU,NO,4425
HU,NZ,1768
HU,PA,69
HU,PE,118
HU,PH,258
HU,PL,1826
HU,PT,388
HU,RO,371
HU,RS,1879
HU,RU,16831
HU,SE,15769
HU,SI,472
HU,SK,3969
HU,UG,7
HU,US,69576
HU,VE,966
ID,AE,318811
ID,AR,21
ID,AT,1389
ID,AU,90923
ID,BD,149901
ID,BE,3381
ID,BG,64
ID,BH,33493
ID,BN,6717
ID,BO,10
ID,BR,924
ID,BS,34
ID,CA,20035
ID,CH,3394
ID,CL,317
ID,CN,30811
ID,CR,20
ID,CY,170
ID,CZ,225
ID,DE,18441
ID,DK,1053
ID,DZ,1418
ID,EC,68
ID,EE,28
ID,EG,2897
ID,ES,2503
ID,FI,565
ID,FR,6705
ID,GB,10802
ID,GR,207
ID,GT,43
ID,HR,23
ID,HU,201
ID,IE,165
ID,IN,1317
ID,IS,150
ID,IT,2466
ID,JO,19026
ID,JP,57169
ID,KH,111
ID,KP,1444
ID,KR,50117
ID,KW,107954
ID,LB,2313
ID,LI,9
ID,LK,323
ID,LT,11
ID,LU,112
ID,LV,2
ID,LY,13944
ID,MT,63
ID,MY,1241634
ID,NA,93
ID,NL,100430
ID,NO,1762
ID,NZ,7625
ID,OM,74738
ID,PA,161
ID,PE,77
ID,PG,13592
ID,PH,3515
ID,PK,380
ID,PL,138
ID,PT,244
ID,QA,43839
ID,RO,6
ID,RS,31
ID,RU,161
ID,SA,1709317
ID,SB,67
ID,SC,143
ID,SE,2652
ID,SG,159685
ID,SI,62
ID,SK,12
ID,TH,697
ID,TL,4113
ID,US,102171
ID,VE,55
ID,VN,8288
ID,ZA,1465
IE,AR,65
IE,AT,1242
IE,AU,87742
IE,BE,3196
IE,BG,386
IE,BO,86
IE,BR,217
IE,BS,59
IE,BW,626
IE,BY,23
IE,CA,24752
IE,CF,10
IE,CH,4061
IE,CR,34
IE,CY,784
IE,CZ,437
IE,DE,13241
IE,DK,1787
IE,DO,33
IE,EC,207
IE,EE,240
IE,EG,95
IE,ES,13951
IE,FI,517
IE,FR,10346
IE,GB,378768
IE,GR,274
IE,HR,48
IE,HU,730
IE,IS,130
IE,IT,4194
IE,JO,51
IE,JP,1415
IE,LC,15
IE,LI,18
IE,LT,1722
IE,LU,1335
IE,LV,700
IE,MN,7
IE,MT,819
IE,MU,49
IE,NA,60
IE,NI,24
IE,NL,5616
IE,NO,1190
IE,NZ,11369
IE,PA,110
IE,PE,400
IE,PG,41
IE,PH,458
IE,PL,678
IE,PT,1499
IE,RO,135
IE,RS,51
IE,RU,173
IE,SE,2666
IE,SI,45
IE,SK,361
IE,SV,11
IE,TR,471
IE,US,133595
IE,VE,57
IL,AR,562
IL,AT,2144
IL,AU,13203
IL,BE,3178
IL,BG,824
IL,BO,201
IL,BR,2555
IL,BY,380
IL,CA,35462
IL,CH,3337
IL,CL,962
IL,CR,203
IL,CY,388
IL,CZ,517
IL,DE,14138
IL,DK,1417
IL,DO,64
IL,EC,542
IL,EE,74
IL,EG,710
IL,ES,3307
IL,FI,617
IL,FR,8527
IL,GA,14
IL,GB,19947
IL,GE,30
IL,GH,52
IL,GR,320
IL,GT,140
IL,HN,91
IL,HR,49
IL,HU,668
IL,IE,285
IL,IS,48
IL,IT,2243
IL,JO,1577
IL,LB,347
IL,LI,3
IL,LK,54
IL,LT,141
IL,LU,221
IL,LV,81
IL,MD,392
IL,ML,1559
IL,MT,32
IL,MX,2127
IL,NA,113
IL,NL,5282
IL,NO,913
IL,PA,1338
IL,PE,962
IL,PH,651
IL,PL,377
IL,PS,62926
IL,PT,309
IL,RO,184
IL,RS,108
IL,RU,3646
IL,SE,2565
IL,SI,50
IL,SK,55
IL,SV,42
IL,TR,2366
IL,UA,3812
IL,US,167470
IL,VE,440
IN,AE,3471300
IN,AG,80
IN,AR,97
IN,AT,14439
IN,AU,575868
IN,BB,469
IN,BD,33761
IN,BE,24156
IN,BG,553
IN,BH,365098
IN,BN,3357
IN,BO,118
IN,BR,1118
IN,BS,641
IN,BT,46974
IN,BW,5649
IN,BY,46
IN,BZ,670
IN,CA,873644
IN,CH,18027
IN,CL,1712
IN,CN,6953
IN,CR,64
IN,CY,2800
IN,CZ,2757
IN,DE,92083
IN,DK,11882
IN,DM,26
IN,DO,97
IN,EC,238
IN,EE,537
IN,EG,1250
IN,ER,102
IN,ES,58828
IN,FI,5449
IN,FJ,1321
IN,FR,58556
IN,GB,842023
IN,GE,30
IN,GH,1000
IN,GR,4378
IN,HR,61
IN,HU,1118
IN,ID,12589
IN,IE,25875
IN,IL,18568
IN,IQ,234
IN,IS,376
IN,IT,208249
IN,JM,1147
IN,JO,5945
IN,JP,35937
IN,KH,101
IN,KP,369
IN,KR,6172
IN,KW,1152175
IN,LB,1311
IN,LC,215
IN,LI,27
IN,LK,10839
IN,LR,631
IN,LS,419
IN,LT,523
IN,LU,2608
IN,LV,1001
IN,LY,5167
IN,MG,1752
IN,MM,27325
IN,MN,117
IN,MT,792
IN,MU,8778
IN,MV,14597
IN,MW,1770
IN,MX,2152
IN,MY,148096
IN,MZ,2455
IN,NA,705
IN,NI,25
IN,NL,37280
IN,NO,15135
IN,NP,426941
IN,NZ,123532
IN,OM,1375667
IN,PA,5383
IN,PE,2672
IN,PG,156
IN,PH,11322
IN,PK,1597134
IN,PL,1076
IN,PT,7431
IN,QA,702014
IN,RO,21
IN,RS,299
IN,RU,5696
IN,SA,2502337
IN,SC,6628
IN,SD,1764
IN,SE,33070
IN,SG,144970
IN,SI,225
IN,SK,42
IN,SL,877
IN,SN,285
IN,SS,1448
IN,SV,12
IN,TH,9245
IN,TJ,619
IN,TO,177
IN,TR,336
IN,TT,1064
IN,TZ,7135
IN,UA,3880
IN,UG,3277
IN,US,2673399
IN,VE,242
IN,VN,2043
IN,ZA,29963
IN,ZM,5709
IQ,AM,1088
IQ,AR,36
IQ,AT,14775
IQ,AU,85985
IQ,BE,19874
IQ,BG,1388
IQ,BO,10
IQ,BR,646
IQ,CA,86047
IQ,CH,9992
IQ,CR,18
IQ,CY,1304
IQ,CZ,424
IQ,DE,193584
IQ,DK,17808
IQ,DO,27
IQ,DZ,7440
IQ,EC,71
IQ,EE,47
IQ,EG,20043
IQ,ES,3000
IQ,FI,14285
IQ,FR,13008
IQ,GB,71045
IQ,GR,7516
IQ,HR,75
IQ,HU,509
IQ,IE,590
IQ,IL,70119
IQ,IN,672
IQ,IR,54445
IQ,IS,250
IQ,IT,4411
IQ,JO,206047
IQ,LB,102320
IQ,LI,10
IQ,LK,39
IQ,LT,52
IQ,LU,962
IQ,LV,40
IQ,LY,73094
IQ,MA,1849
IQ,MR,122
IQ,MT,246
IQ,MY,1318
IQ,NL,38683
IQ,NO,24206
IQ,NZ,5988
IQ,OM,12283
IQ,PE,34
IQ,PH,76
IQ,PK,234
IQ,PL,531
IQ,PT,213
IQ,RO,59
IQ,RS,177
IQ,RU,984
IQ,SA,6075
IQ,SE,135191
IQ,SI,112
IQ,SK,50
IQ,SY,203004
IQ,TH,84
IQ,TJ,59
IQ,TN,676
IQ,TR,190616
IQ,US,254081
IQ,VE,73
IQ,YE,9988
IR,AM,8097
IR,AR,137
IR,AT,23202
IR,AU,71398
IR,AZ,1460
IR,BE,11102
IR,BG,475
IR,BO,68
IR,BR,678
IR,BY,47
IR,CA,197655
IR,CH,13618
IR,CR,119
IR,CY,1226
IR,CZ,594
IR,DE,130279
IR,DK,13840
IR,DO,30
IR,EC,199
IR,EE,159
IR,EG,151
IR,ES,10263
IR,FI,5977
IR,FR,24885
IR,GB,84097
IR,GE,120
IR,GR,2083
IR,GT,17
IR,HR,44
IR,HU,1464
IR,IE,578
IR,IL,55019
IR,IN,2193
IR,IQ,14540
IR,IS,162
IR,IT,16595
IR,JO,92
IR,JP,5411
IR,LI,13
IR,LK,105
IR,LT,57
IR,LU,1003
IR,LV,34
IR,LY,439
IR,MT,87
IR,NA,31
IR,NL,29360
IR,NO,18889
IR,NR,356
IR,NZ,4901
IR,PA,99
IR,PE,107
IR,PH,623
IR,PK,2149
IR,PL,285
IR,PT,614
IR,RO,59
IR,RS,65
IR,RU,2010
IR,SE,72636
IR,SI,155
IR,SK,38
IR,SV,18
IR,TH,13
IR,TJ,1200
IR,TM,1888
IR,TR,85825
IR,UA,2169
IR,US,411653
IR,VE,84
IR,YE,7
IS,AR,8
IS,AT,199
IS,AU,628
IS,BE,216
IS,BG,30
IS,BO,2
IS,BR,612
IS,CA,915
IS,CH,138
IS,CR,2
IS,CY,31
IS,CZ,27
IS,DE,1843
IS,DK,7181
IS,EE,32
IS,ES,1332
IS,FI,140
IS,GB,2385
IS,GR,23
IS,HU,53
IS,IE,47
IS,IT,280
IS,LT,56
IS,LU,386
IS,LV,40
IS,NL,477
IS,NO,8003
IS,PE,26
IS,PH,56
IS,PL,64
IS,PT,25
IS,RO,4
IS,RU,42
IS,SE,5623
IS,SI,3
IS,SK,25
IS,US,11767
IT,AD,491
IT,AG,74
IT,AL,8344
IT,AR,153824
IT,AT,32943
IT,AU,207040
IT,BA,106
IT,BE,113147
IT,BG,3994
IT,BO,1588
IT,BR,47193
IT,BS,168
IT,BT,12
IT,BW,545
IT,BY,22
IT,CA,221468
IT,CF,70
IT,CH,258210
IT,CL,4636
IT,CM,590
IT,CO,3224
IT,CR,2557
IT,CU,371
IT,CV,430
IT,CY,488
IT,CZ,3054
IT,DE,593398
IT,DK,7994
IT,DO,4375
IT,DZ,725
IT,EC,4020
IT,EE,921
IT,EG,4206
IT,ES,140144
IT,FI,2353
IT,FR,286011
IT,GB,255934
IT,GE,17
IT,GH,269
IT,GR,2889
IT,GT,395
IT,HN,265
IT,HR,2954
IT,HT,1208
IT,HU,2166
IT,IE,10352
IT,IL,5200
IT,IS,547
IT,JO,309
IT,JP,4494
IT,KH,14
IT,LC,12
IT,LI,861
IT,LK,5169
IT,LR,43
IT,LT,598
IT,LU,17652
IT,LV,250
IT,LY,7141
IT,MA,2045
IT,MC,5978
IT,MD,3225
IT,MK,36
IT,MN,22
IT,MR,57
IT,MT,4720
IT,MU,147
IT,MV,177
IT,MX,6367
IT,NA,864
IT,NI,198
IT,NL,30206
IT,NO,5176
IT,NZ,3792
IT,PA,1587
IT,PE,7748
IT,PH,1842
IT,PL,6752
IT,PT,2590
IT,PY,947
IT,RO,2883
IT,RS,2166
IT,RU,1895
IT,SC,123
IT,SE,12378
IT,SI,4909
IT,SK,876
IT,SM,4749
IT,SN,3795
IT,SV,286
IT,TH,636
IT,TN,2343
IT,TR,1716
IT,TZ,511
IT,UG,338
IT,US,401121
IT,UY,8744
IT,VE,48148
IT,ZA,27467
JM,AG,4173
JM,AR,10
JM,AT,215
JM,AU,1474
JM,BB,1004
JM,BE,434
JM,BG,6
JM,BO,7
JM,BR,173
JM,BS,8042
JM,BZ,561
JM,CA,145057
JM,CH,639
JM,CR,260
JM,CU,37
JM,CY,14
JM,CZ,15
JM,DE,2146
JM,DK,135
JM,DM,129
JM,DO,137
JM,EC,38
JM,EE,2
JM,ES,330
JM,FI,66
JM,GB,145543
JM,GD,117
JM,GR,4
JM,GY,173
JM,HN,27
JM,HU,11
JM,IE,154
JM,IS,21
JM,IT,34
JM,KN,144
JM,LC,374
JM,LI,1
JM,LU,28
JM,LV,2
JM,NI,19
JM,NL,5086
JM,NO,188
JM,PA,830
JM,PT,23
JM,SE,385
JM,SI,8
JM,SK,4
JM,SV,10
JM,TT,1661
JM,US,795921
JM,VC,126
JM,VE,89
JO,AE,168968
JO,AR,73
JO,AT,923
JO,AU,7672
JO,BE,1290
JO,BG,293
JO,BH,17769
JO,BO,18
JO,BR,1339
JO,BY,28
JO,CA,13310
JO,CH,580
JO,CR,14
JO,CY,448
JO,CZ,143
JO,DE,12011
JO,DK,1070
JO,DZ,2217
JO,EC,72
JO,EE,20
JO,EG,5276
JO,ES,2698
JO,FI,273
JO,FR,1670
JO,GB,5937
JO,GR,353
JO,HN,40
JO,HR,62
JO,HU,298
JO,ID,12590
JO,IE,142
JO,IQ,10431
JO,IS,27
JO,IT,1733
JO,KW,54689
JO,LB,407
JO,LI,5
JO,LK,276
JO,LT,8
JO,LU,44
JO,LV,3
JO,LY,21782
JO,MT,115
JO,NI,27
JO,NL,1313
JO,NO,627
JO,OM,21869
JO,PA,141
JO,PE,69
JO,PH,186
JO,PL,168
JO,PS,59543
JO,PT,177
JO,QA,32809
JO,RO,16
JO,RS,99
JO,RU,814
JO,SA,240605
JO,SE,4576
JO,SI,74
JO,SK,15
JO,TR,1146
JO,UA,3775
JO,US,94733
JO,VE,186
JP,AG,19
JP,AR,4496
JP,AT,2762
JP,AU,54663
JP,BD,13494
JP,BE,4499
JP,BG,220
JP,BN,220
JP,BO,1849
JP,BR,62296
JP,BS,36
JP,BT,132
JP,CA,42564
JP,CH,6943
JP,CL,969
JP,CN,5293
JP,CO,689
JP,CR,338
JP,CY,83
JP,CZ,1187
JP,DE,31618
JP,DK,1734
JP,DO,359
JP,EC,766
JP,EE,116
JP,EG,1158
JP,ES,6910
JP,FI,1158
JP,FM,46
JP,FR,20801
JP,GA,29
JP,GB,49588
JP,GH,63
JP,GR,239
JP,GT,157
JP,HN,141
JP,HR,50
JP,HT,213
JP,HU,734
JP,ID,19879
JP,IE,692
JP,IN,1797
JP,IS,114
JP,IT,7479
JP,JO,104
JP,KH,132
JP,KP,214
JP,KR,22467
JP,LC,7
JP,LI,18
JP,LK,849
JP,LT,22
JP,LU,549
JP,LV,19
JP,LY,1073
JP,ML,738
JP,MN,444
JP,MT,135
JP,MU,8
JP,MV,118
JP,MX,4115
JP,MY,19079
JP,NA,117
JP,NI,40
JP,NL,6104
JP,NO,1585
JP,NZ,17575
JP,PA,446
JP,PE,6376
JP,PG,258
JP,PH,14634
JP,PL,626
JP,PT,298
JP,PW,142
JP,PY,2148
JP,RO,13
JP,RS,39
JP,RU,1024
JP,SB,28
JP,SE,3312
JP,SI,99
JP,SK,40
JP,SV,53
JP,TH,8481
JP,TO,65
JP,TR,2139
JP,UG,170
JP,US,558919
JP,VE,337
JP,VN,1942
JP,WS,38
JP,ZM,123
KE,AR,2
KE,AT,1208
KE,AU,24941
KE,BE,1590
KE,BG,27
KE,BI,1227
KE,BO,14
KE,BR,56
KE,BS,21
KE,BW,1210
KE,CA,28538
KE,CH,3250
KE,CR,9
KE,CY,82
KE,CZ,90
KE,DE,14027
KE,DK,1550
KE,EE,16
KE,EG,137
KE,ER,305
KE,ES,2186
KE,FI,1237
KE,GB,140276
KE,GH,16
KE,GR,208
KE,HU,90
KE,IE,630
KE,IN,7734
KE,IS,95
KE,IT,3713
KE,KM,74
KE,LI,9
KE,LT,8
KE,LU,104
KE,LV,3
KE,LY,355
KE,MT,97
KE,MZ,24780
KE,NA,1162
KE,NL,3042
KE,NO,2375
KE,NZ,1955
KE,PH,55
KE,PL,67
KE,PT,94
KE,RO,2
KE,RU,449
KE,RW,2575
KE,SC,414
KE,SD,3561
KE,SE,4226
KE,SI,31
KE,SK,6
KE,SS,9801
KE,TZ,24275
KE,UG,34240
KE,US,175270
KE,ZA,19199
KE,ZM,660
KG,AT,944
KG,AU,612
KG,AZ,2438
KG,BE,365
KG,BG,237
KG,BO,6
KG,BY,5156
KG,CA,3228
KG,CH,397
KG,CY,23
KG,CZ,834
KG,DE,78643
KG,DK,51
KG,EE,387
KG,EG,62
KG,ES,451
KG,FI,66
KG,GB,780
KG,GE,250
KG,GR,249
KG,HU,91
KG,IE,40
KG,IL,2497
KG,IS,3
KG,IT,1243
KG,KR,2126
KG,KZ,7085
KG,LI,3
KG,LT,336
KG,LU,44
KG,LV,555
KG,NL,95
KG,NO,242
KG,PL,158
KG,RO,3
KG,RU,591025
KG,SE,1140
KG,SI,23
KG,SK,7
KG,TJ,11351
KG,TR,2522
KG,UA,27175
KG,US,10958
KG,UZ,4857
KH,AR,20
KH,AT,854
KH,AU,39825
KH,BD,19259
KH,BE,1411
KH,BG,12
KH,BR,35
KH,CA,23435
KH,CH,2466
KH,CR,4
KH,CZ,41
KH,DE,2526
KH,DK,232
KH,DO,126
KH,EE,5
KH,ES,103
KH,FI,255
KH,FR,57606
KH,GB,1263
KH,GR,9
KH,HU,31
KH,IE,12
KH,IT,1802
KH,JP,4199
KH,KR,54572
KH,LA,3667
KH,LI,2
KH,LT,4
KH,LU,64
KH,MY,16384
KH,NL,699
KH,NO,486
KH,NZ,7997
KH,PH,40
KH,PL,27
KH,RU,113
KH,SE,657
KH,SI,3
KH,SK,2
KH,TH,691775
KH,US,154128
KH,VN,1044
KI,AU,828
KI,BG,3
KI,BR,108
KI,CA,56
KI,DK,2
KI,ES,7
KI,FJ,793
KI,GB,223
KI,MH,276
KI,NO,2
KI,NR,243
KI,NZ,2556
KI,SB,258
KI,SE,3
KI,SK,2
KI,TV,63
KI,WS,9
KM,BE,85
KM,CA,162
KM,DK,11
KM,EG,913
KM,ER,165
KM,ES,13
KM,FI,2
KM,FR,64774
KM,GB,134
KM,GR,32
KM,HU,1
KM,LU,15
KM,LY,4584
KM,MG,12152
KM,NL,7
KM,NO,4
KM,RU,86
KM,SE,2
KM,SN,811
KM,TZ,533
KN,AG,497
KN,AU,20
KN,BB,108
KN,BR,38
KN,BS,34
KN,CA,1967
KN,CR,1
KN,DK,1
KN,DM,64
KN,DO,142
KN,ES,19
KN,GB,10701
KN,GD,15
KN,IE,1
KN,JM,96
KN,LC,33
KN,NL,1179
KN,NO,2
KN,US,10648
KN,VC,37
KP,AR,13
KP,AT,108
KP,AU,279
KP,BE,88
KP,BG,36
KP,BO,10
KP,BR,182
KP,BY,58
KP,CR,42
KP,CY,32
KP,CZ,2
KP,DE,2804
KP,DK,328
KP,EC,506
KP,EE,2
KP,EG,101
KP,FI,3
KP,GA,158
KP,GB,11456
KP,GR,14
KP,HN,62
KP,HU,6
KP,IE,170
KP,JO,84
KP,KG,1728
KP,KH,44
KP,KZ,64830
KP,LT,7
KP,LU,14
KP,LV,7
KP,ML,2069
KP,MN,678
KP,MX,1884
KP,NA,104
KP,NL,79
KP,NO,36
KP,PE,161
KP,PH,6122
KP,PT,69
KP,RU,10617
KP,SE,79
KP,SK,3
KP,TJ,155
KP,UG,121
KP,VE,43
KP,VN,1584
KR,AR,8232
KR,AT,2460
KR,AU,129744
KR,BE,4312
KR,BG,232
KR,BN,164
KR,BO,560
KR,BR,10891
KR,BT,33
KR,BY,27
KR,CA,150405
KR,CH,3490
KR,CL,1709
KR,CN,144831
KR,CR,302
KR,CY,6
KR,CZ,1706
KR,DE,27358
KR,DK,7258
KR,DO,587
KR,EC,846
KR,EE,70
KR,EG,299
KR,ES,5978
KR,FI,565
KR,FM,47
KR,FR,19879
KR,GA,193
KR,GB,12330
KR,GR,97
KR,GT,1921
KR,HN,68
KR,HR,23
KR,HU,685
KR,ID,33580
KR,IE,250
KR,IT,2017
KR,JO,92
KR,JP,456203
KR,KG,226
KR,KH,58
KR,KP,5477
KR,KZ,33589
KR,LI,3
KR,LK,611
KR,LT,13
KR,LU,919
KR,LV,25
KR,LY,761
KR,MN,1987
KR,MR,76
KR,MX,2044
KR,MY,3970
KR,NA,35
KR,NI,62
KR,NL,7469
KR,NO,8056
KR,NZ,34484
KR,PA,484
KR,PE,3154
KR,PG,62
KR,PH,7350
KR,PL,130
KR,PT,124
KR,PW,68
KR,PY,2758
KR,RO,13
KR,RS,26
KR,RU,3718
KR,SB,31
KR,SE,10658
KR,SK,142
KR,SV,129
KR,TH,944
KR,UG,142
KR,US,1122483
KR,VE,259
KR,VN,1902
KW,AE,67525
KW,AT,472
KW,AU,7352
KW,BE,481
KW,BG,228
KW,BH,7099
KW,BO,5
KW,BR,25
KW,CA,13864
KW,CH,348
KW,CY,235
KW,CZ,82
KW,DK,1172
KW,DZ,1172
KW,EE,9
KW,EG,3009
KW,ES,703
KW,FI,172
KW,GB,12519
KW,GR,117
KW,HU,133
KW,IE,260
KW,IN,11780
KW,IQ,402
KW,IS,3
KW,IT,490
KW,JO,755
KW,LB,167
KW,LK,1753
KW,LT,4
KW,LU,44
KW,LV,4
KW,LY,11527
KW,MR,34
KW,MT,171
KW,NL,1470
KW,NO,504
KW,OM,852
KW,PH,181
KW,PL,235
KW,PS,19605
KW,QA,6613
KW,RO,4
KW,RS,67
KW,RU,83
KW,SE,3311
KW,SI,12
KW,SK,21
KW,US,38090
KW,VE,66
KZ,AM,786
KZ,AT,2326
KZ,AU,2247
KZ,AZ,3456
KZ,BE,1098
KZ,BG,2308
KZ,BO,25
KZ,BR,30
KZ,BY,68934
KZ,CA,14443
KZ,CH,3614
KZ,CR,6
KZ,CY,236
KZ,CZ,5376
KZ,DE,957592
KZ,DK,220
KZ,DO,11
KZ,EE,2668
KZ,EG,212
KZ,ES,3248
KZ,FI,273
KZ,FR,3944
KZ,GB,3906
KZ,GE,1717
KZ,GR,12296
KZ,HR,61
KZ,HU,308
KZ,IE,339
KZ,IL,16012
KZ,IN,433
KZ,IS,35
KZ,IT,5982
KZ,JO,19
KZ,KG,12599
KZ,KR,1712
KZ,LI,9
KZ,LT,4129
KZ,LU,193
KZ,LV,4154
KZ,LY,855
KZ,MD,4369
KZ,ML,2146
KZ,MN,225
KZ,NL,407
KZ,NO,1002
KZ,PL,5719
KZ,PT,832
KZ,RO,14
KZ,RS,98
KZ,RU,2558907
KZ,SE,2189
KZ,SI,187
KZ,SK,72
KZ,TJ,840
KZ,TM,19994
KZ,TR,5516
KZ,UA,225962
KZ,US,35558
KZ,UZ,13093
LA,AR,284
LA,AT,129
LA,AU,12081
LA,BD,86448
LA,BE,1062
LA,BR,5
LA,CA,12472
LA,CH,870
LA,CR,4
LA,CY,1
LA,CZ,24
LA,DE,3372
LA,DK,58
LA,ES,224
LA,FI,45
LA,GB,746
LA,GR,17
LA,HU,37
LA,IE,42
LA,IT,615
LA,KH,278
LA,LI,39
LA,LT,2
LA,LU,48
LA,NL,187
LA,NO,134
LA,PH,304
LA,RU,121
LA,SE,466
LA,SI,2
LA,SK,1
LA,TH,941309
LA,US,184477
LA,VN,7334
LB,AE,41913
LB,AG,56
LB,AM,848
LB,AR,797
LB,AT,1871
LB,AU,107936
LB,BE,7712
LB,BG,1027
LB,BH,4413
LB,BJ,1750
LB,BO,39
LB,BR,15664
LB,BY,63
LB,BZ,60
LB,CA,97079
LB,CG,1157
LB,CH,7711
LB,CL,278
LB,CR,104
LB,CU,10
LB,CY,2800
LB,CZ,274
LB,DE,75384
LB,DK,10577
LB,DM,34
LB,DO,154
LB,DZ,1198
LB,EC,462
LB,EE,32
LB,EG,3196
LB,ES,5072
LB,FI,573
LB,FR,46419
LB,GA,2512
LB,GB,17475
LB,GE,9
LB,GH,1156
LB,GN,180
LB,GR,918
LB,GT,27
LB,HR,61
LB,HU,180
LB,IE,172
LB,IL,6206
LB,IQ,1536
LB,IS,50
LB,IT,5787
LB,JO,1850
LB,KW,12512
LB,LK,742
LB,LR,771
LB,LT,15
LB,LU,319
LB,LV,30
LB,LY,11812
LB,MA,1454
LB,MR,129
LB,MT,191
LB,MV,9
LB,MX,576
LB,NA,47
LB,NL,4403
LB,NO,2861
LB,PA,632
LB,PE,131
LB,PH,142
LB,PL,489
LB,PS,2213
LB,PT,203
LB,QA,8425
LB,RO,26
LB,RS,44
LB,RU,965
LB,SA,153987
LB,SE,26390
LB,SI,27
LB,SK,34
LB,SL,611
LB,SN,903
LB,TR,1238
LB,UA,1792
LB,US,142234
LB,VE,7057
LC,AG,706
LC,AT,15
LC,AU,12
LC,BB,2201
LC,BE,18
LC,BR,184
LC,BS,82
LC,CA,7307
LC,CR,1
LC,CZ,2
LC,DK,9
LC,DM,286
LC,ES,60
LC,FI,2
LC,GB,12131
LC,GD,165
LC,GY,129
LC,HU,1
LC,IE,6
LC,JM,335
LC,KN,105
LC,NL,496
LC,NO,14
LC,SE,37
LC,TT,977
LC,US,24507
LC,VC,241
LC,VE,4
LI,AR,78
LI,AT,320
LI,BE,6
LI,BG,1
LI,BR,20
LI,CH,2131
LI,CR,4
LI,DE,287
LI,DK,20
LI,ES,103
LI,GB,34
LI,GR,3
LI,HU,1
LI,IE,1
LI,LU,8
LI,NL,2
LI,NO,22
LI,PT,182
LI,SE,4
LI,SI,6
LI,SK,2
LK,AE,120491
LK,AR,2
LK,AT,937
LK,AU,141180
LK,BE,2097
LK,BG,20
LK,BH,12667
LK,BN,1343
LK,BO,2
LK,BS,38
LK,BT,34
LK,BW,987
LK,CA,132687
LK,CH,38855
LK,CN,4214
LK,CR,1
LK,CY,9953
LK,CZ,132
LK,DE,44092
LK,DK,6504
LK,EE,46
LK,EG,222
LK,ES,767
LK,FI,903
LK,FR,60509
LK,GB,129044
LK,GH,22
LK,GR,409
LK,HU,26
LK,IE,308
LK,IN,184778
LK,IS,188
LK,IT,104235
LK,JO,12559
LK,JP,25782
LK,KH,48
LK,KP,154
LK,KR,32840
LK,KW,39666
LK,LB,2772
LK,LI,9
LK,LT,64
LK,LU,79
LK,LV,132
LK,LY,391
LK,MT,49
LK,MU,1137
LK,MV,7384
LK,MY,7693
LK,NL,8969
LK,NO,9797
LK,NP,43
LK,NR,133
LK,NZ,15041
LK,OM,30063
LK,PG,77
LK,PH,180
LK,PK,540
LK,PL,110
LK,PT,71
LK,QA,154078
LK,RO,28
LK,RU,586
LK,SA,529335
LK,SC,609
LK,SE,6854
LK,SG,10768
LK,SI,17
LK,SK,5
LK,TH,8001
LK,US,51955
LK,VN,82
LR,AT,230
LR,AU,4104
LR,BE,912
LR,BG,5
LR,BJ,275
LR,BO,2
LR,BR,43
LR,CA,3554
LR,CH,186
LR,CI,28134
LR,CM,4956
LR,CZ,8
LR,DE,1875
LR,DK,131
LR,EG,46
LR,ES,784
LR,FI,90
LR,GB,3400
LR,GH,34940
LR,GM,1083
LR,GN,5210
LR,GR,13
LR,GW,634
LR,HU,7
LR,IE,137
LR,IS,2
LR,IT,1210
LR,LT,5
LR,LU,36
LR,ML,1312
LR,NG,22009
LR,NL,1473
LR,NO,982
LR,PT,24
LR,SE,921
LR,SL,8731
LR,SN,265
LR,SZ,44
LR,TG,168
LR,TH,1
LR,US,110940
LS,AT,6
LS,AU,158
LS,BE,15
LS,BW,277
LS,CA,275
LS,DK,38
LS,ES,17
LS,GB,737
LS,IE,47
LS,MZ,7842
LS,NA,130
LS,NL,133
LS,NO,9
LS,SE,63
LS,SK,1
LS,SZ,223
LS,TZ,131
LS,ZA,189805
LT,AR,394
LT,AT,1480
LT,AU,4021
LT,BE,2301
LT,BG,158
LT,BO,9
LT,BR,801
LT,BY,17130
LT,CA,5162
LT,CH,2409
LT,CR,10
LT,CY,91
LT,CZ,506
LT,DE,46747
LT,DK,10873
LT,EE,1546
LT,ES,16023
LT,FI,1079
LT,FR,3795
LT,GB,191529
LT,GE,210
LT,GR,259
LT,HR,23
LT,HU,97
LT,IE,50498
LT,IL,3760
LT,IS,3311
LT,IT,5567
LT,KG,2578
LT,KZ,4614
LT,LI,3
LT,LU,827
LT,LV,10348
LT,MT,130
LT,NL,6218
LT,NO,40949
LT,PA,54
LT,PL,66509
LT,PT,354
LT,RO,13
LT,RS,27
LT,RU,71038
LT,SE,13826
LT,SI,47
LT,SK,51
LT,UA,24824
LT,US,35740
LT,VE,136
LU,AR,96
LU,AT,1135
LU,AU,266
LU,BE,13490
LU,BG,109
LU,BO,6
LU,BR,69
LU,CA,734
LU,CH,2692
LU,CR,18
LU,CV,4
LU,CY,8
LU,CZ,16
LU,DE,19762
LU,DK,484
LU,EE,20
LU,ES,1344
LU,FI,83
LU,FR,12320
LU,GB,3335
LU,GR,63
LU,HR,28
LU,HU,101
LU,IE,202
LU,IS,145
LU,IT,3703
LU,LI,2
LU,LT,23
LU,LV,7
LU,NA,43
LU,NL,1443
LU,NO,153
LU,PE,27
LU,PL,248
LU,PT,3771
LU,RO,11
LU,RS,191
LU,RU,35
LU,SE,353
LU,SI,20
LU,SK,23
LV,AR,125
LV,AT,1646
LV,AU,5429
LV,BE,1742
LV,BG,218
LV,BR,179
LV,BY,10332
LV,CA,4358
LV,CH,2471
LV,CR,1
LV,CY,163
LV,CZ,457
LV,DE,32870
LV,DK,4280
LV,EE,4350
LV,ES,4789
LV,FI,1922
LV,FR,3900
LV,GB,86555
LV,GE,205
LV,GR,166
LV,HR,23
LV,HU,71
LV,IE,28982
LV,IL,3819
LV,IS,1903
LV,IT,3061
LV,KG,877
LV,KZ,1169
LV,LI,7
LV,LT,5575
LV,LU,611
LV,MT,229
LV,NL,4254
LV,NO,10880
LV,PL,2015
LV,PT,202
LV,RO,12
LV,RU,89338
LV,SE,7720
LV,SI,56
LV,SK,50
LV,UA,19821
LV,US,24269
LV,VE,132
LY,AR,52
LY,AT,877
LY,AU,2674
LY,BE,1200
LY,BG,294
LY,BO,3
LY,BR,121
LY,CA,9100
LY,CH,885
LY,CI,6663
LY,CR,13
LY,CY,229
LY,CZ,132
LY,DE,11800
LY,DK,249
LY,DZ,2280
LY,EE,7
LY,EG,5047
LY,ES,1871
LY,FI,193
LY,FR,4838
LY,GB,16914
LY,GR,285
LY,HR,139
LY,HU,137
LY,ID,2379
LY,IE,571
LY,IL,20128
LY,IS,4
LY,IT,28278
LY,JO,19564
LY,LB,214
LY,LK,39
LY,LT,5
LY,LU,74
LY,LV,2
LY,MA,1268
LY,ML,1266
LY,MR,150
LY,MT,3802
LY,NA,35
LY,NE,200
LY,NL,1567
LY,NO,781
LY,PA,44
LY,PH,49
LY,PL,315
LY,PT,88
LY,RO,5
LY,RS,380
LY,RU,268
LY,SD,2154
LY,SE,3468
LY,SI,59
LY,SK,20
LY,SS,155
LY,TD,1504
LY,TN,9688
LY,TR,2976
LY,US,20421
LY,VE,125
MA,AD,504
MA,AE,8942
MA,AR,213
MA,AT,2323
MA,AU,2581
MA,BE,210162
MA,BG,156
MA,BH,939
MA,BO,26
MA,BR,644
MA,CA,80615
MA,CH,21814
MA,CR,4
MA,CY,62
MA,CZ,283
MA,DE,108284
MA,DK,4752
MA,DO,34
MA,EC,49
MA,EE,28
MA,EG,1066
MA,ES,942033
MA,FI,1967
MA,FR,990320
MA,GA,716
MA,GB,23634
MA,GN,327
MA,GR,906
MA,HR,25
MA,HU,154
MA,IE,355
MA,IL,170844
MA,IQ,590
MA,IS,257
MA,IT,459955
MA,JO,601
MA,KW,3032
MA,LB,133
MA,LI,16
MA,LT,14
MA,LU,2334
MA,LV,19
MA,LY,5228
MA,ML,910
MA,MR,372
MA,MT,671
MA,NL,147768
MA,NO,6371
MA,PA,94
MA,PE,69
MA,PL,416
MA,PT,1850
MA,QA,1461
MA,RO,47
MA,RS,32
MA,RU,1099
MA,SE,10348
MA,SI,42
MA,SK,16
MA,SN,933
MA,TN,6146
MA,TR,694
MA,UA,1765
MA,US,104366
MA,VE,950
MC,AR,10
MC,AT,22
MC,AU,73
MC,BE,130
MC,BG,13
MC,BR,161
MC,CA,236
MC,CH,142
MC,CR,1
MC,CZ,3
MC,DK,17
MC,EG,81
MC,ES,248
MC,FI,7
MC,FR,21343
MC,GB,408
MC,GR,18
MC,HU,2
MC,IE,6
MC,IT,1090
MC,LU,47
MC,LY,293
MC,NL,96
MC,NO,14
MC,PL,13
MC,RU,44
MC,SE,43
MC,SK,2
MD,AR,458
MD,AT,3177
MD,AU,1266
MD,AZ,267
MD,BE,2106
MD,BG,3144
MD,BO,8
MD,BY,7496
MD,CA,16873
MD,CH,2658
MD,CR,5
MD,CY,946
MD,CZ,6650
MD,DE,21804
MD,DK,792
MD,DO,12
MD,EE,824
MD,EG,62
MD,ES,20987
MD,FI,272
MD,FR,30769
MD,GB,2385
MD,GE,483
MD,GR,4696
MD,HR,105
MD,HU,208
MD,IE,4953
MD,IL,10602
MD,IS,109
MD,IT,247376
MD,JO,35
MD,KG,2588
MD,KZ,12677
MD,LI,8
MD,LT,864
MD,LU,548
MD,LV,1264
MD,MT,99
MD,NL,845
MD,NO,1262
MD,PL,722
MD,PT,18753
MD,RO,10284
MD,RS,233
MD,RU,294152
MD,SE,1127
MD,SI,368
MD,SK,43
MD,TJ,787
MD,TR,2978
MD,UA,152250
MD,US,49571
MG,AR,7
MG,AT,128
MG,AU,345
MG,BE,2253
MG,BG,1
MG,BO,6
MG,BR,43
MG,BW,560
MG,CA,5178
MG,CH,1982
MG,CR,3
MG,CY,6
MG,CZ,16
MG,DE,1483
MG,DK,61
MG,EE,2
MG,EG,38
MG,ES,532
MG,FI,15
MG,FR,151321
MG,GB,1210
MG,GR,59
MG,HU,14
MG,IE,13
MG,IT,2087
MG,KM,9604
MG,LI,1
MG,LT,7
MG,LU,182
MG,MU,2301
MG,NL,182
MG,NO,505
MG,PT,23
MG,RU,82
MG,SC,816
MG,SE,125
MG,SI,17
MG,SK,4
MH,AU,51
MH,CA,273
MH,ES,6
MH,FM,90
MH,NL,3
MH,SE,1
MH,US,27956
MK,AL,499
MK,AR,1502
MK,AT,25889
MK,AU,60241
MK,BA,2875
MK,BE,1682
MK,BG,4614
MK,BO,13
MK,BR,48
MK,CA,10514
MK,CH,68424
MK,CR,32
MK,CY,19
MK,CZ,1643
MK,DE,92416
MK,DK,3022
MK,DO,26
MK,EC,15
MK,EE,14
MK,EG,119
MK,ES,824
MK,FI,167
MK,FR,8337
MK,GB,2794
MK,GR,992
MK,HR,9462
MK,HU,106
MK,IE,856
MK,IS,88
MK,IT,77615
MK,JO,87
MK,LI,95
MK,LT,8
MK,LU,565
MK,LV,13
MK,MN,3
MK,MT,87
MK,NL,404
MK,NO,3014
MK,PL,335
MK,PT,260
MK,RO,9
MK,RS,50966
MK,RU,253
MK,SE,7845
MK,SI,18786
MK,SK,200
MK,TR,215290
MK,US,27645
ML,AT,121
ML,AU,76
ML,BE,958
ML,BF,37052
ML,BG,3
ML,BJ,3101
ML,BO,1
ML,BR,7
ML,CA,2870
ML,CF,317
ML,CG,33694
ML,CH,145
ML,CI,522146
ML,CM,9556
ML,CV,6
ML,CZ,18
ML,DE,3529
ML,DK,42
ML,EG,215
ML,ES,28128
ML,FI,17
ML,FR,97229
ML,GA,55436
ML,GB,329
ML,GH,5900
ML,GM,10360
ML,GN,38338
ML,GR,46
ML,HU,8
ML,IE,34
ML,IS,4
ML,IT,7795
ML,LR,1122
ML,LT,1
ML,LU,74
ML,LY,359
ML,MR,114379
ML,NE,108802
ML,NG,172481
ML,NL,159
ML,NO,59
ML,PL,32
ML,PT,101
ML,RO,19
ML,RU,71
ML,SD,938
ML,SE,171
ML,SI,2
ML,SL,344
ML,SN,25907
ML,SS,208
ML,TG,8197
ML,TN,1057
ML,ZM,267
MM,AR,9
MM,AT,130
MM,AU,37830
MM,BD,907426
MM,BE,181
MM,BR,14
MM,BT,34
MM,CA,8865
MM,CR,14
MM,CY,45
MM,CZ,96
MM,DE,2160
MM,DK,1425
MM,EE,1
MM,EG,11
MM,ES,105
MM,FI,959
MM,GB,14597
MM,GR,42
MM,HU,12
MM,IE,82
MM,IN,57149
MM,IS,1
MM,JO,23
MM,KH,54
MM,KR,26921
MM,LA,3032
MM,LU,9
MM,MY,350606
MM,NL,1063
MM,NO,3349
MM,NZ,3072
MM,PA,117
MM,PH,447
MM,PK,2298
MM,RU,624
MM,SA,267775
MM,SE,1424
MM,SI,1
MM,TH,1848270
MM,US,150937
MM,VN,11797
MN,AT,2159
MN,AU,3717
MN,BE,794
MN,BG,101
MN,BO,1
MN,BY,164
MN,CA,1403
MN,CH,841
MN,CR,18
MN,CZ,5313
MN,DK,53
MN,EE,33
MN,EG,14
MN,ES,723
MN,FI,51
MN,GB,1309
MN,GE,28
MN,GR,2
MN,HU,650
MN,IE,416
MN,IS,24
MN,IT,189
MN,KR,31109
MN,LT,51
MN,LU,39
MN,LV,75
MN,MD,67
MN,NL,467
MN,NO,157
MN,PL,412
MN,RU,21132
MN,SE,3856
MN,SI,5
MN,SK,16
MN,US,12311
MR,AT,30
MR,AU,77
MR,BE,2253
MR,BG,3
MR,BJ,260
MR,BO,1
MR,CA,1485
MR,CG,3127
MR,CI,12739
MR,CZ,3
MR,DK,24
MR,EE,1
MR,EG,154
MR,ES,11103
MR,FI,29
MR,FR,22079
MR,GB,157
MR,GH,12
MR,GM,3646
MR,GN,1041
MR,GR,26
MR,GW,408
MR,HU,2
MR,IE,7
MR,IQ,201
MR,IT,316
MR,JO,69
MR,LU,10
MR,LY,380
MR,MA,1717
MR,ML,24197
MR,NL,258
MR,NO,72
MR,PT,36
MR,RO,7
MR,SE,69
MR,SN,16429
MR,TG,144
MR,TN,560
MT,AR,2
MT,AT,116
MT,AU,48613
MT,BE,456
MT,BG,165
MT,BO,5
MT,BR,35
MT,CA,6515
MT,CH,62
MT,CY,31
MT,CZ,21
MT,DE,705
MT,DK,110
MT,DO,25
MT,EE,10
MT,ES,311
MT,FI,42
MT,GB,29792
MT,GR,40
MT,HU,58
MT,IE,486
MT,IS,2
MT,IT,1629
MT,LI,3
MT,LT,19
MT,LU,228
MT,LV,17
MT,NL,391
MT,NO,108
MT,PE,37
MT,PT,40
MT,RO,3
MT,RS,54
MT,RU,52
MT,SE,186
MT,SI,7
MT,SK,11
MU,AT,121
MU,AU,33686
MU,BE,3228
MU,BG,5
MU,BW,231
MU,CA,20101
MU,CH,2628
MU,CY,9
MU,CZ,36
MU,DK,127
MU,EE,8
MU,ES,269
MU,FI,38
MU,FR,45791
MU,GB,45657
MU,GR,17
MU,HU,27
MU,IE,4223
MU,IN,346
MU,IS,6
MU,IT,11513
MU,LI,1
MU,LT,2
MU,LU,405
MU,LV,2
MU,NA,110
MU,NL,355
MU,NO,201
MU,RU,62
MU,SC,564
MU,SE,191
MU,SI,4
MU,SK,5
MU,TZ,170
MU,ZA,10069
MV,AT,14
MV,AU,662
MV,BE,4
MV,BR,10
MV,CA,185
MV,CR,2
MV,CZ,3
MV,DK,7
MV,EG,28
MV,ES,16
MV,GB,374
MV,IE,1
MV,IN,864
MV,LI,1
MV,LK,1408
MV,LT,1
MV,NL,16
MV,NO,4
MV,RU,43
MV,SC,38
MV,SE,22
MW,AT,49
MW,AU,1374
MW,BE,79
MW,BG,2
MW,BO,7
MW,BR,11
MW,BW,1478
MW,CA,974
MW,CY,6
MW,CZ,4
MW,DK,72
MW,EG,28
MW,ER,675
MW,ES,69
MW,FI,81
MW,GB,19156
MW,HU,1
MW,IE,97
MW,LS,67
MW,LU,10
MW,MZ,62643
MW,NA,387
MW,NL,297
MW,NO,115
MW,PT,441
MW,RU,27
MW,SE,95
MW,SI,1
MW,SK,1
MW,TZ,6154
MW,UG,5
MW,ZA,93503
MW,ZM,13422
MW,ZW,108490
MX,AG,4
MX,AR,1463
MX,AT,2194
MX,AU,6726
MX,BE,2941
MX,BG,98
MX,BO,10605
MX,BR,3399
MX,BS,144
MX,BZ,3996
MX,CA,105240
MX,CH,8150
MX,CO,5640
MX,CR,3721
MX,CU,107
MX,CV,2
MX,CY,61
MX,CZ,585
MX,DE,17168
MX,DK,1272
MX,DO,1563
MX,EC,2360
MX,EE,97
MX,EG,63
MX,ES,57907
MX,FI,781
MX,FR,17167
MX,GB,9831
MX,GR,186
MX,GT,18872
MX,HN,1603
MX,HR,36
MX,HT,299
MX,HU,252
MX,IE,397
MX,IL,2670
MX,IS,152
MX,IT,7484
MX,JP,2734
MX,LC,15
MX,LI,32
MX,LT,29
MX,LU,395
MX,LV,20
MX,NI,885
MX,NL,4874
MX,NO,1574
MX,PA,5802
MX,PE,6148
MX,PH,151
MX,PL,269
MX,PT,253
MX,PY,1739
MX,RO,15
MX,RS,25
MX,RU,202
MX,SE,2837
MX,SI,77
MX,SK,37
MX,SV,1741
MX,US,11416180
MX,UY,635
MX,VE,3610
MY,AR,2
MY,AT,567
MY,AU,174509
MY,BD,199618
MY,BE,768
MY,BG,20
MY,BN,52628
MY,BO,9
MY,BR,154
MY,CA,27637
MY,CH,2261
MY,CN,4753
MY,CR,4
MY,CY,45
MY,CZ,150
MY,DE,5780
MY,DK,728
MY,DO,17
MY,DZ,860
MY,EC,35
MY,EE,12
MY,EG,2836
MY,ES,782
MY,FI,420
MY,FR,2579
MY,GB,79295
MY,GR,27
MY,HU,57
MY,ID,2377
MY,IE,5479
MY,IN,13602
MY,IS,39
MY,IT,598
MY,JO,282
MY,JP,10520
MY,KH,182
MY,KP,197
MY,KR,1685
MY,LC,7
MY,LK,924
MY,LT,10
MY,LU,103
MY,LV,6
MY,LY,8454
MY,MT,115
MY,MU,58
MY,MV,108
MY,NL,3463
MY,NO,961
MY,NZ,21496
MY,PA,34
MY,PE,81
MY,PG,77
MY,PH,842
MY,PL,31
MY,PT,46
MY,RO,3
MY,RU,1554
MY,SB,106
MY,SE,1567
MY,SG,1132924
MY,SI,4
MY,SK,5
MY,TH,1364
MY,TL,62
MY,US,82015
MY,VE,31
MY,VN,133
MZ,AO,248
MZ,AR,11
MZ,AT,94
MZ,AU,1104
MZ,BE,449
MZ,BG,38
MZ,BO,3
MZ,BR,1809
MZ,BW,605
MZ,CA,984
MZ,CH,1355
MZ,CR,4
MZ,CV,25
MZ,CY,8
MZ,CZ,12
MZ,DK,194
MZ,EE,2
MZ,EG,15
MZ,ER,966
MZ,ES,1043
MZ,FI,59
MZ,GB,6130
MZ,GR,28
MZ,HU,10
MZ,IE,48
MZ,IS,28
MZ,IT,797
MZ,KE,523
MZ,LI,2
MZ,LS,42
MZ,LT,1
MZ,LU,317
MZ,MW,40131
MZ,NA,142
MZ,NL,573
MZ,NO,199
MZ,PL,33
MZ,PT,67678
MZ,RU,109
MZ,SE,310
MZ,SI,3
MZ,SK,2
MZ,ST,103
MZ,SZ,10011
MZ,TZ,13053
MZ,UG,24
MZ,VE,48
MZ,ZA,346866
MZ,ZM,1603
MZ,ZW,122923
NA,AO,888
NA,AR,2
NA,AT,236
NA,AU,1618
NA,BE,84
NA,BG,8
NA,BR,61
NA,BW,988
NA,CA,1337
NA,CH,57
NA,CY,1
NA,CZ,24
NA,DK,72
NA,EE,4
NA,EG,268
NA,ES,179
NA,FI,121
NA,GB,2443
NA,GR,2
NA,HU,9
NA,IE,47
NA,IS,48
NA,IT,207
NA,KE,58
NA,LS,7
NA,LT,1
NA,LU,13
NA,NL,303
NA,NO,102
NA,RU,119
NA,SE,145
NA,SI,2
NA,TZ,573
NA,ZA,36565
NA,ZM,774
NE,AR,1
NE,AT,39
NE,AU,23
NE,BE,1912
NE,BF,13259
NE,BJ,72695
NE,BR,17
NE,CA,2349
NE,CI,68185
NE,CM,12236
NE,CY,6
NE,CZ,2
NE,DE,1175
NE,DK,13
NE,EG,116
NE,ES,280
NE,FI,17
NE,FR,7415
NE,GB,229
NE,GH,6946
NE,GN,248
NE,GR,10
NE,HU,3
NE,IE,168
NE,IT,1288
NE,LR,199
NE,LU,33
NE,LY,380
NE,ML,13340
NE,MR,163
NE,MT,111
NE,NG,120797
NE,NL,220
NE,NO,57
NE,RU,28
NE,SE,62
NE,SK,2
NE,SN,2324
NE,TD,3586
NE,TG,66332
NE,TJ,21
NG,AE,15698
NG,AG,40
NG,AR,42
NG,AT,8219
NG,AU,11679
NG,BE,5979
NG,BF,5372
NG,BG,247
NG,BH,1654
NG,BJ,79779
NG,BO,14
NG,BR,3505
NG,BS,171
NG,BW,1232
NG,BZ,49
NG,CA,67544
NG,CH,3561
NG,CI,45066
NG,CM,169602
NG,CR,3
NG,CV,708
NG,CY,306
NG,CZ,484
NG,DE,45195
NG,DK,1323
NG,DM,50
NG,DO,24
NG,EC,38
NG,EE,451
NG,EG,814
NG,ES,40207
NG,FI,2266
NG,FR,16091
NG,GA,24029
NG,GB,207147
NG,GH,80652
NG,GN,980
NG,GQ,431
NG,GR,1264
NG,HR,25
NG,HU,616
NG,IE,28702
NG,IN,904
NG,IS,143
NG,IT,76357
NG,JO,25
NG,JP,3069
NG,KR,1815
NG,KW,4816
NG,LC,65
NG,LI,5
NG,LR,4366
NG,LT,4
NG,LU,307
NG,LV,16
NG,LY,3041
NG,ML,4265
NG,MT,1024
NG,MZ,5357
NG,NA,1029
NG,NE,154738
NG,NI,23
NG,NL,6600
NG,NO,2031
NG,PA,43
NG,PH,204
NG,PL,500
NG,PT,248
NG,QA,4146
NG,RO,16
NG,RU,794
NG,SC,137
NG,SD,20508
NG,SE,5578
NG,SI,68
NG,SK,28
NG,SL,2248
NG,SN,2527
NG,SS,3626
NG,TD,13032
NG,TG,32266
NG,TN,575
NG,TT,556
NG,UG,3
NG,US,435872
NG,VE,97
NG,ZA,35949
NG,ZM,625
NI,AR,91
NI,AT,265
NI,AU,971
NI,BE,383
NI,BG,38
NI,BO,122
NI,BR,464
NI,BS,9
NI,CA,10786
NI,CH,475
NI,CL,550
NI,CR,350855
NI,CU,73
NI,CY,9
NI,CZ,14
NI,DE,1430
NI,DK,179
NI,DO,303
NI,EC,409
NI,EE,2
NI,ES,54723
NI,FI,94
NI,GB,838
NI,GR,72
NI,GT,9211
NI,HN,7944
NI,HU,8
NI,IE,18
NI,IS,6
NI,IT,1834
NI,JM,124
NI,LI,3
NI,LT,1
NI,LU,16
NI,MX,4294
NI,NL,621
NI,NO,229
NI,PA,15516
NI,PE,303
NI,RO,7
NI,RU,58
NI,SE,850
NI,SI,6
NI,SK,4
NI,SV,7954
NI,US,259095
NI,VE,1927
NL,AD,262
NL,AE,3154
NL,AG,70
NL,AR,390
NL,AT,8793
NL,AU,87757
NL,BE,124236
NL,BG,1775
NL,BH,331
NL,BN,333
NL,BO,686
NL,BR,4219
NL,BS,56
NL,BT,19
NL,BW,638
NL,CA,102926
NL,CF,33
NL,CH,23578
NL,CL,854
NL,CM,183
NL,CO,635
NL,CR,740
NL,CV,38
NL,CY,486
NL,CZ,1955
NL,DE,140857
NL,DK,6535
NL,DM,55
NL,DO,783
NL,EC,867
NL,EE,257
NL,EG,997
NL,ES,53366
NL,FI,1281
NL,FR,39327
NL,GB,82877
NL,GE,10
NL,GH,214
NL,GR,1735
NL,GT,148
NL,HN,91
NL,HR,759
NL,HU,1509
NL,ID,7306
NL,IE,6527
NL,IL,5114
NL,IS,390
NL,IT,9728
NL,JO,200
NL,JP,1297
NL,KH,30
NL,KW,1062
NL,LC,169
NL,LI,80
NL,LR,52
NL,LT,290
NL,LU,3725
NL,LV,122
NL,LY,1890
NL,MT,1282
NL,MX,1435
NL,NA,539
NL,NI,278
NL,NO,9355
NL,NZ,22299
NL,OM,1614
NL,PA,616
NL,PE,1288
NL,PH,577
NL,PL,2124
NL,PT,3795
NL,QA,455
NL,RO,66
NL,RS,918
NL,RU,546
NL,SE,11350
NL,SI,391
NL,SK,177
NL,SR,3475
NL,SV,32
NL,TH,706
NL,TJ,48
NL,TR,24362
NL,UG,179
NL,US,134039
NL,VC,471
NL,VE,2070
NL,ZA,10120
NO,AR,57
NO,AT,828
NO,AU,4816
NO,BD,14032
NO,BE,1117
NO,BG,545
NO,BO,107
NO,BR,728
NO,BS,11
NO,BW,391
NO,BY,59
NO,CA,3467
NO,CH,1912
NO,CL,540
NO,CR,93
NO,CY,200
NO,CZ,152
NO,DE,8315
NO,DK,16818
NO,DO,56
NO,EC,244
NO,EE,339
NO,EG,120
NO,ES,12702
NO,FI,1458
NO,FR,3204
NO,GB,20349
NO,GR,239
NO,HR,103
NO,HU,541
NO,IE,395
NO,IS,1260
NO,IT,562
NO,JO,43
NO,JP,566
NO,LI,8
NO,LK,116
NO,LT,2650
NO,LU,245
NO,LV,332
NO,LY,357
NO,MT,196
NO,NA,53
NO,NL,2628
NO,PA,91
NO,PE,197
NO,PH,694
NO,PL,1508
NO,PT,317
NO,RO,50
NO,RS,139
NO,RU,699
NO,SE,39191
NO,SI,31
NO,SK,274
NO,TH,745
NO,TR,1919
NO,UG,6
NO,US,27439
NO,VE,85
NP,AE,27886
NP,AT,770
NP,AU,79021
NP,BD,38302
NP,BE,3752
NP,BG,15
NP,BH,2942
NP,BN,5823
NP,BO,7
NP,BR,63
NP,BT,750
NP,CA,20971
NP,CH,1044
NP,CL,342
NP,CR,10
NP,CY,55
NP,CZ,807
NP,DE,5833
NP,DK,3632
NP,EE,110
NP,ES,6411
NP,FI,2801
NP,FR,4073
NP,GB,37457
NP,GE,15
NP,GR,29
NP,HU,39
NP,IE,175
NP,IN,733733
NP,IS,125
NP,IT,1551
NP,JO,181
NP,KH,46
NP,KR,40749
NP,KW,24608
NP,LI,1
NP,LK,343
NP,LT,13
NP,LU,338
NP,LV,34
NP,MY,585865
NP,NL,1667
NP,NO,2295
NP,NZ,3847
NP,PH,71
NP,PL,71
NP,PT,5442
NP,QA,253939
NP,RO,27
NP,RU,173
NP,SA,503403
NP,SC,177
NP,SE,988
NP,SI,29
NP,SK,3
NP,TH,11618
NP,US,151268
NP,VN,2439
NR,AU,766
NR,BG,1
NR,CA,14
NR,DK,1
NR,ES,4
NR,GB,19
NR,KI,1584
NR,SE,1
NR,TV,5
NR,WS,4
NZ,AG,13
NZ,AR,11
NZ,AT,473
NZ,AU,566024
NZ,BE,388
NZ,BG,63
NZ,BN,219
NZ,BO,70
NZ,BR,346
NZ,BS,25
NZ,BT,24
NZ,CA,11002
NZ,CH,1571
NZ,CL,407
NZ,CR,20
NZ,CY,93
NZ,CZ,155
NZ,DE,3068
NZ,DK,785
NZ,DO,8
NZ,EC,117
NZ,EE,21
NZ,EG,94
NZ,ES,1035
NZ,FI,197
NZ,FJ,651
NZ,GB,80167
NZ,GR,227
NZ,HR,108
NZ,HU,88
NZ,IE,2971
NZ,IS,65
NZ,IT,205
NZ,JO,62
NZ,JP,3552
NZ,KI,56
NZ,KR,3161
NZ,LI,7
NZ,LK,111
NZ,LT,13
NZ,LU,91
NZ,LV,10
NZ,MT,127
NZ,MV,16
NZ,MY,2482
NZ,NA,51
NZ,NL,3702
NZ,NO,653
NZ,NR,3
NZ,PA,59
NZ,PE,173
NZ,PG,1784
NZ,PH,406
NZ,PL,137
NZ,PT,41
NZ,RO,3
NZ,RS,23
NZ,RU,84
NZ,SB,72
NZ,SE,1159
NZ,SG,3946
NZ,SI,19
NZ,SK,15
NZ,SZ,22
NZ,TH,1869
NZ,TJ,108
NZ,TL,70
NZ,TR,281
NZ,US,36753
NZ,VE,16
NZ,VU,325
NZ,WS,1312
NZ,ZA,3399
OM,AT,98
OM,AU,2005
OM,BE,50
OM,BG,9
OM,BR,24
OM,CA,1572
OM,CR,3
OM,CY,62
OM,CZ,20
OM,DK,27
OM,EE,3
OM,EG,544
OM,ES,68
OM,FI,12
OM,GB,3444
OM,GR,1
OM,HU,13
OM,IE,62
OM,JO,638
OM,LB,140
OM,LK,331
OM,LT,4
OM,LU,5
OM,LY,1806
OM,NL,657
OM,NO,46
OM,PH,433
OM,PS,11984
OM,RU,50
OM,SE,74
OM,SK,1
OM,TJ,34
PA,AR,161
PA,AT,63
PA,AU,298
PA,BE,198
PA,BG,7
PA,BO,122
PA,BR,660
PA,BS,54
PA,CA,2595
PA,CH,337
PA,CL,1000
PA,CO,3123
PA,CR,13712
PA,CU,12
PA,CY,18
PA,CZ,30
PA,DE,686
PA,DK,82
PA,DO,789
PA,EC,1008
PA,EE,6
PA,ES,6310
PA,FI,23
PA,GB,946
PA,GR,71
PA,GT,321
PA,HN,406
PA,HU,10
PA,IE,19
PA,IS,7
PA,IT,3168
PA,JM,74
PA,LC,5
PA,LI,5
PA,LU,23
PA,MX,1761
PA,NI,423
PA,NL,329
PA,NO,88
PA,PE,645
PA,PL,40
PA,PT,31
PA,RO,1
PA,RU,23
PA,SE,292
PA,SK,3
PA,SV,458
PA,US,146155
PA,VE,827
PE,AR,197225
PE,AT,1749
PE,AU,13276
PE,BE,3739
PE,BG,32
PE,BO,12565
PE,BR,19074
PE,BS,335
PE,CA,30713
PE,CH,11745
PE,CL,221243
PE,CN,10454
PE,CO,5680
PE,CR,4540
PE,CU,39
PE,CV,2
PE,CY,32
PE,CZ,209
PE,DE,17375
PE,DK,1002
PE,DO,1489
PE,EC,14331
PE,EE,30
PE,ES,244528
PE,FI,486
PE,FR,14979
PE,GB,7486
PE,GE,19
PE,GR,136
PE,GT,492
PE,HN,392
PE,HR,80
PE,HT,345
PE,HU,95
PE,IE,165
PE,IL,2447
PE,IS,104
PE,IT,148985
PE,JP,49068
PE,KP,533
PE,LI,15
PE,LT,12
PE,LU,492
PE,LV,6
PE,MT,81
PE,MX,5168
PE,NI,237
PE,NL,5229
PE,NO,1717
PE,PA,5155
PE,PH,118
PE,PL,139
PE,PT,275
PE,RO,8
PE,RS,49
PE,RU,275
PE,SE,7409
PE,SI,53
PE,SK,18
PE,SV,237
PE,US,465231
PE,UY,106
PE,VE,44319
PG,AT,73
PG,BE,27
PG,BG,2
PG,BO,1
PG,CA,658
PG,CZ,8
PG,DK,7
PG,EE,1
PG,ES,13
PG,FI,8
PG,GB,1438
PG,HU,1
PG,IE,15
PG,LU,4
PG,NL,110
PG,NO,13
PG,PH,62
PG,SB,548
PG,SE,27
PG,VU,68
PG,WS,36
PH,AD,457
PH,AE,564769
PH,AR,58
PH,AT,12810
PH,AU,282525
PH,BE,11128
PH,BG,155
PH,BH,59392
PH,BN,14664
PH,BO,51
PH,BR,452
PH,BS,1196
PH,BT,19
PH,CA,712170
PH,CH,14305
PH,CL,1569
PH,CN,56657
PH,CR,167
PH,CY,7236
PH,CZ,1111
PH,DE,52571
PH,DK,10032
PH,DO,50
PH,EC,130
PH,EE,74
PH,EG,1101
PH,ES,58961
PH,FI,3919
PH,FM,126
PH,FR,19965
PH,GB,146489
PH,GH,29
PH,GR,3978
PH,GT,71
PH,HR,69
PH,HU,200
PH,ID,4231
PH,IE,20098
PH,IS,2190
PH,IT,189261
PH,JO,3868
PH,JP,275251
PH,KH,162
PH,KP,2991
PH,KR,64942
PH,KW,196910
PH,LB,852
PH,LC,22
PH,LI,57
PH,LT,54
PH,LU,828
PH,LV,77
PH,LY,4707
PH,MH,540
PH,MN,181
PH,MT,1445
PH,MV,991
PH,MY,117990
PH,NA,256
PH,NL,14210
PH,NO,25116
PH,NR,65
PH,NZ,71002
PH,OM,46233
PH,PA,1923
PH,PE,612
PH,PG,1463
PH,PL,230
PH,PT,469
PH,PW,3021
PH,QA,170052
PH,RO,25
PH,RS,42
PH,RU,145
PH,SA,644829
PH,SB,115
PH,SC,718
PH,SE,13627
PH,SG,14942
PH,SI,162
PH,SK,16
PH,SV,19
PH,TH,1361
PH,TL,370
PH,TR,899
PH,TT,383
PH,US,2134086
PH,VE,149
PH,VN,118
PK,AE,996288
PK,AF,102500
PK,AR,6
PK,AT,5871
PK,AU,74127
PK,BE,12303
PK,BG,290
PK,BH,104697
PK,BN,893
PK,BO,25
PK,BR,2094
PK,BT,22
PK,BW,464
PK,BY,45
PK,CA,208794
PK,CH,5046
PK,CL,661
PK,CN,3414
PK,CR,11
PK,CY,1422
PK,CZ,421
PK,DE,67955
PK,DK,11566
PK,DO,81
PK,EC,38
PK,EE,197
PK,EG,619
PK,ES,101299
PK,FI,2441
PK,FJ,1867
PK,FR,33024
PK,GB,540697
PK,GE,86
PK,GH,76
PK,GR,3925
PK,GT,26
PK,HU,362
PK,ID,8646
PK,IE,12028
PK,IN,833314
PK,IQ,688
PK,IR,12574
PK,IS,87
PK,IT,101779
PK,JO,3273
PK,JP,16434
PK,KH,42
PK,KP,172
PK,KR,10720
PK,KW,339032
PK,LB,721
PK,LI,8
PK,LK,1084
PK,LS,419
PK,LT,6
PK,LU,261
PK,LV,178
PK,LY,2625
PK,MM,3101
PK,MN,21
PK,MT,549
PK,MU,187
PK,MV,329
PK,MY,85013
PK,MZ,1412
PK,NA,173
PK,NL,11876
PK,NO,21729
PK,NP,1212
PK,NZ,6114
PK,OM,250093
PK,PA,99
PK,PE,134
PK,PH,530
PK,PL,262
PK,PT,1820
PK,QA,235505
PK,RO,24
PK,RU,726
PK,SA,1483736
PK,SC,22
PK,SE,15188
PK,SG,126848
PK,SI,40
PK,SK,25
PK,TH,2202
PK,TJ,103
PK,TL,303
PK,TR,1476
PK,TZ,595
PK,UG,996
PK,US,418134
PK,VE,12
PK,VN,622
PK,ZA,13290
PL,AR,7387
PL,AT,72963
PL,AU,61994
PL,BE,73786
PL,BG,1946
PL,BO,243
PL,BR,4421
PL,BS,21
PL,BY,470
PL,CA,146780
PL,CH,41635
PL,CL,398
PL,CR,361
PL,CU,11
PL,CY,711
PL,CZ,14515
PL,DE,1820505
PL,DK,34487
PL,DO,45
PL,EC,327
PL,EE,538
PL,EG,380
PL,ES,56228
PL,FI,3943
PL,FR,88118
PL,GB,841343
PL,GE,181
PL,GH,53
PL,GR,7250
PL,HR,691
PL,HU,1244
PL,IE,166683
PL,IL,68372
PL,IS,22295
PL,IT,126560
PL,JO,81
PL,JP,1648
PL,KG,3125
PL,LI,76
PL,LT,1854
PL,LU,4711
PL,LV,563
PL,LY,723
PL,MD,130
PL,MK,98
PL,MN,13
PL,MT,749
PL,MX,749
PL,NA,176
PL,NL,126154
PL,NO,103197
PL,NZ,2900
PL,PA,235
PL,PE,371
PL,PH,116
PL,PT,958
PL,PY,943
PL,RO,50
PL,RS,773
PL,RU,29190
PL,SE,87077
PL,SI,402
PL,SK,1821
PL,SM,31
PL,TJ,35
PL,TR,4473
PL,UA,3128
PL,US,433842
PL,UY,1390
PL,VE,857
PL,ZA,11900
PS,AE,58307
PS,AT,339
PS,AU,3324
PS,BE,2599
PS,BG,83
PS,BH,6129
PS,BO,13
PS,CA,6282
PS,CH,99
PS,CY,2444
PS,CZ,77
PS,DO,19
PS,DZ,31098
PS,EC,101
PS,EE,8
PS,EG,135931
PS,ES,1028
PS,FI,52
PS,FR,1419
PS,GR,1907
PS,GT,48
PS,HN,156
PS,HR,40
PS,HU,63
PS,IE,84
PS,IQ,12163
PS,IS,22
PS,IT,537
PS,JO,2272412
PS,KW,15465
PS,LB,476033
PS,LT,8
PS,LU,29
PS,LV,2
PS,LY,305476
PS,MR,175
PS,MT,120
PS,NL,284
PS,NO,3517
PS,PA,200
PS,QA,5695
PS,RO,9
PS,RS,76
PS,RU,564
PS,SE,7420
PS,SI,5
PS,SK,12
PS,SV,46
PS,SY,596357
PS,TH,15
PS,TN,590
PS,UA,1537
PS,VE,454
PS,YE,3827
PT,AD,11532
PT,AO,5292
PT,AR,5008
PT,AT,2822
PT,AU,21929
PT,BE,34988
PT,BG,569
PT,BO,195
PT,BR,175251
PT,BS,15
PT,BW,464
PT,CA,124670
PT,CG,1431
PT,CH,223415
PT,CL,686
PT,CR,94
PT,CV,1225
PT,CY,61
PT,CZ,327
PT,DE,130208
PT,DK,2343
PT,DO,109
PT,EC,383
PT,EE,171
PT,EG,43
PT,ES,108675
PT,FI,465
PT,FR,638588
PT,GB,158693
PT,GR,148
PT,GT,29
PT,GW,601
PT,HR,48
PT,HU,221
PT,IE,3246
PT,IN,332
PT,IS,1193
PT,IT,5347
PT,JP,579
PT,LI,424
PT,LK,32
PT,LT,118
PT,LU,70274
PT,LV,32
PT,MD,671
PT,MT,171
PT,MX,625
PT,MZ,4549
PT,NA,450
PT,NL,17578
PT,NO,3633
PT,PA,304
PT,PE,242
PT,PH,61
PT,PL,156
PT,RO,88
PT,RS,38
PT,RU,230
PT,SE,3892
PT,SI,59
PT,SK,63
PT,ST,104
PT,SV,14
PT,TH,549
PT,TL,270
PT,US,184263
PT,UY,668
PT,VE,51471
PT,ZA,11857
PW,BR,26
PW,ES,2
PW,FM,287
PW,GR,79
PW,NL,1
PW,NO,2
PW,PH,35
PW,SE,6
PY,AR,685716
PY,AT,209
PY,AU,656
PY,BE,489
PY,BG,3
PY,BO,4772
PY,BR,49843
PY,CA,9123
PY,CH,1448
PY,CL,5854
PY,CR,99
PY,CY,6
PY,CZ,14
PY,DE,4767
PY,DK,77
PY,DO,25
PY,EC,252
PY,ES,112933
PY,FI,22
PY,FR,1771
PY,GB,831
PY,GR,36
PY,GT,62
PY,HN,35
PY,HU,7
PY,IE,32
PY,IT,3782
PY,LI,2
PY,LU,31
PY,NL,195
PY,NO,179
PY,PA,144
PY,PE,1034
PY,PT,50
PY,RO,5
PY,RU,34
PY,SE,198
PY,SI,5
PY,SK,1
PY,SV,11
PY,US,22262
PY,UY,1225
PY,VE,200
QA,AE,2672
QA,AT,60
QA,AU,970
QA,BE,97
QA,BG,58
QA,BH,281
QA,BO,1
QA,CA,4635
QA,CR,4
QA,CY,9
QA,CZ,5
QA,DK,136
QA,EE,3
QA,EG,402
QA,ES,144
QA,FI,21
QA,GB,2363
QA,GR,502
QA,HU,41
QA,IE,44
QA,IS,2
QA,JO,224
QA,KW,674
QA,LK,274
QA,LT,9
QA,LU,9
QA,LV,3
QA,LY,1507
QA,NL,264
QA,NO,93
QA,OM,491
QA,PH,127
QA,PL,17
QA,PS,9336
QA,RO,3
QA,RU,24
QA,SE,289
QA,SK,3
RO,AR,1087
RO,AT,116886
RO,AU,19368
RO,BA,378
RO,BE,86251
RO,BG,3519
RO,BO,80
RO,BR,2164
RO,BS,109
RO,BY,21
RO,CA,96230
RO,CH,27430
RO,CL,532
RO,CR,118
RO,CU,60
RO,CY,5463
RO,CZ,6207
RO,DE,557142
RO,DK,23622
RO,DO,42
RO,EC,314
RO,EE,232
RO,EG,243
RO,ES,600861
RO,FI,3035
RO,FR,152283
RO,GB,396271
RO,GE,220
RO,GR,21149
RO,HR,468
RO,HU,77071
RO,IE,26086
RO,IL,106302
RO,IS,1736
RO,IT,1280122
RO,JO,269
RO,KG,469
RO,LI,38
RO,LT,327
RO,LU,4872
RO,LV,52
RO,LY,635
RO,MD,1880
RO,MK,22
RO,MT,2046
RO,NA,31
RO,NL,24303
RO,NO,15284
RO,NZ,2516
RO,PA,215
RO,PE,340
RO,PH,35
RO,PL,3168
RO,PT,21813
RO,RS,3779
RO,RU,3906
RO,SE,29135
RO,SI,410
RO,SK,2267
RO,SM,146
RO,TR,30210
RO,US,170714
RO,UY,728
RO,VE,823
RS,AT,172933
RS,AU,44577
RS,BA,13658
RS,BE,750
RS,BG,3286
RS,BO,25
RS,BR,577
RS,BY,32
RS,CA,60165
RS,CH,262022
RS,CY,2571
RS,CZ,2458
RS,DE,184574
RS,DK,3269
RS,DO,76
RS,EE,44
RS,ES,5816
RS,FI,209
RS,FR,94441
RS,GB,10572
RS,GR,2031
RS,HR,53985
RS,HU,17105
RS,IS,742
RS,IT,79462
RS,JO,56
RS,LI,434
RS,LT,11
RS,LU,5975
RS,LV,17
RS,MK,27279
RS,MT,1662
RS,NL,278
RS,NO,7467
RS,NZ,1226
RS,PA,31
RS,PL,1430
RS,PT,245
RS,RO,108
RS,RU,261
RS,SE,22835
RS,SI,49458
RS,SK,582
RS,US,94604
RS,VE,1036
RU,AM,19082
RU,AR,1902
RU,AT,33468
RU,AU,28445
RU,AZ,27453
RU,BA,164
RU,BE,7663
RU,BG,32789
RU,BO,363
RU,BR,1761
RU,BS,58
RU,BY,672479
RU,CA,93686
RU,CF,143
RU,CG,2558
RU,CH,27636
RU,CL,1316
RU,CN,2297
RU,CO,646
RU,CR,717
RU,CU,344
RU,CV,737
RU,CY,13190
RU,CZ,25495
RU,DE,1014613
RU,DK,5265
RU,DO,503
RU,DZ,784
RU,EC,1563
RU,EE,83687
RU,EG,7536
RU,ES,98940
RU,FI,12054
RU,FR,82376
RU,GB,36420
RU,GE,37266
RU,GH,76
RU,GR,25089
RU,HN,26
RU,HR,1232
RU,HU,1679
RU,IE,8605
RU,IL,111398
RU,IN,1249
RU,IQ,272
RU,IS,462
RU,IT,74551
RU,JO,599
RU,JP,9118
RU,KG,108854
RU,KH,30
RU,KP,146
RU,KR,5472
RU,KZ,2476019
RU,LB,132
RU,LI,71
RU,LK,151
RU,LT,50578
RU,LU,2589
RU,LV,84890
RU,LY,7734
RU,MD,40017
RU,MK,212
RU,ML,445
RU,MN,3232
RU,MR,65
RU,MT,2865
RU,MU,48
RU,MX,1827
RU,NA,474
RU,NI,202
RU,NL,4304
RU,NO,19026
RU,NZ,8502
RU,PA,1191
RU,PE,1195
RU,PG,24
RU,PH,71
RU,PL,49518
RU,PT,5510
RU,RO,333
RU,RS,3925
RU,SC,96
RU,SE,20295
RU,SI,2948
RU,SK,801
RU,SM,38
RU,SV,18
RU,TJ,234998
RU,TM,74600
RU,TR,20590
RU,UA,3330586
RU,UG,252
RU,US,486830
RU,UZ,871047
RU,VE,635
RW,AO,1260
RW,AT,241
RW,AU,997
RW,BE,13743
RW,BG,1
RW,BI,76566
RW,BO,1
RW,BR,17
RW,CA,5698
RW,CD,251333
RW,CG,24955
RW,CH,724
RW,CR,1
RW,CZ,12
RW,DE,1163
RW,DK,344
RW,EE,4
RW,EG,45
RW,ER,407
RW,ES,297
RW,ET,138
RW,FI,413
RW,FR,6772
RW,GA,210
RW,GB,4504
RW,GH,437
RW,GR,41
RW,HU,8
RW,IE,101
RW,IT,235
RW,KE,5510
RW,LT,1
RW,LU,175
RW,LV,1
RW,ML,553
RW,MW,6280
RW,NA,374
RW,NL,959
RW,NO,681
RW,RU,44
RW,SE,684
RW,SI,1
RW,SZ,387
RW,TG,669
RW,TH,4
RW,TZ,516
RW,UG,65676
RW,US,13953
RW,ZA,5550
RW,ZM,9203
SA,AE,6579
SA,AR,79
SA,AT,797
SA,AU,13620
SA,BE,953
SA,BG,139
SA,BH,690
SA,BO,13
SA,BR,416
SA,CA,22997
SA,CH,665
SA,CR,16
SA,CY,235
SA,CZ,192
SA,DE,4568
SA,DK,362
SA,DO,18
SA,DZ,3852
SA,EC,91
SA,EE,13
SA,EG,8238
SA,ES,1380
SA,FI,381
SA,FR,3179
SA,GB,27991
SA,GN,272
SA,GR,191
SA,GT,32
SA,HU,157
SA,ID,2379
SA,IE,559
SA,IN,14448
SA,IQ,680
SA,IS,15
SA,IT,1759
SA,JO,5063
SA,KW,2252
SA,LB,1115
SA,LK,1415
SA,LT,13
SA,LU,55
SA,LV,10
SA,LY,37866
SA,ML,1699
SA,MR,332
SA,MT,77
SA,NL,2816
SA,NO,992
SA,OM,2137
SA,PA,59
SA,PE,59
SA,PH,779
SA,PL,208
SA,PS,24952
SA,QA,912
SA,RO,11
SA,RU,216
SA,SE,5780
SA,SI,16
SA,SK,10
SA,SN,668
SA,TH,1
SA,TR,3726
SA,US,94626
SA,VE,1525
SB,AT,10
SB,AU,2475
SB,BE,3
SB,BO,1
SB,DK,1
SB,ES,2
SB,FI,2
SB,FJ,718
SB,GB,428
SB,IE,1
SB,NL,10
SB,NO,4
SB,NR,73
SB,PG,220
SB,SE,3
SB,VU,121
SB,WS,8
SC,AT,31
SC,AU,3455
SC,BE,79
SC,BG,1
SC,BR,38
SC,BW,9
SC,CA,1106
SC,CY,6
SC,CZ,4
SC,DK,16
SC,EG,19
SC,ES,43
SC,FI,5
SC,GB,4304
SC,GR,10
SC,HU,3
SC,IE,12
SC,IT,972
SC,LK,23
SC,LU,8
SC,MU,124
SC,MZ,16940
SC,NA,57
SC,NL,76
SC,NO,14
SC,SE,64
SC,SK,3
SC,TZ,332
SD,AE,133226
SD,AR,7
SD,AT,754
SD,AU,22905
SD,BE,1411
SD,BG,48
SD,BH,13982
SD,BO,2
SD,CA,17483
SD,CD,5370
SD,CF,20694
SD,CH,1824
SD,CR,1
SD,CY,525
SD,CZ,40
SD,DE,3765
SD,DK,671
SD,DZ,1567
SD,EE,21
SD,EG,60066
SD,ER,182
SD,ES,554
SD,ET,41959
SD,FI,926
SD,FR,17021
SD,GB,19204
SD,GH,26
SD,GR,826
SD,HR,60
SD,HU,77
SD,IE,766
SD,IQ,3826
SD,IT,6116
SD,JO,6009
SD,KE,9927
SD,KW,49399
SD,LB,2201
SD,LT,2
SD,LU,96
SD,LV,4
SD,LY,15401
SD,ML,708
SD,MT,404
SD,NA,207
SD,NE,1771
SD,NL,4826
SD,NO,4925
SD,OM,19879
SD,PH,64
SD,PL,141
SD,QA,23415
SD,RU,256
SD,SA,481215
SD,SE,5551
SD,SI,16
SD,SK,4
SD,SS,587667
SD,SY,208
SD,TD,372594
SD,TH,1
SD,UG,62671
SD,US,63908
SD,YE,27044
SE,AD,51
SE,AR,205
SE,AT,2939
SE,AU,13140
SE,BE,2999
SE,BG,514
SE,BO,326
SE,BR,804
SE,BS,29
SE,BT,22
SE,BW,437
SE,BY,334
SE,CA,7665
SE,CF,11
SE,CH,9982
SE,CL,1518
SE,CR,164
SE,CY,921
SE,CZ,369
SE,DE,18807
SE,DK,19707
SE,DO,76
SE,EC,364
SE,EE,716
SE,EG,355
SE,ES,20400
SE,FI,26323
SE,FR,8202
SE,GB,36042
SE,GR,2489
SE,GT,49
SE,HN,32
SE,HR,588
SE,HU,661
SE,IE,2453
SE,IL,689
SE,IS,2141
SE,IT,5203
SE,JO,89
SE,JP,1781
SE,LI,25
SE,LK,129
SE,LR,199
SE,LT,529
SE,LU,1364
SE,LV,205
SE,LY,797
SE,MT,1403
SE,MV,37
SE,MX,710
SE,NA,104
SE,NI,34
SE,NL,4582
SE,NO,49631
SE,NZ,2795
SE,PA,254
SE,PE,535
SE,PH,644
SE,PL,1190
SE,PT,775
SE,RO,48
SE,RS,1362
SE,RU,472
SE,SI,343
SE,SK,81
SE,SV,35
SE,TH,724
SE,TR,6116
SE,UG,23
SE,US,53644
SE,VE,106
SG,AR,2
SG,AT,335
SG,AU,65520
SG,BD,9395
SG,BE,651
SG,BG,34
SG,BN,1678
SG,BO,1
SG,BR,145
SG,BT,17
SG,CA,13797
SG,CH,1813
SG,CR,9
SG,CY,31
SG,CZ,78
SG,DE,2672
SG,DK,743
SG,EE,12
SG,EG,143
SG,ES,600
SG,FI,211
SG,FR,2855
SG,GB,54700
SG,GR,37
SG,HU,36
SG,ID,23681
SG,IE,280
SG,IN,7668
SG,IS,22
SG,IT,706
SG,JP,3033
SG,KH,130
SG,LI,9
SG,LK,612
SG,LT,5
SG,LU,139
SG,LV,2
SG,LY,714
SG,ML,955
SG,MT,89
SG,MV,83
SG,MY,92226
SG,NL,3627
SG,NO,891
SG,NZ,7817
SG,PA,54
SG,PG,48
SG,PH,871
SG,PT,25
SG,RO,3
SG,RU,49
SG,SE,843
SG,SI,3
SG,SK,5
SG,TH,757
SG,TL,79
SG,US,42100
SG,VE,17
SG,VN,1845
SI,AR,817
SI,AT,23370
SI,AU,9931
SI,BA,1830
SI,BE,251
SI,BG,128
SI,BO,10
SI,BR,224
SI,CA,6724
SI,CF,44
SI,CH,5944
SI,CY,14
SI,CZ,312
SI,DE,37478
SI,DK,378
SI,EE,28
SI,ES,1363
SI,FI,80
SI,GB,3691
SI,GR,60
SI,HR,18432
SI,HU,161
SI,IE,272
SI,IS,70
SI,IT,8561
SI,LI,107
SI,LT,9
SI,LU,559
SI,LV,8
SI,MK,254
SI,MT,61
SI,NL,466
SI,NO,449
SI,PE,52
SI,PL,192
SI,PT,53
SI,RO,5
SI,RS,12761
SI,RU,348
SI,SE,1291
SI,SK,86
SI,VE,95
SK,AT,41229
SK,AU,8679
SK,BA,3165
SK,BE,1636
SK,BG,393
SK,BO,22
SK,BR,267
SK,BY,25
SK,CA,12250
SK,CH,21137
SK,CR,27
SK,CY,138
SK,CZ,75754
SK,DE,51567
SK,DK,2340
SK,EC,51
SK,EE,128
SK,EG,61
SK,ES,6573
SK,FI,263
SK,FR,4933
SK,GB,72669
SK,GR,409
SK,HR,603
SK,HU,7678
SK,IE,15464
SK,IS,580
SK,IT,9879
SK,JO,22
SK,LI,55
SK,LT,68
SK,LU,810
SK,LV,26
SK,MK,35
SK,MN,2
SK,MT,305
SK,NL,1411
SK,NO,3882
SK,PA,44
SK,PL,1631
SK,PT,90
SK,RO,20
SK,RS,538
SK,RU,1830
SK,SE,1745
SK,SI,529
SK,US,18326
SK,VE,22
SL,AT,226
SL,AU,4728
SL,BE,2232
SL,BG,1
SL,BO,2
SL,BR,6
SL,CA,3642
SL,CI,853
SL,CV,15
SL,CY,1
SL,CZ,15
SL,DE,3103
SL,DK,276
SL,EE,6
SL,EG,61
SL,ES,1108
SL,FI,113
SL,GB,26824
SL,GH,2740
SL,GM,2608
SL,GN,12945
SL,GR,76
SL,GW,585
SL,HU,9
SL,IE,254
SL,IS,19
SL,IT,1510
SL,LR,16854
SL,LU,19
SL,LY,251
SL,ML,2471
SL,NA,170
SL,NG,4363
SL,NL,3158
SL,NO,533
SL,PT,47
SL,RO,1
SL,SE,861
SL,SI,4
SL,SN,912
SL,TG,104
SL,US,51437
SM,AR,15
SM,AT,1
SM,BE,12
SM,BG,3
SM,BR,43
SM,CA,354
SM,ES,39
SM,HU,1
SM,IT,996
SM,LU,3
SM,NL,4
SM,NO,4
SM,RU,44
SM,SE,4
SN,AT,369
SN,AU,469
SN,BE,6303
SN,BF,4191
SN,BG,14
SN,BO,7
SN,BR,6266
SN,CA,11237
SN,CG,13178
SN,CH,2754
SN,CI,30367
SN,CM,3673
SN,CR,2
SN,CV,1562
SN,CY,6
SN,CZ,47
SN,DE,5659
SN,DK,156
SN,EE,2
SN,EG,425
SN,ES,85005
SN,FI,166
SN,FR,151493
SN,GA,30651
SN,GB,1787
SN,GH,86
SN,GM,132679
SN,GR,270
SN,GW,9093
SN,HU,18
SN,IE,26
SN,IS,29
SN,IT,119081
SN,LI,2
SN,LR,302
SN,LU,657
SN,LY,1195
SN,MA,1946
SN,ML,24258
SN,MR,19294
SN,NA,30
SN,NE,1468
SN,NI,195
SN,NL,985
SN,NO,319
SN,PL,84
SN,PT,1926
SN,RO,7
SN,RU,71
SN,SE,905
SN,SI,2
SN,SK,4
SN,TG,1016
SN,TN,433
SN,US,33289
SN,VE,13
SN,ZM,175
SO,AE,9734
SO,AR,2
SO,AT,8232
SO,AU,9774
SO,BE,6890
SO,BG,23
SO,BH,1020
SO,BO,4
SO,CA,26952
SO,CH,6532
SO,CR,1
SO,CY,9
SO,CZ,11
SO,DE,30466
SO,DJ,94977
SO,DK,9178
SO,DZ,11361
SO,EE,2
SO,EG,20501
SO,ER,2156
SO,ES,425
SO,ET,411152
SO,FI,9511
SO,FR,5575
SO,GB,151361
SO,GR,1683
SO,HU,157
SO,IE,692
SO,IQ,419
SO,IS,9
SO,IT,8009
SO,JO,763
SO,KE,425283
SO,KW,3435
SO,LI,23
SO,LT,1
SO,LU,71
SO,LV,2
SO,LY,111588
SO,MT,4101
SO,MW,102
SO,MY,3294
SO,NA,97
SO,NI,37
SO,NL,21865
SO,NO,29842
SO,QA,1263
SO,RO,4
SO,RU,57
SO,SC,63
SO,SD,178
SO,SE,64468
SO,SI,15
SO,SK,4
SO,SY,1080
SO,SZ,304
SO,TH,137
SO,TZ,2641
SO,UG,37960
SO,US,110961
SO,YE,280940
SO,ZA,54999
SR,AG,45
SR,AR,5
SR,AT,22
SR,AU,196
SR,BB,46
SR,BE,4392
SR,BG,2
SR,BR,346
SR,CA,377
SR,CR,22
SR,CY,1
SR,CZ,8
SR,DK,26
SR,DM,18
SR,DO,27
SR,EE,2
SR,ES,216
SR,FI,1
SR,FR,31335
SR,GB,462
SR,GR,3
SR,GY,2715
SR,HU,4
SR,IE,13
SR,LC,20
SR,LU,19
SR,NL,158694
SR,NO,38
SR,PH,131
SR,SE,53
SR,VE,43
SS,AE,15924
SS,AU,9871
SS,BH,1671
SS,CD,90971
SS,CF,2236
SS,DK,13
SS,EG,19013
SS,ER,1301
SS,ES,11
SS,ET,409890
SS,FI,6
SS,IQ,298
SS,IT,574
SS,JO,278
SS,KE,121553
SS,KW,1871
SS,LB,60
SS,LY,1896
SS,NL,14
SS,NO,183
SS,OM,405
SS,QA,2069
SS,SD,867593
SS,SE,83
SS,UG,1022433
SS,US,10465
SS,YE,551
ST,AO,6852
ST,AT,1
ST,BE,123
ST,BR,73
ST,CA,236
ST,CF,78
ST,CV,1810
ST,DK,1
ST,ES,179
ST,GA,6540
ST,GB,685
ST,GQ,1794
ST,GR,2
ST,LU,155
ST,NL,145
ST,NO,5
ST,PT,17306
ST,SE,11
ST,TG,39
SV,AR,74
SV,AT,104
SV,AU,12821
SV,BE,1012
SV,BG,12
SV,BO,141
SV,BR,288
SV,BS,76
SV,BZ,10016
SV,CA,56939
SV,CH,762
SV,CL,880
SV,CO,783
SV,CR,16681
SV,CY,9
SV,CZ,31
SV,DE,1250
SV,DK,84
SV,DO,278
SV,EC,544
SV,EE,3
SV,EG,212
SV,ES,21307
SV,FI,59
SV,FR,1800
SV,GB,1291
SV,GR,23
SV,GT,20684
SV,HN,9070
SV,HU,7
SV,IE,32
SV,IS,29
SV,IT,20463
SV,JM,134
SV,LI,1
SV,LU,44
SV,LY,754
SV,MX,16448
SV,NI,2557
SV,NL,423
SV,NO,231
SV,PA,4146
SV,PE,203
SV,PT,85
SV,RO,3
SV,SE,2929
SV,US,1419749
SV,VE,957
SY,AE,52924
SY,AG,254
SY,AM,17416
SY,AR,1135
SY,AT,51292
SY,AU,22980
SY,BE,31384
SY,BG,17848
SY,BH,5554
SY,BO,2
SY,BR,8004
SY,BY,80
SY,CA,67049
SY,CH,20077
SY,CL,583
SY,CR,13
SY,CY,11716
SY,CZ,883
SY,DE,605045
SY,DK,29240
SY,DM,13
SY,DO,25
SY,DZ,7757
SY,EC,165
SY,EE,126
SY,EG,125672
SY,ES,9597
SY,FI,4886
SY,FR,35065
SY,GA,27
SY,GB,11534
SY,GH,58
SY,GR,19064
SY,GT,83
SY,HR,167
SY,HU,930
SY,ID,2380
SY,IE,3344
SY,IL,10329
SY,IQ,254440
SY,IS,241
SY,IT,5382
SY,JO,698702
SY,KW,23156
SY,LB,1042784
SY,LC,129
SY,LI,33
SY,LK,72
SY,LT,414
SY,LU,1719
SY,LV,48
SY,LY,44450
SY,MA,3678
SY,MR,605
SY,MT,3242
SY,NL,74959
SY,NO,32048
SY,PA,329
SY,PH,64
SY,PL,761
SY,PS,5731
SY,PT,441
SY,QA,24749
SY,RO,120
SY,RS,123
SY,RU,3262
SY,SA,823261
SY,SE,174688
SY,SI,222
SY,SK,63
SY,TN,1383
SY,TR,3392819
SY,UA,3780
SY,US,111634
SY,VE,14738
SY,YE,4014
SZ,AT,23
SZ,AU,409
SZ,BE,57
SZ,BS,11
SZ,BW,609
SZ,CA,579
SZ,CR,1
SZ,DK,40
SZ,ES,7
SZ,FI,8
SZ,GB,1544
SZ,GR,7
SZ,HU,1
SZ,IE,25
SZ,LS,67
SZ,LU,1
SZ,NA,204
SZ,NL,80
SZ,NO,21
SZ,PT,547
SZ,SE,28
SZ,TZ,77
SZ,ZA,44836
TD,AE,5350
TD,AO,1889
TD,AT,17
TD,AU,48
TD,BE,507
TD,BG,5
TD,BH,562
TD,BJ,1213
TD,CA,1200
TD,CF,10608
TD,CG,10495
TD,CM,27852
TD,CZ,3
TD,DE,783
TD,DK,20
TD,DO,4
TD,EG,334
TD,ES,107
TD,FI,8
TD,FR,10305
TD,GA,4543
TD,GB,348
TD,GH,16
TD,GN,371
TD,GR,7
TD,HU,2
TD,IE,10
TD,IT,507
TD,JO,26
TD,KW,1413
TD,LU,12
TD,LY,918
TD,ML,694
TD,MR,55
TD,NE,1459
TD,NG,31261
TD,NL,83
TD,NO,32
TD,QA,520
TD,RO,1
TD,RU,150
TD,SD,103065
TD,SE,125
TD,SK,33
TD,SN,819
TD,SS,5316
TD,TG,718
TG,AT,212
TG,AU,387
TG,BE,5933
TG,BF,15999
TG,BG,3
TG,BJ,103609
TG,BO,1
TG,BR,11
TG,CA,4573
TG,CF,9
TG,CG,2418
TG,CH,2440
TG,CI,41508
TG,CZ,12
TG,DE,13486
TG,DK,122
TG,EE,2
TG,ES,539
TG,FI,71
TG,FR,26882
TG,GA,23129
TG,GB,1429
TG,GH,103799
TG,GN,819
TG,GR,9
TG,HU,9
TG,IE,146
TG,IS,2
TG,IT,7190
TG,LR,321
TG,LU,430
TG,ML,4497
TG,MR,157
TG,NE,12392
TG,NG,158262
TG,NL,975
TG,NO,117
TG,PT,69
TG,SE,361
TG,SN,2471
TG,TH,2
TG,UG,2
TG,US,33332
TH,AE,12820
TH,AR,61
TH,AT,6016
TH,AU,84066
TH,BD,10343
TH,BE,9411
TH,BG,57
TH,BH,1347
TH,BN,15675
TH,BO,9
TH,BR,583
TH,BT,63
TH,CA,21893
TH,CH,22646
TH,CN,11778
TH,CR,8
TH,CY,260
TH,CZ,1034
TH,DE,70405
TH,DK,11691
TH,EE,76
TH,EG,1080
TH,ES,2688
TH,FI,8972
TH,FR,21196
TH,GB,39877
TH,GN,412
TH,GR,180
TH,HU,537
TH,ID,23681
TH,IE,702
TH,IS,1441
TH,IT,9325
TH,JO,105
TH,JP,53087
TH,KH,33048
TH,KP,573
TH,KR,159264
TH,KW,4073
TH,LA,3523
TH,LI,87
TH,LK,276
TH,LT,19
TH,LU,598
TH,LV,21
TH,LY,3041
TH,ML,523
TH,MT,320
TH,MV,324
TH,MY,15790
TH,NA,76
TH,NL,13528
TH,NO,22977
TH,NZ,12394
TH,PA,171
TH,PE,38
TH,PH,360
TH,PL,117
TH,PT,1369
TH,QA,2332
TH,RO,6
TH,RU,215
TH,SC,240
TH,SE,39819
TH,SG,18253
TH,SI,316
TH,SK,30
TH,TL,60
TH,US,278650
TH,VE,66
TH,VN,12193
TJ,AF,4421
TJ,AT,609
TJ,AU,159
TJ,AZ,235
TJ,BE,66
TJ,BG,169
TJ,BO,1
TJ,BR,8
TJ,BY,5595
TJ,CA,1564
TJ,CH,118
TJ,CY,6
TJ,CZ,231
TJ,DE,27399
TJ,DK,30
TJ,EE,268
TJ,EG,129
TJ,ES,125
TJ,FI,49
TJ,GB,340
TJ,GE,148
TJ,GR,44
TJ,HU,6
TJ,IE,25
TJ,IL,1904
TJ,IS,2
TJ,IT,15
TJ,KG,2146
TJ,KZ,16645
TJ,LT,350
TJ,LU,21
TJ,LV,419
TJ,LY,723
TJ,NL,68
TJ,NO,124
TJ,PL,198
TJ,RU,466252
TJ,SE,364
TJ,SK,4
TJ,TM,1465
TJ,UA,29857
TJ,UZ,11407
TL,AT,34
TL,AU,10950
TL,BE,4
TL,BR,62
TL,CA,16
TL,CV,7
TL,ES,13
TL,GB,2807
TL,GR,97
TL,ID,23681
TL,IE,2
TL,IT,84
TL,NO,8
TL,PH,149
TL,PT,1656
TL,SE,5
TM,AM,811
TM,AT,222
TM,AU,114
TM,AZ,1644
TM,BE,14
TM,BG,317
TM,BR,26
TM,BY,5382
TM,CA,1760
TM,CY,8
TM,CZ,128
TM,DE,6227
TM,DK,15
TM,EE,232
TM,EG,47
TM,ES,97
TM,FI,28
TM,GB,542
TM,GE,202
TM,GR,52
TM,HU,15
TM,IE,3
TM,IL,2262
TM,IR,1954
TM,IS,1
TM,IT,84
TM,KG,973
TM,KZ,1104
TM,LT,203
TM,LU,18
TM,LV,407
TM,LY,252
TM,NL,31
TM,NO,90
TM,PL,68
TM,RO,6
TM,RS,28
TM,RU,185561
TM,SE,236
TM,SI,7
TM,SK,3
TM,TJ,446
TM,TR,2730
TM,UA,22979
TM,UZ,756
TN,AE,5875
TN,AR,45
TN,AT,4027
TN,AU,785
TN,BE,14981
TN,BG,151
TN,BH,618
TN,BO,1
TN,BR,97
TN,CA,20649
TN,CH,13894
TN,CR,4
TN,CY,35
TN,CZ,698
TN,DE,39302
TN,DK,803
TN,EE,20
TN,EG,785
TN,ES,3450
TN,FI,624
TN,FR,412367
TN,GA,222
TN,GB,6090
TN,GR,274
TN,HU,200
TN,IE,128
TN,IL,22860
TN,IQ,314
TN,IS,41
TN,IT,122175
TN,JO,258
TN,KW,1934
TN,LI,20
TN,LT,8
TN,LU,1134
TN,LV,3
TN,LY,3292
TN,MA,2782
TN,MR,270
TN,MT,968
TN,NL,4321
TN,NO,1163
TN,PH,602
TN,PL,531
TN,PS,801
TN,PT,125
TN,QA,994
TN,RO,73
TN,RS,39
TN,RU,333
TN,SE,5247
TN,SI,85
TN,SK,40
TN,TR,422
TN,US,9628
TN,VE,11
TO,AT,6
TO,AU,12879
TO,BE,3
TO,CA,331
TO,CZ,1
TO,DK,15
TO,ES,6
TO,FJ,1362
TO,FM,17
TO,GB,274
TO,HU,1
TO,NL,5
TO,NO,5
TO,NZ,28331
TO,PG,27
TO,SE,30
TO,US,17984
TO,VU,30
TO,WS,61
TR,AE,38187
TR,AL,1838
TR,AM,537
TR,AR,641
TR,AT,154099
TR,AU,47437
TR,AZ,2023
TR,BE,95074
TR,BG,14454
TR,BH,4008
TR,BO,40
TR,BR,459
TR,BY,23
TR,CA,29125
TR,CF,7
TR,CH,87372
TR,CL,394
TR,CR,10
TR,CY,619
TR,CZ,1967
TR,DE,1562939
TR,DK,26968
TR,DO,32
TR,EE,354
TR,EG,896
TR,ES,6999
TR,FI,5943
TR,FR,274422
TR,GB,97849
TR,GE,472
TR,GR,15273
TR,GT,25
TR,HR,79
TR,HU,1168
TR,IE,634
TR,IL,32216
TR,IN,130
TR,IQ,20676
TR,IR,385
TR,IS,103
TR,IT,18894
TR,JO,1030
TR,KG,1021
TR,KW,13342
TR,KZ,49353
TR,LB,226
TR,LI,581
TR,LK,44
TR,LT,218
TR,LU,1341
TR,LV,175
TR,LY,2704
TR,MD,585
TR,MK,20011
TR,MN,237
TR,MT,692
TR,NA,35
TR,NL,168373
TR,NO,12576
TR,PA,133
TR,PE,95
TR,PH,934
TR,PL,1093
TR,PT,660
TR,QA,5137
TR,RO,350
TR,RS,480
TR,RU,10230
TR,SE,46879
TR,SI,225
TR,SK,86
TR,TH,1
TR,TJ,776
TR,UA,1376
TR,US,146994
TR,VE,122
TT,AG,754
TT,AR,33
TT,AT,107
TT,AU,2161
TT,BB,1506
TT,BE,100
TT,BG,4
TT,BO,6
TT,BR,239
TT,BS,419
TT,CA,62406
TT,CH,132
TT,CR,39
TT,CY,13
TT,CZ,8
TT,DE,859
TT,DK,142
TT,DM,313
TT,DO,23
TT,EC,45
TT,EE,2
TT,ES,242
TT,FI,34
TT,GB,30906
TT,GD,2291
TT,GR,7
TT,GY,519
TT,HU,5
TT,IE,141
TT,IS,5
TT,JM,2343
TT,KN,275
TT,LC,503
TT,LI,1
TT,LU,21
TT,MT,35
TT,NL,860
TT,NO,366
TT,PA,141
TT,SE,280
TT,SK,3
TT,US,239874
TT,VC,1012
TT,VE,2646
TV,AR,4
TV,AU,237
TV,BE,1
TV,CA,255
TV,DK,1
TV,ES,5
TV,FJ,419
TV,GR,3
TV,KI,313
TV,NR,38
TV,NZ,2103
TV,RU,580
TV,WS,58
TZ,AR,1
TZ,AT,215
TZ,AU,4787
TZ,BE,684
TZ,BG,13
TZ,BI,33318
TZ,BO,5
TZ,BR,111
TZ,BW,814
TZ,CA,20642
TZ,CH,616
TZ,CR,5
TZ,CY,145
TZ,CZ,19
TZ,DE,1506
TZ,DK,870
TZ,EE,4
TZ,EG,144
TZ,ER,459
TZ,ES,527
TZ,FI,439
TZ,GB,45428
TZ,GH,9
TZ,GR,177
TZ,HU,26
TZ,IE,162
TZ,IS,25
TZ,IT,2379
TZ,KE,34767
TZ,KM,143
TZ,LI,2
TZ,LS,154
TZ,LT,1
TZ,LU,23
TZ,LV,1
TZ,LY,281
TZ,ML,1033
TZ,MW,7041
TZ,MZ,7423
TZ,NA,1148
TZ,NL,1255
TZ,NO,960
TZ,PG,28
TZ,PL,93
TZ,PT,65
TZ,RU,215
TZ,RW,42714
TZ,SE,1780
TZ,SI,1
TZ,UG,20438
TZ,US,33473
TZ,ZA,11348
TZ,ZM,6617
UA,AM,2452
UA,AR,4451
UA,AT,13531
UA,AU,19405
UA,AZ,2686
UA,BE,2476
UA,BG,11274
UA,BO,126
UA,BR,930
UA,BS,18
UA,BY,222436
UA,CA,71698
UA,CH,12284
UA,CL,706
UA,CR,186
UA,CU,130
UA,CV,22
UA,CY,3313
UA,CZ,87196
UA,DE,244867
UA,DK,9206
UA,DO,76
UA,EC,418
UA,EE,17422
UA,EG,171
UA,ES,117243
UA,FI,2258
UA,FR,28897
UA,GB,22259
UA,GE,12203
UA,GR,9192
UA,HR,711
UA,HU,25361
UA,IE,5969
UA,IL,131302
UA,IS,416
UA,IT,297958
UA,JO,398
UA,KG,26065
UA,KZ,355751
UA,LB,87
UA,LI,61
UA,LT,19192
UA,LU,1369
UA,LV,23791
UA,LY,934
UA,MD,42437
UA,MK,63
UA,MT,868
UA,NA,267
UA,NI,80
UA,NL,2563
UA,NO,5860
UA,NZ,2117
UA,PA,604
UA,PE,456
UA,PL,270964
UA,PT,44268
UA,RO,1585
UA,RS,1437
UA,RU,3268265
UA,SE,9318
UA,SI,2569
UA,SK,2938
UA,SM,67
UA,TJ,1210
UA,TM,7953
UA,TR,4945
UA,US,373499
UA,UZ,123657
UA,VE,196
UG,AR,1
UG,AT,360
UG,AU,4176
UG,BE,789
UG,BG,9
UG,BI,1058
UG,BR,81
UG,BS,12
UG,BW,324
UG,CA,14793
UG,CD,5950
UG,CH,573
UG,CR,10
UG,CY,18
UG,CZ,32
UG,DE,2438
UG,DK,1382
UG,EE,8
UG,EG,86
UG,ER,1331
UG,ES,265
UG,ET,202
UG,FI,215
UG,GB,76822
UG,GR,63
UG,HU,34
UG,IE,192
UG,IN,45309
UG,IS,44
UG,IT,812
UG,KE,290598
UG,LS,251
UG,LU,33
UG,LV,1
UG,NA,504
UG,NL,1951
UG,NO,1631
UG,PL,80
UG,PT,25
UG,RU,80
UG,RW,92061
UG,SC,26
UG,SD,1728
UG,SE,4529
UG,SI,2
UG,SK,4
UG,SS,151002
UG,SZ,54
UG,TZ,4325
UG,US,39631
UG,ZA,5804
UG,ZM,559
US,AD,112
US,AE,15619
US,AG,3544
US,AL,2225
US,AR,5260
US,AT,11219
US,AU,114034
US,BB,1044
US,BD,45115
US,BE,15290
US,BG,3453
US,BH,1641
US,BJ,880
US,BN,166
US,BO,5494
US,BR,22411
US,BS,10359
US,BT,141
US,BW,919
US,BY,84
US,BZ,4648
US,CA,299580
US,CF,578
US,CG,164
US,CH,35129
US,CL,15254
US,CM,952
US,CN,20762
US,CO,20811
US,CR,15649
US,CU,186
US,CV,442
US,CY,3230
US,CZ,5368
US,DE,130160
US,DK,11800
US,DM,653
US,DO,19491
US,DZ,1072
US,EC,28549
US,EE,866
US,EG,6075
US,ES,50075
US,FI,4271
US,FM,309
US,FR,55561
US,GA,549
US,GB,183890
US,GD,659
US,GE,109
US,GH,717
US,GN,567
US,GR,10458
US,GT,9407
US,GW,226
US,GY,740
US,HN,7085
US,HR,1521
US,HT,3112
US,HU,3340
US,ID,12697
US,IE,40218
US,IL,92012
US,IN,32867
US,IS,2510
US,IT,53958
US,JM,6349
US,JO,2633
US,JP,58340
US,KH,208
US,KI,42
US,KN,634
US,KP,1049
US,KR,68050
US,KW,5166
US,LB,580
US,LC,946
US,LI,147
US,LK,614
US,LR,399
US,LS,164
US,LT,567
US,LU,2776
US,LV,407
US,LY,10550
US,MA,1971
US,MH,1441
US,ML,2668
US,MN,857
US,MR,116
US,MT,3632
US,MU,47
US,MV,48
US,MX,741145
US,NA,1098
US,NI,3834
US,NL,31137
US,NO,19180
US,NZ,36342
US,PA,17733
US,PE,41547
US,PG,734
US,PH,38981
US,PL,10436
US,PS,8178
US,PT,6691
US,PW,821
US,PY,1706
US,QA,4318
US,RO,224
US,RS,1626
US,RU,4672
US,SB,29
US,SE,20596
US,SG,16719
US,SI,729
US,SK,637
US,SN,371
US,SV,5549
US,SZ,259
US,TG,182
US,TH,4211
US,TJ,293
US,TL,57
US,TN,643
US,TR,10972
US,TT,6439
US,TV,3
US,TZ,1149
US,UA,2782
US,UG,807
US,UY,743
US,VC,346
US,VE,10992
US,VN,3335
US,WS,1604
US,ZA,7336
US,ZM,1169
UY,AD,108
UY,AR,134043
UY,AT,263
UY,AU,12122
UY,BE,497
UY,BG,18
UY,BO,566
UY,BR,30537
UY,BS,17
UY,BY,26
UY,CA,7496
UY,CH,1676
UY,CL,5651
UY,CO,661
UY,CR,374
UY,CY,1
UY,CZ,30
UY,DE,3212
UY,DK,187
UY,DO,189
UY,EC,1002
UY,EE,5
UY,ES,77896
UY,FI,99
UY,GB,1543
UY,GR,49
UY,GT,150
UY,HN,68
UY,HT,279
UY,HU,20
UY,IE,70
UY,IL,6257
UY,IS,13
UY,IT,7235
UY,LT,17
UY,LU,84
UY,LV,2
UY,ML,585
UY,MX,3466
UY,NI,38
UY,NL,614
UY,NO,255
UY,PA,913
UY,PE,1385
UY,PL,115
UY,PT,209
UY,PY,3168
UY,RO,8
UY,RU,119
UY,SE,2059
UY,SI,9
UY,SK,4
UY,SV,76
UY,US,52414
UY,VE,4519
UZ,AF,219
UZ,AM,983
UZ,AT,1147
UZ,AU,2210
UZ,AZ,16254
UZ,BE,391
UZ,BG,927
UZ,BO,6
UZ,BR,32
UZ,BY,14570
UZ,CA,5198
UZ,CH,878
UZ,CR,1
UZ,CY,71
UZ,CZ,1800
UZ,DE,39764
UZ,DK,254
UZ,EE,782
UZ,EG,112
UZ,ES,840
UZ,FI,297
UZ,GB,2100
UZ,GE,765
UZ,GR,3800
UZ,HU,61
UZ,IE,119
UZ,IL,21849
UZ,IS,13
UZ,IT,2027
UZ,KG,8940
UZ,KR,55603
UZ,KZ,296511
UZ,LI,3
UZ,LT,784
UZ,LU,110
UZ,LV,1913
UZ,LY,2123
UZ,MD,691
UZ,MT,56
UZ,NL,217
UZ,NO,680
UZ,PL,609
UZ,PT,823
UZ,RO,4
UZ,RS,80
UZ,RU,1146175
UZ,SE,3975
UZ,SI,95
UZ,SK,15
UZ,TJ,7563
UZ,TM,67004
UZ,TR,10244
UZ,UA,223490
UZ,US,70464
VC,AG,959
VC,AT,10
VC,AU,50
VC,BB,3147
VC,BE,6
VC,BR,37
VC,BS,41
VC,CA,10495
VC,CR,1
VC,DK,2
VC,DM,126
VC,ES,14
VC,FI,1
VC,GB,12251
VC,GD,398
VC,GR,1
VC,GY,216
VC,IE,1
VC,JM,227
VC,KN,173
VC,LC,315
VC,LU,1
VC,NL,518
VC,NO,4
VC,PE,40
VC,SE,17
VC,TT,7141
VC,US,22478
VC,VE,114
VE,AG,39
VE,AR,176369
VE,AT,1254
VE,AU,7036
VE,BE,2447
VE,BG,50
VE,BO,5706
VE,BR,248106
VE,BS,30
VE,CA,29608
VE,CH,5273
VE,CL,471654
VE,CO,1780487
VE,CR,28214
VE,CU,244
VE,CY,61
VE,CZ,207
VE,DE,8552
VE,DK,735
VE,DM,28
VE,DO,34063
VE,EC,388861
VE,EE,34
VE,EG,31
VE,ES,344627
VE,FI,230
VE,FR,11254
VE,GB,8718
VE,GD,322
VE,GR,471
VE,GT,303
VE,GY,23325
VE,HN,103
VE,HR,49
VE,HT,2487
VE,HU,299
VE,IE,166
VE,IL,371
VE,IS,102
VE,IT,48051
VE,JO,30
VE,LC,27
VE,LI,21
VE,LT,23
VE,LU,512
VE,LV,25
VE,MX,61928
VE,NI,164
VE,NL,32751
VE,NO,1260
VE,PA,119552
VE,PE,941889
VE,PL,94
VE,PT,23299
VE,RO,11
VE,RS,35
VE,RU,96
VE,SE,1405
VE,SI,87
VE,SK,5
VE,SV,245
VE,TT,24001
VE,US,419073
VE,UY,14908
VN,AR,5
VN,AT,3287
VN,AU,271282
VN,BD,26987
VN,BE,8052
VN,BG,709
VN,BO,14
VN,BR,161
VN,BY,359
VN,CA,179505
VN,CH,13683
VN,CN,303094
VN,CR,1
VN,CY,61
VN,CZ,33406
VN,DE,106311
VN,DK,8381
VN,EC,50
VN,EE,38
VN,ES,3116
VN,FI,6877
VN,FR,114136
VN,GB,35389
VN,GR,95
VN,HU,1884
VN,IE,832
VN,IN,1325
VN,IS,891
VN,IT,1721
VN,JP,335668
VN,KG,101
VN,KH,39097
VN,KP,766
VN,KR,177274
VN,LA,20270
VN,LI,12
VN,LT,38
VN,LU,532
VN,LV,61
VN,MN,297
VN,MY,101220
VN,NL,12492
VN,NO,15011
VN,NZ,9823
VN,PA,69
VN,PH,438
VN,PL,3660
VN,PT,49
VN,RO,94
VN,RU,13662
VN,SE,18532
VN,SI,21
VN,SK,560
VN,TH,7323
VN,TL,205
VN,UA,12596
VN,US,1403269
VN,VE,10
VN,YE,15
VU,AR,8
VU,AT,6
VU,AU,1488
VU,BE,12
VU,BG,15
VU,DK,3
VU,ES,3
VU,FJ,185
VU,GB,183
VU,GR,29
VU,NL,8
VU,PG,99
VU,SB,63
VU,SE,1
VU,WS,13
WS,AT,6
WS,AU,30893
WS,BE,5
WS,BG,5
WS,CA,170
WS,DK,18
WS,ES,8
WS,FI,2
WS,FJ,301
WS,FM,21
WS,GB,322
WS,GR,203
WS,IE,14
WS,NL,22
WS,NO,4
WS,NZ,57947
WS,SE,25
WS,TO,217
WS,TV,2
WS,US,12793
WS,ZA,2253
YE,AE,205618
YE,AT,352
YE,AU,843
YE,BE,394
YE,BG,93
YE,BH,21604
YE,BY,31
YE,CA,4982
YE,CH,217
YE,CY,14
YE,CZ,124
YE,DE,4221
YE,DJ,5321
YE,DK,137
YE,DZ,2320
YE,EE,13
YE,EG,9158
YE,ES,531
YE,ET,2054
YE,FI,173
YE,GB,20203
YE,GR,124
YE,HU,128
YE,IE,39
YE,IL,30030
YE,IQ,2020
YE,IT,6
YE,JO,29709
YE,KW,70672
YE,LB,529
YE,LU,18
YE,LY,6323
YE,NI,30
YE,NL,1126
YE,NO,627
YE,PL,120
YE,PS,1413
YE,QA,35517
YE,RO,3
YE,RU,646
YE,SA,769946
YE,SE,2383
YE,SI,13
YE,SK,9
YE,SO,13285
YE,TR,71
YE,US,74804
ZA,AG,45
ZA,AO,6295
ZA,AR,127
ZA,AT,2766
ZA,AU,199160
ZA,BE,3903
ZA,BG,336
ZA,BO,18
ZA,BR,2014
ZA,BS,109
ZA,BW,5733
ZA,CA,53975
ZA,CF,52
ZA,CH,8662
ZA,CR,67
ZA,CY,5040
ZA,CZ,364
ZA,DE,17295
ZA,DK,1902
ZA,DO,10
ZA,EC,127
ZA,EE,43
ZA,EG,224
ZA,ER,107
ZA,ES,3385
ZA,FI,799
ZA,FR,7282
ZA,GA,11
ZA,GB,250165
ZA,GR,3161
ZA,HR,190
ZA,HU,215
ZA,IE,11763
ZA,IL,11995
ZA,IS,97
ZA,IT,8810
ZA,JO,58
ZA,KE,96
ZA,KR,2160
ZA,LC,4
ZA,LI,29
ZA,LK,262
ZA,LS,4781
ZA,LT,24
ZA,LU,615
ZA,LV,17
ZA,LY,691
ZA,ML,645
ZA,MT,524
ZA,MU,625
ZA,MW,6053
ZA,MZ,20171
ZA,NA,8883
ZA,NL,14835
ZA,NO,1789
ZA,NZ,73846
ZA,PA,55
ZA,PE,217
ZA,PH,864
ZA,PL,452
ZA,PT,10624
ZA,RO,4
ZA,RS,142
ZA,RU,237
ZA,SC,257
ZA,SE,2936
ZA,SI,79
ZA,SK,35
ZA,SZ,12712
ZA,TR,353
ZA,TZ,633
ZA,US,131383
ZA,VE,67
ZA,ZM,3788
ZA,ZW,19730
ZM,AO,307
ZM,AR,1
ZM,AT,125
ZM,AU,8173
ZM,BE,336
ZM,BG,14
ZM,BO,2
ZM,BW,4415
ZM,CA,3994
ZM,CH,81
ZM,CY,137
ZM,CZ,46
ZM,DE,944
ZM,DK,545
ZM,EE,2
ZM,EG,26
ZM,ER,209
ZM,ES,197
ZM,FI,268
ZM,GB,33258
ZM,GR,108
ZM,HR,42
ZM,HU,11
ZM,IE,444
ZM,IN,1452
ZM,IS,11
ZM,IT,771
ZM,LS,127
ZM,LU,20
ZM,ML,678
ZM,MW,31375
ZM,MZ,5315
ZM,NA,3167
ZM,NL,885
ZM,NO,574
ZM,PL,54
ZM,RO,4
ZM,RS,56
ZM,RU,469
ZM,SE,591
ZM,SI,4
ZM,SK,2
ZM,TJ,20
ZM,TZ,7638
ZM,UG,5
ZM,US,17777
ZM,ZA,22746
ZM,ZW,31692
ZW,AR,2
ZW,AT,338
ZW,AU,48370
ZW,BE,470
ZW,BG,42
ZW,BO,3
ZW,BR,128
ZW,BS,14
ZW,BW,64301
ZW,CA,11745
ZW,CH,846
ZW,CR,2
ZW,CY,305
ZW,CZ,75
ZW,DK,359
ZW,EE,9
ZW,EG,32
ZW,ER,282
ZW,ES,424
ZW,FI,112
ZW,GB,171438
ZW,GR,191
ZW,HU,34
ZW,IE,4057
ZW,IS,14
ZW,IT,550
ZW,LI,4
ZW,LS,128
ZW,LT,4
ZW,LU,66
ZW,LV,1
ZW,MT,105
ZW,MW,27220
ZW,MZ,97379
ZW,NA,15135
ZW,NL,1432
ZW,NO,328
ZW,NZ,9115
ZW,PL,127
ZW,PT,1048
ZW,RS,27
ZW,RU,72
ZW,SE,631
ZW,SI,21
ZW,SK,1
ZW,TH,1
ZW,TZ,759
ZW,UG,1
ZW,US,28101
ZW,VE,13
ZW,ZA,680007
ZW,ZM,16816
