origin,destination,flow
AD,AO,1
AD,AR,89
AD,AT,1
AD,AU,14
AD,BE,36
AD,BG,1
AD,BO,1
AD,BR,9
AD,CA,40
AD,CH,42
AD,CL,28
AD,CO,1
AD,DE,54
AD,DK,18
AD,DO,1
AD,EC,1
AD,EE,1
AD,ES,2557
AD,FI,1
AD,FR,552
AD,GB,142
AD,GN,1
AD,IE,2
AD,IL,1
AD,IT,58
AD,JP,1
AD,LU,46
AD,MA,55
AD,ML,253
AD,MX,2
AD,NL,34
AD,NO,3
AD,NZ,1
AD,PE,1
AD,PH,41
AD,PL,1
AD,PT,1213
AD,RO,4
AD,SE,7
AD,TR,1
AD,US,48
AD,UY,12
AD,VE,13
AD,ZA,1
AE,AD,41
AE,AF,772
AE,AG,3
AE,AL,4
AE,AM,11
AE,AO,62
AE,AR,23
AE,AT,2732
AE,AU,33237
AE,AZ,30
AE,BB,5
AE,BD,80754
AE,BE,3448
AE,BF,10
AE,BG,1258
AE,BH,1379
AE,BJ,414
AE,BN,124
AE,BO,49
AE,BR,382
AE,BS,93
AE,BT,14
AE,BW,2
AE,BY,32
AE,BZ,18
AE,CA,65800
AE,CD,598
AE,CF,524
AE,CG,110
AE,CH,4665
AE,CI,125
AE,CL,377
AE,CM,609
AE,CN,128
AE,CO,255
AE,CR,9
AE,CV,2
AE,CY,1554
AE,CZ,419
AE,DE,22753
AE,DJ,73
AE,DK,2210
AE,DM,1
AE,DO,76
AE,DZ,726
AE,EC,6
AE,EE,206
AE,EG,97962
AE,ER,2167
AE,ES,7889
AE,ET,6757
AE,FI,1299
AE,FJ,2
AE,FR,10451
AE,GA,350
AE,GB,12860
AE,GE,8
AE,GH,350
AE,GN,11
AE,GQ,167
AE,GR,3045
AE,GT,45
AE,GY,2
AE,HN,77
AE,HR,17
AE,HT,11
AE,HU,1638
AE,ID,38835
AE,IE,1232
AE,IL,3019
AE,IN,352831
AE,IQ,3190
AE,IR,344
AE,IS,222
AE,IT,18582
AE,JM,36
AE,JO,89109
AE,JP,26028
AE,KE,128
AE,KG,28
AE,KH,2
AE,KM,3
AE,KP,65
AE,KR,5903
AE,KW,12812
AE,KZ,926
AE,LB,5341
AE,LC,1
AE,LI,7
AE,LK,14956
AE,LR,2
AE,LS,1
AE,LT,178
AE,LU,775
AE,LV,146
AE,LY,5468
AE,MA,1661
AE,MC,56
AE,MD,31
AE,MG,46
AE,MK,72
AE,ML,2930
AE,MM,12
AE,MN,41
AE,MR,81
AE,MT,840
AE,MU,15
AE,MV,183
AE,MW,1
AE,MX,111
AE,MY,36494
AE,MZ,2
AE,NA,144
AE,NE,1521
AE,NG,2816
AE,NI,3
AE,NL,8610
AE,NO,3086
AE,NP,2601
AE,NR,7
AE,NZ,7108
AE,OM,714
AE,PA,132
AE,PE,38
AE,PG,3777
AE,PH,68397
AE,PK,66986
AE,PL,2139
AE,PS,15799
AE,PT,957
AE,PW,2
AE,PY,4
AE,QA,7276
AE,RO,716
AE,RS,100
AE,RU,837
AE,SA,7024
AE,SB,111
AE,SC,39
AE,SD,20489
AE,SE,6522
AE,SG,1014
AE,SI,76
AE,SK,319
AE,SL,16
AE,SN,250
AE,SO,4041
AE,SR,13
AE,SS,12772
AE,SV,3
AE,SY,22495
AE,TD,6862
AE,TG,109
AE,TH,2791
AE,TJ,31
AE,TL,288
AE,TN,879
AE,TR,45288
AE,TT,40
AE,TZ,11
AE,UA,709
AE,UG,3243
AE,US,104252
AE,UY,6
AE,VC,2
AE,VE,365
AE,YE,19877
AE,ZA,1774
AE,ZM,45
AE,ZW,1
AF,AE,2253
AF,AT,10079
AF,AU,12165
AF,AZ,350
AF,BE,6746
AF,BG,61
AF,BH,231
AF,BN,3
AF,BR,94
AF,BW,1
AF,BY,78
AF,CA,13652
AF,CH,4097
AF,CL,5
AF,CN,228
AF,CO,145
AF,CR,1
AF,CY,8
AF,DE,72295
AF,DK,2709
AF,EC,43
AF,EE,24
AF,EG,20
AF,ES,439
AF,FI,1643
AF,FJ,5
AF,FR,7989
AF,GB,18645
AF,GE,10
AF,GR,12719
AF,HU,248
AF,ID,1247
AF,IE,55
AF,IL,583
AF,IN,3722
AF,IQ,79
AF,IR,416590
AF,IS,31
AF,IT,3062
AF,JP,935
AF,KG,92
AF,KP,1
AF,KR,45
AF,KW,961
AF,KZ,3043
AF,LI,1
AF,LK,22
AF,LS,2
AF,LT,11
AF,LU,134
AF,LV,18
AF,LY,82
AF,ML,113
AF,MM,11
AF,MT,3
AF,MU,1
AF,MV,1
AF,MX,7
AF,MY,900
AF,MZ,4
AF,NA,15
AF,NI,12
AF,NL,7429
AF,NO,3709
AF,NP,2
AF,NZ,1043
AF,OM,283
AF,PK,137296
AF,PT,9
AF,QA,760
AF,RU,21103
AF,SA,14375
AF,SE,14782
AF,SI,10
AF,SK,46
AF,SY,258
AF,TJ,6953
AF,TL,1
AF,TM,428
AF,TR,71726
AF,TZ,3
AF,UA,1347
AF,US,34226
AF,UZ,371
AF,ZA,544
AG,AR,1
AG,AT,2
AG,AU,11
AG,BB,76
AG,BE,2
AG,BG,2
AG,BO,1
AG,BR,4
AG,BS,9
AG,BZ,2
AG,CA,168
AG,CH,3
AG,CL,124
AG,CN,17
AG,CO,12
AG,CU,2
AG,CZ,1
AG,DE,41
AG,DK,3
AG,DM,459
AG,DO,262
AG,EC,2
AG,EE,6
AG,EG,3
AG,ES,34
AG,ET,12
AG,FI,1
AG,FR,8
AG,GB,131
AG,GD,32
AG,GH,4
AG,GN,1097
AG,GR,10
AG,GT,1
AG,GY,523
AG,HN,2
AG,HT,4
AG,HU,2
AG,IE,1
AG,IL,4
AG,IN,7
AG,IT,13
AG,JM,421
AG,JO,2
AG,JP,11
AG,KN,108
AG,KR,5
AG,LB,5
AG,LC,91
AG,LU,3
AG,ML,2
AG,MT,2
AG,MX,5
AG,NA,306
AG,NE,1
AG,NG,6
AG,NI,24
AG,NL,11
AG,NO,2
AG,NZ,3
AG,PA,2
AG,PE,6
AG,PG,1
AG,PL,6
AG,PT,1
AG,RO,2
AG,RU,2
AG,SE,4
AG,SR,14
AG,SY,27
AG,TR,38
AG,TT,94
AG,US,1183
AG,VC,92
AG,VE,20
AG,ZA,7
AL,AR,2
AL,AT,1582
AL,AU,384
AL,BE,3506
AL,BG,560
AL,BR,1
AL,CA,2604
AL,CH,14
AL,CL,175
AL,CO,99
AL,CY,64
AL,CZ,1
AL,DE,121
AL,DK,229
AL,EE,30
AL,ES,4
AL,FI,355
AL,FR,15471
AL,GB,6
AL,GE,2
AL,GN,1
AL,GR,57338
AL,HR,15
AL,HU,298
AL,IL,1
AL,IS,158
AL,IT,81650
AL,JP,1
AL,KR,1
AL,LI,2
AL,LT,22
AL,LU,682
AL,LV,6
AL,LY,29
AL,ME,239
AL,MK,6161
AL,ML,239
AL,MT,106
AL,MX,1
AL,NL,10
AL,NO,1045
AL,PL,4
AL,PT,9
AL,RO,195
AL,RS,231
AL,RU,1
AL,SE,4710
AL,SI,14
AL,SK,48
AL,SM,9
AL,TR,235
AL,US,368
AL,VE,7
AL,ZA,66
AM,AE,3
AM,AL,3
AM,AR,81
AM,AT,334
AM,AU,128
AM,AZ,26182
AM,BE,426
AM,BG,447
AM,BR,1
AM,BY,1282
AM,CA,458
AM,CH,23
AM,CL,31
AM,CR,1
AM,CY,148
AM,CZ,246
AM,DE,462
AM,DK,76
AM,DZ,1
AM,EE,247
AM,EG,122
AM,ES,337
AM,FI,20
AM,FR,3240
AM,GB,2
AM,GE,5663
AM,GN,1
AM,GR,1490
AM,HU,89
AM,IE,5
AM,IL,62
AM,IQ,134
AM,IR,775
AM,IS,3
AM,IT,291
AM,JO,101
AM,JP,7
AM,KG,844
AM,KR,68
AM,KW,1
AM,KZ,1709
AM,LB,110
AM,LI,1
AM,LT,50
AM,LU,110
AM,LV,138
AM,LY,31
AM,MD,30
AM,MN,2
AM,MT,30
AM,NA,26
AM,NL,79
AM,NO,38
AM,PL,279
AM,PT,12
AM,QA,2
AM,RO,16
AM,RS,1
AM,RU,114242
AM,SA,24
AM,SE,49
AM,SI,3
AM,SK,18
AM,SY,1573
AM,TJ,68
AM,TM,3671
AM,TR,911
AM,UA,12066
AM,US,20
AM,UZ,1823
AM,VE,8
AO,AD,1
AO,AU,53
AO,BE,715
AO,BF,15
AO,BG,2
AO,BI,17
AO,BJ,1
AO,BO,1
AO,BR,1099
AO,BW,48
AO,CA,11
AO,CD,25137
AO,CF,2
AO,CG,3966
AO,CH,11
AO,CI,581
AO,CM,271
AO,CU,3
AO,CV,670
AO,DK,16
AO,ER,27
AO,ES,5
AO,FI,42
AO,FR,94
AO,GA,132
AO,GB,10
AO,GH,2
AO,GM,4
AO,GN,886
AO,GQ,7
AO,GR,2
AO,GW,1
AO,HU,12
AO,IS,5
AO,IT,178
AO,KE,3
AO,LI,1
AO,LR,2
AO,LU,113
AO,ML,174
AO,MW,3
AO,MX,22
AO,MZ,3128
AO,NA,5043
AO,NL,1
AO,NO,46
AO,NZ,1
AO,PT,17388
AO,RW,113
AO,SD,1
AO,SK,2
AO,SL,3
AO,SN,5
AO,SS,8
AO,ST,556
AO,SZ,6
AO,TD,2
AO,TG,1
AO,TZ,121
AO,UG,39
AO,US,9
AO,VE,22
AO,ZA,1098
AO,ZM,3161
AR,AD,252
AR,AE,1
AR,AL,25
AR,AM,99
AR,AO,24
AR,AT,785
AR,AU,3497
AR,AZ,18
AR,BA,3
AR,BD,1
AR,BE,1488
AR,BG,458
AR,BJ,1
AR,BO,53296
AR,BR,8846
AR,BS,31
AR,BY,121
AR,BZ,3
AR,CA,2863
AR,CG,2
AR,CH,3689
AR,CL,42289
AR,CM,4
AR,CN,4260
AR,CO,7556
AR,CR,290
AR,CU,422
AR,CV,4
AR,CY,85
AR,CZ,144
AR,DE,9293
AR,DK,2504
AR,DO,1058
AR,DZ,29
AR,EC,1719
AR,EE,217
AR,EG,284
AR,ES,97802
AR,FI,249
AR,FR,1439
AR,GA,8
AR,GB,4126
AR,GE,6
AR,GH,3
AR,GM,1
AR,GN,22
AR,GQ,84
AR,GR,284
AR,GT,227
AR,GY,3
AR,HN,184
AR,HR,128
AR,HT,238
AR,HU,552
AR,IE,390
AR,IL,8784
AR,IQ,3
AR,IR,20
AR,IS,133
AR,IT,22022
AR,JM,2
AR,JO,15
AR,JP,1957
AR,KG,39
AR,KP,553
AR,KR,671
AR,KW,1
AR,KZ,14
AR,LA,56
AR,LB,64
AR,LI,13
AR,LK,1
AR,LT,118
AR,LU,543
AR,LV,35
AR,LY,4
AR,MA,83
AR,MC,48
AR,MD,84
AR,ME,117
AR,MG,2
AR,MK,2
AR,ML,61
AR,MN,5
AR,MR,14
AR,MT,129
AR,MX,3784
AR,NA,100
AR,NI,67
AR,NL,1202
AR,NO,328
AR,NZ,1892
AR,PA,629
AR,PE,24529
AR,PG,13
AR,PL,1121
AR,PS,13
AR,PT,1213
AR,PY,65136
AR,QA,1
AR,RO,3154
AR,RS,104
AR,RU,2121
AR,SA,3
AR,SB,1
AR,SE,479
AR,SG,1
AR,SI,226
AR,SK,162
AR,SM,60
AR,SN,108
AR,SR,1
AR,SV,86
AR,SY,135
AR,TH,7
AR,TJ,3
AR,TL,1
AR,TM,31
AR,TN,6
AR,TR,455
AR,TT,6
AR,TZ,2
AR,UA,1210
AR,US,44389
AR,UY,17473
AR,UZ,111
AR,VE,11485
AR,VN,17
AR,ZA,146
AR,ZM,2
AT,AD,1
AT,AE,27
AT,AF,1916
AT,AL,321
AT,AM,359
AT,AR,113
AT,AU,2236
AT,AZ,56
AT,BA,13114
AT,BD,1
AT,BE,582
AT,BG,3774
AT,BH,3
AT,BJ,1
AT,BO,44
AT,BR,697
AT,BS,8
AT,BY,62
AT,CA,2266
AT,CF,3
AT,CH,9515
AT,CL,65
AT,CM,1
AT,CN,1892
AT,CO,68
AT,CR,18
AT,CY,102
AT,CZ,9711
AT,DE,76194
AT,DJ,3
AT,DK,403
AT,DO,45
AT,DZ,2
AT,EC,18
AT,EE,150
AT,EG,1296
AT,ES,1277
AT,ET,6
AT,FI,179
AT,FR,1523
AT,GB,1691
AT,GE,393
AT,GH,1
AT,GR,1182
AT,HR,6322
AT,HT,42
AT,HU,12153
AT,ID,1
AT,IE,83
AT,IL,1121
AT,IN,1064
AT,IQ,1393
AT,IR,1814
AT,IS,115
AT,IT,6291
AT,JO,158
AT,JP,124
AT,KE,10
AT,KG,12
AT,KR,90
AT,KW,12
AT,KZ,34
AT,LB,77
AT,LC,1
AT,LI,473
AT,LK,1
AT,LT,37
AT,LU,215
AT,LV,55
AT,LY,106
AT,MA,2
AT,MC,1
AT,MD,237
AT,ME,198
AT,MK,2174
AT,ML,2
AT,MN,13
AT,MT,170
AT,MV,3
AT,MX,69
AT,MY,5
AT,NA,370
AT,NE,1
AT,NG,978
AT,NI,5
AT,NL,1251
AT,NO,345
AT,NZ,36
AT,OM,2
AT,PA,21
AT,PE,14
AT,PH,1219
AT,PK,362
AT,PL,11052
AT,PS,1
AT,PT,164
AT,PY,1
AT,QA,8
AT,RO,12271
AT,RS,18222
AT,RU,17126
AT,SA,66
AT,SE,444
AT,SG,1
AT,SI,3509
AT,SK,6620
AT,SN,1
AT,SO,361
AT,SV,1
AT,SY,2213
AT,TH,663
AT,TJ,37
AT,TM,101
AT,TN,416
AT,TR,26914
AT,UA,1659
AT,UG,1
AT,US,2147
AT,UY,2
AT,UZ,47
AT,VE,312
AT,VN,575
AT,YE,6
AT,ZA,482
AU,AD,104
AU,AE,1168
AU,AF,3845
AU,AG,13
AU,AL,628
AU,AM,269
AU,AO,546
AU,AR,2612
AU,AT,12933
AU,AZ,218
AU,BA,3419
AU,BB,68
AU,BD,3034
AU,BE,5694
AU,BF,17
AU,BG,3962
AU,BH,188
AU,BI,270
AU,BJ,46
AU,BN,384
AU,BO,548
AU,BR,3529
AU,BS,164
AU,BT,522
AU,BW,171
AU,BY,1647
AU,BZ,52
AU,CA,15702
AU,CD,624
AU,CF,8
AU,CG,216
AU,CH,8504
AU,CI,105
AU,CL,5751
AU,CM,77
AU,CN,66822
AU,CO,5208
AU,CR,136
AU,CU,119
AU,CV,9
AU,CY,8785
AU,CZ,6142
AU,DE,91525
AU,DJ,30
AU,DK,4107
AU,DM,3
AU,DO,274
AU,DZ,232
AU,EC,715
AU,EE,3608
AU,EG,7872
AU,ER,461
AU,ES,11974
AU,ET,1808
AU,FI,3526
AU,FJ,6879
AU,FR,8619
AU,GA,49
AU,GB,169240
AU,GD,20
AU,GE,112
AU,GH,911
AU,GM,72
AU,GN,158
AU,GQ,12
AU,GR,22267
AU,GT,221
AU,GW,1
AU,GY,72
AU,HN,195
AU,HR,7371
AU,HT,88
AU,HU,8569
AU,ID,8581
AU,IE,15761
AU,IL,4151
AU,IN,40282
AU,IQ,10141
AU,IR,6714
AU,IS,1288
AU,IT,32734
AU,JM,194
AU,JO,979
AU,JP,51096
AU,KE,2175
AU,KG,690
AU,KH,3632
AU,KI,76
AU,KN,5
AU,KP,31
AU,KR,29215
AU,KW,699
AU,KZ,789
AU,LA,1208
AU,LB,8111
AU,LC,12
AU,LI,101
AU,LK,12462
AU,LR,397
AU,LS,21
AU,LT,955
AU,LU,1623
AU,LV,1416
AU,LY,611
AU,MA,347
AU,MC,111
AU,MD,392
AU,ME,309
AU,MG,41
AU,MK,4927
AU,ML,83
AU,MM,3868
AU,MN,743
AU,MR,6
AU,MT,20493
AU,MU,2954
AU,MV,96
AU,MW,196
AU,MX,1510
AU,MY,16581
AU,MZ,201
AU,NA,2356
AU,NE,8
AU,NG,1268
AU,NI,112
AU,NL,16534
AU,NO,2413
AU,NP,3983
AU,NR,56
AU,NZ,92232
AU,OM,186
AU,PA,332
AU,PE,2494
AU,PG,83309
AU,PH,25961
AU,PK,3826
AU,PL,15584
AU,PS,253
AU,PT,4276
AU,PW,1
AU,PY,102
AU,QA,361
AU,RO,7092
AU,RS,6537
AU,RU,23937
AU,RW,120
AU,SA,1776
AU,SB,10687
AU,SC,668
AU,SD,2069
AU,SE,5763
AU,SG,8772
AU,SI,3665
AU,SK,2536
AU,SL,576
AU,SM,84
AU,SN,801
AU,SO,959
AU,SR,145
AU,SS,751
AU,SV,1209
AU,SY,1589
AU,SZ,33
AU,TD,28
AU,TG,58
AU,TH,9024
AU,TJ,101
AU,TL,4355
AU,TM,471
AU,TN,94
AU,TO,968
AU,TR,13968
AU,TT,286
AU,TV,9
AU,TZ,1275
AU,UA,7268
AU,UG,478
AU,US,33639
AU,UY,1405
AU,UZ,1180
AU,VC,10
AU,VE,4154
AU,VN,77761
AU,VU,248
AU,WS,2232
AU,YE,80
AU,ZA,23646
AU,ZM,2450
AU,ZW,3851
AZ,AF,60
AZ,AM,34729
AZ,AR,4
AZ,AT,23
AZ,AU,87
AZ,BE,11
AZ,BG,257
AZ,BY,2261
AZ,CA,521
AZ,CH,1
AZ,CL,18
AZ,CN,20
AZ,CY,22
AZ,CZ,252
AZ,DE,66
AZ,DK,44
AZ,EE,450
AZ,EG,60
AZ,ES,557
AZ,FI,36
AZ,FR,159
AZ,GB,1
AZ,GE,3836
AZ,GR,188
AZ,HU,274
AZ,IE,4
AZ,IL,1580
AZ,IR,544
AZ,IS,5
AZ,IT,344
AZ,JP,55
AZ,KG,1999
AZ,KR,208
AZ,KZ,4572
AZ,LT,81
AZ,LU,120
AZ,LV,279
AZ,LY,42
AZ,MD,61
AZ,MN,2
AZ,MT,6
AZ,NA,1
AZ,NL,47
AZ,NO,57
AZ,PK,2
AZ,PL,106
AZ,PT,9
AZ,RO,18
AZ,RU,69438
AZ,SE,3
AZ,SI,17
AZ,SK,13
AZ,TJ,83
AZ,TM,3600
AZ,TR,20666
AZ,UA,15579
AZ,US,12
AZ,UZ,5662
BA,AR,2
BA,AT,34546
BA,AU,2793
BA,BE,3
BA,BG,90
BA,BO,1
BA,CA,3495
BA,CH,8673
BA,CN,1
BA,CY,16
BA,CZ,700
BA,DE,97279
BA,DK,1483
BA,DO,1
BA,EE,2
BA,EG,2
BA,ES,2
BA,FI,222
BA,FR,53
BA,GB,26
BA,GR,71
BA,HR,35344
BA,HU,345
BA,IE,5
BA,IL,1
BA,IS,128
BA,IT,4990
BA,KR,1
BA,LI,27
BA,LT,1
BA,LU,539
BA,LV,5
BA,LY,30
BA,ME,3116
BA,MK,1046
BA,MT,235
BA,NA,1
BA,NL,9860
BA,NO,1508
BA,PL,173
BA,PT,10
BA,RO,47
BA,RS,31983
BA,RU,112
BA,SE,9183
BA,SI,28393
BA,SK,552
BA,TM,1
BA,TR,12
BA,UA,1
BA,US,2
BA,UZ,1
BA,VE,10
BA,ZA,118
BB,AG,88
BB,AU,60
BB,BE,1
BB,BG,1
BB,BO,1
BB,BR,4
BB,BS,89
BB,BZ,3
BB,CA,2139
BB,CH,2
BB,CL,218
BB,CN,5
BB,CO,2
BB,CR,2
BB,CU,7
BB,CZ,1
BB,DE,6
BB,DK,11
BB,DM,49
BB,DO,1
BB,EE,1
BB,EG,1
BB,ES,7
BB,FI,5
BB,FR,3
BB,GB,279
BB,GD,81
BB,GN,3
BB,GR,2
BB,GT,1
BB,GY,563
BB,HN,1
BB,HT,4
BB,HU,3
BB,IE,2
BB,IL,2
BB,IN,39
BB,IT,1
BB,JM,255
BB,JP,4
BB,KN,23
BB,KR,3
BB,LC,295
BB,LU,7
BB,LV,1
BB,MT,2
BB,MX,3
BB,NA,1
BB,NL,3
BB,NO,5
BB,NZ,2
BB,PA,10
BB,PE,1
BB,PG,1
BB,PL,4
BB,PT,1
BB,RO,1
BB,RU,1
BB,SE,1
BB,SK,1
BB,SR,20
BB,SV,9
BB,TH,1
BB,TR,1
BB,TT,536
BB,US,607
BB,VC,335
BB,VE,23
BB,ZA,1
BD,AD,15
BD,AE,509345
BD,AG,8
BD,AR,906
BD,AT,1102
BD,AU,123789
BD,BB,15
BD,BE,4579
BD,BG,1937
BD,BH,55848
BD,BN,1462
BD,BO,491
BD,BR,11212
BD,BS,237
BD,BT,65
BD,BY,40
BD,BZ,148
BD,CA,104335
BD,CG,11
BD,CH,2157
BD,CL,2030
BD,CM,11
BD,CN,45070
BD,CO,1301
BD,CR,20
BD,CV,5
BD,CY,3188
BD,CZ,575
BD,DE,10869
BD,DK,5239
BD,DM,1
BD,DO,419
BD,DZ,307
BD,EC,26
BD,EE,1128
BD,EG,6072
BD,ES,37680
BD,ET,1
BD,FI,5715
BD,FJ,1225
BD,FR,9514
BD,GA,30
BD,GB,314608
BD,GE,7
BD,GH,54
BD,GN,7
BD,GR,1224
BD,GT,241
BD,GY,24
BD,HN,439
BD,HR,9
BD,HT,65
BD,HU,3074
BD,ID,100501
BD,IE,2199
BD,IL,1769
BD,IN,1344046
BD,IQ,1
BD,IS,636
BD,IT,185358
BD,JM,156
BD,JO,26003
BD,JP,110127
BD,KG,14
BD,KH,3724
BD,KP,207
BD,KR,29414
BD,KW,228336
BD,KZ,8028
BD,LA,16976
BD,LB,33740
BD,LC,3
BD,LI,24
BD,LK,820
BD,LS,10
BD,LT,1714
BD,LU,1213
BD,LV,458
BD,LY,3442
BD,MA,59
BD,MD,22
BD,MG,42
BD,ML,170
BD,MM,53068
BD,MN,816
BD,MR,6
BD,MT,1400
BD,MU,7498
BD,MV,40436
BD,MW,2
BD,MX,651
BD,MY,418436
BD,MZ,2
BD,NA,545
BD,NI,3
BD,NL,8988
BD,NO,6044
BD,NP,5676
BD,NZ,12550
BD,OM,193252
BD,PA,636
BD,PE,272
BD,PG,5786
BD,PH,33
BD,PK,7
BD,PL,10986
BD,PS,4696
BD,PT,4010
BD,PY,358
BD,QA,195234
BD,RO,1772
BD,RS,176
BD,RU,1258
BD,SA,905444
BD,SB,644
BD,SC,276
BD,SD,11
BD,SE,22193
BD,SG,5469
BD,SI,131
BD,SK,912
BD,SL,7
BD,SN,60
BD,SR,125
BD,SS,2
BD,SV,21
BD,TG,15
BD,TH,49617
BD,TJ,33
BD,TL,563
BD,TR,2686
BD,TT,140
BD,TZ,22
BD,UA,527
BD,US,494158
BD,UY,87
BD,VC,5
BD,VE,1257
BD,VN,33343
BD,ZA,61074
BD,ZM,176
BD,ZW,1
BE,AD,63
BE,AE,38
BE,AF,1169
BE,AL,893
BE,AM,160
BE,AO,4590
BE,AR,436
BE,AT,1035
BE,AU,1247
BE,AZ,10
BE,BA,1
BE,BD,161
BE,BF,22
BE,BG,5279
BE,BH,4
BE,BI,839
BE,BJ,15
BE,BN,1
BE,BO,140
BE,BR,1671
BE,BS,7
BE,BW,1
BE,BY,28
BE,CA,3539
BE,CD,11529
BE,CF,6
BE,CG,510
BE,CH,5166
BE,CI,710
BE,CL,868
BE,CM,1898
BE,CN,2342
BE,CO,1131
BE,CR,45
BE,CV,2
BE,CY,94
BE,CZ,449
BE,DE,15242
BE,DJ,3
BE,DK,719
BE,DO,380
BE,DZ,3106
BE,EC,794
BE,EE,246
BE,EG,1344
BE,ER,28
BE,ES,21061
BE,ET,513
BE,FI,571
BE,FR,56656
BE,GA,226
BE,GB,3070
BE,GE,10
BE,GH,1143
BE,GM,14
BE,GN,1679
BE,GQ,4
BE,GR,3306
BE,GT,2
BE,GW,1
BE,GY,2
BE,HN,13
BE,HR,52
BE,HT,3
BE,HU,2518
BE,ID,330
BE,IE,406
BE,IL,2354
BE,IN,1653
BE,IQ,2057
BE,IR,1105
BE,IS,142
BE,IT,20723
BE,JO,137
BE,JP,1969
BE,KE,101
BE,KG,19
BE,KH,1
BE,KR,654
BE,KW,16
BE,KZ,18
BE,LB,575
BE,LC,1
BE,LI,10
BE,LK,2
BE,LR,5
BE,LT,352
BE,LU,6362
BE,LV,258
BE,LY,112
BE,MA,24873
BE,MC,5
BE,MD,96
BE,ME,2
BE,MG,262
BE,MK,143
BE,ML,23
BE,MN,3
BE,MR,286
BE,MT,304
BE,MU,327
BE,MW,300
BE,MX,447
BE,MY,14
BE,MZ,4
BE,NA,325
BE,NE,217
BE,NG,750
BE,NI,7
BE,NL,31257
BE,NO,470
BE,NP,257
BE,NZ,41
BE,OM,3
BE,PA,71
BE,PE,488
BE,PG,1
BE,PH,1029
BE,PK,696
BE,PL,15423
BE,PS,45
BE,PT,4830
BE,PY,2
BE,QA,12
BE,RO,10662
BE,RS,231
BE,RU,3663
BE,RW,1511
BE,SA,62
BE,SC,5
BE,SD,4
BE,SE,596
BE,SG,2
BE,SI,71
BE,SK,458
BE,SL,268
BE,SM,1
BE,SN,1226
BE,SO,431
BE,SR,274
BE,SS,11
BE,SV,63
BE,SY,1588
BE,TD,4
BE,TG,714
BE,TH,1040
BE,TJ,4
BE,TM,27
BE,TN,1601
BE,TR,20028
BE,TT,1
BE,TZ,342
BE,UA,258
BE,UG,72
BE,US,3059
BE,UY,8
BE,UZ,62
BE,VE,495
BE,VN,2267
BE,YE,8
BE,ZA,768
BE,ZM,601
BE,ZW,1
BF,AO,49
BF,AR,1
BF,AU,9
BF,BE,24
BF,BG,5
BF,BJ,4248
BF,BR,209
BF,CA,55
BF,CG,15
BF,CI,376812
BF,CL,1
BF,CM,6
BF,CN,2
BF,DK,23
BF,EG,2
BF,ES,63
BF,FI,16
BF,FR,486
BF,GA,2202
BF,GB,18
BF,GH,21398
BF,GM,12
BF,GN,148
BF,GR,14
BF,HU,9
BF,IT,3495
BF,JP,4
BF,LR,69
BF,LU,73
BF,LY,2
BF,ML,17474
BF,MR,62
BF,NA,49
BF,NE,7953
BF,NG,844
BF,NL,2
BF,NO,5
BF,PT,1
BF,SI,1
BF,SL,2
BF,SN,1425
BF,TG,5035
BF,TN,2
BF,US,31
BF,ZA,3
BG,AE,13
BG,AF,221
BG,AG,1
BG,AL,85
BG,AM,144
BG,AO,1
BG,AR,52
BG,AT,6584
BG,AU,480
BG,AZ,214
BG,BA,8
BG,BD,26
BG,BE,7586
BG,BF,1
BG,BH,1
BG,BI,1
BG,BJ,3
BG,BO,6
BG,BR,33
BG,BS,3
BG,BT,2
BG,BW,2
BG,BY,119
BG,CA,2090
BG,CD,2
BG,CG,1
BG,CH,1881
BG,CI,2
BG,CL,5
BG,CM,1
BG,CN,113
BG,CO,6
BG,CR,9
BG,CU,27
BG,CV,1
BG,CY,915
BG,CZ,2265
BG,DE,84530
BG,DK,1501
BG,DO,14
BG,DZ,39
BG,EC,2
BG,EE,117
BG,EG,82
BG,ES,12615
BG,ET,6
BG,FI,500
BG,FR,4228
BG,GA,1
BG,GB,712
BG,GE,80
BG,GH,2
BG,GM,1
BG,GN,1
BG,GR,8602
BG,GT,1
BG,HN,1
BG,HR,42
BG,HT,1
BG,HU,288
BG,ID,6
BG,IE,27
BG,IL,1959
BG,IN,20
BG,IQ,592
BG,IR,551
BG,IS,155
BG,IT,5908
BG,JM,1
BG,JO,110
BG,JP,23
BG,KE,1
BG,KG,24
BG,KH,1
BG,KP,3
BG,KR,17
BG,KW,8
BG,KZ,175
BG,LB,96
BG,LI,4
BG,LK,1
BG,LT,56
BG,LU,475
BG,LV,35
BG,LY,25
BG,MA,10
BG,MD,205
BG,ME,10
BG,MK,305
BG,ML,1
BG,MN,27
BG,MT,745
BG,MV,1
BG,MX,34
BG,MY,2
BG,MZ,3
BG,NA,11
BG,NG,15
BG,NI,9
BG,NL,8966
BG,NO,999
BG,NP,1
BG,NZ,10
BG,PA,10
BG,PE,3
BG,PG,3
BG,PH,6
BG,PK,14
BG,PL,443
BG,PS,3
BG,PT,776
BG,QA,4
BG,RO,1116
BG,RS,301
BG,RU,3959
BG,SA,27
BG,SD,3
BG,SE,1310
BG,SG,1
BG,SI,186
BG,SK,498
BG,SM,1
BG,SN,2
BG,SO,1
BG,SV,1
BG,SY,1517
BG,TH,5
BG,TJ,32
BG,TM,67
BG,TN,10
BG,TR,41868
BG,TZ,1
BG,UA,1268
BG,UG,1
BG,US,412
BG,UY,2
BG,UZ,114
BG,VE,37
BG,VN,73
BG,VU,1
BG,YE,4
BG,ZA,100
BG,ZM,1
BG,ZW,2
BH,AD,5
BH,AE,1388
BH,AF,82
BH,AM,1
BH,AO,7
BH,AR,3
BH,AT,314
BH,AU,3025
BH,AZ,3
BH,BB,1
BH,BD,11731
BH,BE,388
BH,BF,1
BH,BG,99
BH,BJ,45
BH,BN,14
BH,BO,5
BH,BR,45
BH,BS,10
BH,BT,4
BH,BY,1
BH,BZ,2
BH,CA,4859
BH,CD,66
BH,CF,59
BH,CG,12
BH,CH,518
BH,CI,14
BH,CL,41
BH,CM,66
BH,CN,15
BH,CO,28
BH,CR,1
BH,CY,186
BH,CZ,48
BH,DE,2501
BH,DJ,8
BH,DK,200
BH,DO,13
BH,DZ,80
BH,EC,1
BH,EE,18
BH,EG,10372
BH,ER,230
BH,ES,875
BH,ET,737
BH,FI,122
BH,FR,1183
BH,GA,38
BH,GB,1565
BH,GE,1
BH,GH,38
BH,GN,1
BH,GQ,18
BH,GR,355
BH,GT,5
BH,HN,8
BH,HR,2
BH,HT,1
BH,HU,114
BH,ID,4121
BH,IE,146
BH,IL,354
BH,IN,37180
BH,IQ,335
BH,IR,41
BH,IS,23
BH,IT,2110
BH,JM,4
BH,JO,10166
BH,JP,2903
BH,KE,14
BH,KG,3
BH,KP,7
BH,KR,651
BH,KW,1002
BH,KZ,16
BH,LB,576
BH,LI,1
BH,LK,1574
BH,LT,14
BH,LU,77
BH,LV,12
BH,LY,609
BH,MA,179
BH,MC,6
BH,MD,3
BH,MG,5
BH,MK,9
BH,ML,15
BH,MM,6
BH,MN,5
BH,MR,3
BH,MT,86
BH,MU,2
BH,MV,22
BH,MX,13
BH,MY,4091
BH,NA,30
BH,NE,165
BH,NG,301
BH,NL,974
BH,NO,293
BH,NP,277
BH,NR,1
BH,NZ,611
BH,OM,76
BH,PA,16
BH,PE,4
BH,PG,422
BH,PH,7262
BH,PK,7104
BH,PL,236
BH,PS,2313
BH,PT,107
BH,QA,778
BH,RO,78
BH,RS,11
BH,RU,101
BH,SA,745
BH,SB,12
BH,SC,5
BH,SD,2204
BH,SE,736
BH,SG,152
BH,SI,6
BH,SK,24
BH,SL,2
BH,SN,27
BH,SO,437
BH,SR,1
BH,SS,1433
BH,SY,2432
BH,TD,770
BH,TG,12
BH,TH,309
BH,TJ,4
BH,TL,32
BH,TN,94
BH,TR,4006
BH,TT,5
BH,TZ,3
BH,UA,80
BH,UG,357
BH,US,12302
BH,UY,1
BH,VE,41
BH,YE,2108
BH,ZA,142
BH,ZM,7
BI,AO,9262
BI,AU,1301
BI,BE,4982
BI,BG,11
BI,BR,286
BI,CA,7164
BI,CD,72851
BI,CF,5
BI,CG,74
BI,CL,228
BI,CM,1
BI,CN,258
BI,CY,7
BI,DK,194
BI,DO,1
BI,EE,2
BI,EG,82
BI,ER,118
BI,ES,1
BI,ET,63
BI,FI,110
BI,FR,1404
BI,GA,294
BI,GB,1
BI,GH,1
BI,GN,14
BI,GR,754
BI,HU,17
BI,IL,14
BI,IT,696
BI,KE,7004
BI,LS,1
BI,LU,231
BI,LV,1
BI,ML,14
BI,MW,7335
BI,MX,36
BI,MZ,2420
BI,NA,834
BI,NL,1
BI,NO,443
BI,OM,1
BI,PG,1
BI,PT,20
BI,RW,27537
BI,SD,3
BI,SE,268
BI,SI,2
BI,SK,1
BI,SN,26
BI,SS,28
BI,SZ,32
BI,TG,6
BI,TZ,143801
BI,UG,11119
BI,US,1
BI,ZA,6859
BI,ZM,8693
BJ,AE,1
BJ,AO,3
BJ,AU,13
BJ,BE,15
BJ,BF,1994
BJ,BG,8
BJ,BR,142
BJ,CA,9
BJ,CD,1
BJ,CG,2181
BJ,CI,12246
BJ,CM,328
BJ,CN,1
BJ,CY,1
BJ,DK,7
BJ,EE,1
BJ,ES,4
BJ,FI,3
BJ,FR,5607
BJ,GA,12975
BJ,GB,22
BJ,GH,5881
BJ,GN,51
BJ,GR,1
BJ,HU,25
BJ,IE,1
BJ,IT,696
BJ,LR,6
BJ,LU,120
BJ,ML,653
BJ,MR,86
BJ,NA,96
BJ,NE,12712
BJ,NG,79677
BJ,NL,1
BJ,NO,4
BJ,PT,5
BJ,SD,2
BJ,SK,2
BJ,SL,45
BJ,SN,1495
BJ,TD,92
BJ,TG,24543
BJ,TR,1
BJ,TZ,2
BJ,US,38
BJ,ZA,51
BJ,ZM,1
BN,AE,10
BN,AR,1
BN,AT,20
BN,AU,1047
BN,BD,125
BN,BE,36
BN,BG,5
BN,BH,1
BN,BO,1
BN,BR,1
BN,CA,713
BN,CH,46
BN,CL,5
BN,CN,332
BN,CO,2
BN,CY,5
BN,CZ,6
BN,DE,13
BN,DK,30
BN,DO,1
BN,DZ,2
BN,EE,2
BN,EG,35
BN,ES,39
BN,FI,35
BN,FR,13
BN,GB,352
BN,GR,6
BN,HU,17
BN,ID,1488
BN,IE,13
BN,IL,5
BN,IN,2670
BN,IS,5
BN,IT,47
BN,JP,397
BN,KH,1
BN,KR,1025
BN,KW,4
BN,KZ,13
BN,LK,149
BN,LT,2
BN,LU,7
BN,LV,1
BN,LY,10
BN,ML,1
BN,MN,2
BN,MT,14
BN,MX,2
BN,MY,8496
BN,NA,2
BN,NL,86
BN,NO,55
BN,NP,491
BN,NZ,129
BN,OM,2
BN,PA,1
BN,PE,1
BN,PG,23
BN,PH,1680
BN,PK,57
BN,PL,35
BN,PT,16
BN,QA,9
BN,RO,8
BN,RS,1
BN,RU,2
BN,SA,18
BN,SB,7
BN,SE,99
BN,SG,482
BN,SI,1
BN,SK,3
BN,SR,1
BN,TH,2131
BN,TJ,4
BN,TL,1
BN,TR,12
BN,UA,1
BN,US,714
BN,VE,2
BN,VN,8
BN,ZA,1
BN,ZM,1
BO,AD,1
BO,AM,1
BO,AO,5
BO,AR,47538
BO,AT,21
BO,AU,161
BO,BA,1
BO,BD,2
BO,BE,48
BO,BG,13
BO,BJ,1
BO,BR,8648
BO,BY,3
BO,BZ,108
BO,CA,648
BO,CD,2
BO,CF,6
BO,CG,1
BO,CH,82
BO,CI,1
BO,CL,67755
BO,CM,2
BO,CN,126
BO,CO,843
BO,CR,64
BO,CU,204
BO,CV,12
BO,CY,2
BO,CZ,7
BO,DE,254
BO,DK,68
BO,DO,45
BO,EC,331
BO,EE,7
BO,EG,3
BO,ES,38467
BO,FI,43
BO,FR,160
BO,GB,103
BO,GH,2
BO,GN,2
BO,GR,7
BO,GT,45
BO,GY,1
BO,HN,86
BO,HR,7
BO,HT,2
BO,HU,23
BO,ID,1
BO,IE,10
BO,IL,29
BO,IN,9
BO,IQ,1
BO,IR,6
BO,IS,3
BO,IT,1864
BO,JM,1
BO,JO,2
BO,JP,1671
BO,KE,1
BO,KG,4
BO,KP,1
BO,KR,61
BO,KZ,5
BO,LB,3
BO,LT,2
BO,LU,62
BO,LV,1
BO,LY,1
BO,MA,3
BO,MD,1
BO,MG,1
BO,MK,1
BO,ML,1
BO,MN,2
BO,MT,1
BO,MW,1
BO,MX,1294
BO,MY,1
BO,MZ,1
BO,NG,3
BO,NI,20
BO,NL,48
BO,NO,79
BO,NZ,9
BO,PA,82
BO,PE,6375
BO,PG,4
BO,PH,5
BO,PK,1
BO,PL,26
BO,PS,1
BO,PT,69
BO,PY,581
BO,RO,11
BO,RS,3
BO,RU,156
BO,SA,1
BO,SB,7
BO,SE,37
BO,SI,4
BO,SK,6
BO,SN,5
BO,SV,18
BO,SY,1
BO,TH,2
BO,TM,2
BO,TR,10
BO,TT,1
BO,TZ,2
BO,UA,24
BO,US,827
BO,UY,58
BO,UZ,2
BO,VE,851
BO,VN,3
BO,ZA,3
BO,ZM,1
BR,AD,866
BR,AE,18
BR,AF,13
BR,AG,2
BR,AL,22
BR,AM,1
BR,AO,6316
BR,AR,31254
BR,AT,5208
BR,AU,31937
BR,AZ,1
BR,BA,1
BR,BB,2
BR,BD,1370
BR,BE,13782
BR,BF,14
BR,BG,840
BR,BH,2
BR,BI,1
BR,BJ,18
BR,BO,22693
BR,BS,81
BR,BW,1
BR,BY,113
BR,BZ,7
BR,CA,24233
BR,CD,271
BR,CF,1
BR,CG,55
BR,CH,26629
BR,CI,65
BR,CL,21466
BR,CM,42
BR,CN,5095
BR,CO,6127
BR,CR,289
BR,CU,423
BR,CV,340
BR,CY,82
BR,CZ,1120
BR,DE,12686
BR,DK,3420
BR,DO,582
BR,DZ,33
BR,EC,1072
BR,EE,615
BR,EG,1118
BR,ES,113196
BR,ET,1
BR,FI,1563
BR,FR,27352
BR,GA,25
BR,GB,17286
BR,GD,1
BR,GE,3
BR,GH,152
BR,GM,30
BR,GN,59
BR,GQ,84
BR,GR,1173
BR,GT,226
BR,GW,224
BR,GY,706
BR,HN,241
BR,HR,131
BR,HT,63
BR,HU,1432
BR,ID,90
BR,IE,21671
BR,IL,5498
BR,IN,101
BR,IQ,142
BR,IR,76
BR,IS,598
BR,IT,78508
BR,JM,27
BR,JO,180
BR,JP,139199
BR,KE,1
BR,KG,33
BR,KP,564
BR,KR,2906
BR,KW,7
BR,KZ,22
BR,LB,1097
BR,LC,2
BR,LI,118
BR,LK,1
BR,LR,37
BR,LT,223
BR,LU,4298
BR,LV,88
BR,LY,77
BR,MA,154
BR,MC,41
BR,MD,274
BR,MG,6
BR,ML,90
BR,MN,73
BR,MR,82
BR,MT,405
BR,MX,6042
BR,MY,2
BR,MZ,186
BR,NA,877
BR,NE,1
BR,NG,446
BR,NI,87
BR,NL,19063
BR,NO,3345
BR,NP,10
BR,NZ,5348
BR,OM,1
BR,PA,1143
BR,PE,7383
BR,PG,93
BR,PH,54
BR,PK,68
BR,PL,1649
BR,PS,38
BR,PT,93331
BR,PY,37649
BR,QA,5
BR,RO,3581
BR,RS,164
BR,RU,633
BR,RW,1
BR,SA,62
BR,SB,26
BR,SD,9
BR,SE,6849
BR,SG,2
BR,SI,209
BR,SK,393
BR,SL,42
BR,SM,43
BR,SN,1612
BR,SO,32
BR,SR,2547
BR,ST,3
BR,SV,111
BR,SY,483
BR,TG,26
BR,TH,85
BR,TJ,4
BR,TL,69
BR,TM,13
BR,TN,19
BR,TR,881
BR,TT,42
BR,TZ,25
BR,UA,366
BR,UG,2
BR,US,375006
BR,UY,9719
BR,UZ,76
BR,VE,18409
BR,VN,952
BR,YE,1
BR,ZA,510
BR,ZM,16
BR,ZW,1
BS,AE,1
BS,AG,4
BS,AR,15
BS,AT,5
BS,AU,52
BS,BB,33
BS,BE,4
BS,BG,3
BS,BR,23
BS,BW,1
BS,BZ,5
BS,CA,269
BS,CH,35
BS,CL,66
BS,CN,20
BS,CO,30
BS,CR,8
BS,CU,45
BS,DE,37
BS,DK,6
BS,DM,8
BS,DO,191
BS,EC,6
BS,EE,6
BS,EG,3
BS,ES,29
BS,FI,1
BS,FR,49
BS,GB,241
BS,GD,7
BS,GH,6
BS,GN,2
BS,GR,13
BS,GT,4
BS,GY,100
BS,HN,6
BS,HT,3098
BS,HU,3
BS,ID,3
BS,IE,7
BS,IL,1
BS,IN,47
BS,IS,1
BS,IT,21
BS,JM,781
BS,JP,5
BS,KE,2
BS,KN,6
BS,LC,10
BS,LK,4
BS,LU,6
BS,ML,7
BS,MX,25
BS,NA,26
BS,NG,20
BS,NI,12
BS,NL,7
BS,NO,5
BS,NZ,4
BS,PA,6
BS,PE,38
BS,PH,106
BS,PL,3
BS,PT,2
BS,RO,11
BS,RU,30
BS,SA,1
BS,SE,4
BS,SR,2
BS,SV,7
BS,SZ,1
BS,TH,1
BS,TR,1
BS,TT,41
BS,UA,5
BS,UG,1
BS,US,1681
BS,UY,2
BS,VC,4
BS,VE,14
BS,ZA,13
BS,ZW,1
BT,AE,11
BT,AR,1
BT,AT,4
BT,AU,5949
BT,BD,8
BT,BE,5
BT,BG,14
BT,BH,1
BT,BO,1
BT,BR,1
BT,CA,1529
BT,CH,10
BT,CL,3
BT,CN,169
BT,CO,3
BT,CR,1
BT,CY,1
BT,CZ,1
BT,DE,35
BT,DK,227
BT,DO,4
BT,EE,4
BT,EG,5
BT,ES,21
BT,FI,6
BT,FR,10
BT,GB,13
BT,GR,2
BT,HN,1
BT,HU,14
BT,ID,4
BT,IE,2
BT,IL,4
BT,IN,6016
BT,IS,2
BT,IT,17
BT,JP,141
BT,KR,67
BT,KW,4
BT,KZ,15
BT,LI,1
BT,LK,60
BT,LT,1
BT,LU,3
BT,LV,1
BT,MM,6
BT,MN,2
BT,MT,4
BT,MX,2
BT,MY,4
BT,NA,1
BT,NL,9
BT,NO,139
BT,NP,3158
BT,NZ,17
BT,OM,2
BT,PA,1
BT,PE,1
BT,PG,6
BT,PH,3
BT,PK,7
BT,PL,13
BT,PT,5
BT,QA,5
BT,RO,3
BT,RS,2
BT,RU,3
BT,SA,8
BT,SB,1
BT,SE,11
BT,SG,4
BT,SK,1
BT,TH,15
BT,TR,7
BT,UA,1
BT,US,176
BT,VE,3
BT,VN,7
BW,AD,6
BW,AE,5
BW,AL,1
BW,AO,1523
BW,AR,14
BW,AT,77
BW,AU,2766
BW,BE,151
BW,BF,1
BW,BG,90
BW,BI,2
BW,BJ,39
BW,BO,7
BW,BR,23
BW,BS,18
BW,BT,1
BW,BY,5
BW,BZ,2
BW,CA,783
BW,CD,365
BW,CG,1
BW,CH,114
BW,CI,13
BW,CL,35
BW,CM,54
BW,CN,962
BW,CO,24
BW,CR,1
BW,CV,1
BW,CY,69
BW,CZ,16
BW,DE,448
BW,DK,229
BW,DO,7
BW,EC,1
BW,EE,33
BW,EG,90
BW,ER,2
BW,ES,334
BW,ET,6
BW,FI,147
BW,FR,493
BW,GA,20
BW,GB,2149
BW,GH,34
BW,GN,59
BW,GQ,1
BW,GR,100
BW,GT,4
BW,HN,6
BW,HR,1
BW,HT,1
BW,HU,119
BW,ID,32
BW,IE,290
BW,IL,123
BW,IN,669
BW,IS,41
BW,IT,438
BW,JM,3
BW,JP,516
BW,KE,200
BW,KG,1
BW,KM,29
BW,KR,299
BW,KW,8
BW,KZ,128
BW,LB,1
BW,LK,137
BW,LS,286
BW,LT,44
BW,LU,46
BW,LV,16
BW,LY,1
BW,MA,1
BW,MC,1
BW,MD,5
BW,MG,102
BW,ML,9
BW,MM,5
BW,MN,13
BW,MT,87
BW,MU,32
BW,MV,2
BW,MW,534
BW,MX,15
BW,MY,4
BW,MZ,657
BW,NA,3438
BW,NE,141
BW,NG,230
BW,NL,364
BW,NO,229
BW,NZ,647
BW,PA,11
BW,PE,6
BW,PG,54
BW,PH,1
BW,PK,37
BW,PL,440
BW,PT,294
BW,PY,1
BW,QA,57
BW,RO,79
BW,RS,18
BW,RU,35
BW,RW,17
BW,SA,2
BW,SB,5
BW,SC,10
BW,SD,3
BW,SE,232
BW,SG,10
BW,SI,5
BW,SK,33
BW,SL,1
BW,SM,1
BW,SN,2
BW,SR,5
BW,SS,34
BW,SZ,60
BW,TD,9
BW,TG,10
BW,TH,20
BW,TJ,3
BW,TL,1
BW,TR,104
BW,TT,3
BW,TZ,999
BW,UA,7
BW,UG,44
BW,US,3116
BW,UY,2
BW,UZ,3
BW,VE,106
BW,VN,23
BW,ZA,23272
BW,ZM,5974
BW,ZW,10541
BY,AE,2
BY,AF,16
BY,AM,554
BY,AR,14
BY,AT,35
BY,AU,258
BY,AZ,1582
BY,BE,14
BY,BG,255
BY,BO,1
BY,BR,9
BY,CA,1279
BY,CG,1
BY,CH,23
BY,CL,3
BY,CN,157
BY,CR,1
BY,CU,4
BY,CY,48
BY,CZ,831
BY,DE,1062
BY,DK,120
BY,DZ,6
BY,EC,1
BY,EE,1685
BY,EG,879
BY,ES,123
BY,ET,2
BY,FI,276
BY,FR,70
BY,GB,156
BY,GE,964
BY,GR,230
BY,HR,9
BY,HU,107
BY,IE,45
BY,IL,2650
BY,IN,3
BY,IR,6
BY,IS,11
BY,IT,1494
BY,JO,3
BY,JP,25
BY,KG,2575
BY,KP,5
BY,KR,596
BY,KZ,10641
BY,LB,4
BY,LT,5039
BY,LU,119
BY,LV,5927
BY,LY,89
BY,MD,739
BY,ME,1
BY,ML,1
BY,MN,76
BY,MT,22
BY,MX,2
BY,NA,3
BY,NL,373
BY,NO,166
BY,NZ,5
BY,PA,1
BY,PE,1
BY,PG,1
BY,PK,3
BY,PL,7019
BY,PT,143
BY,RO,27
BY,RS,17
BY,RU,220325
BY,SE,76
BY,SI,24
BY,SK,38
BY,SY,7
BY,TJ,909
BY,TM,2467
BY,TR,1400
BY,UA,55651
BY,US,445
BY,UY,2
BY,UZ,5685
BY,VE,1
BY,VN,43
BY,YE,2
BY,ZA,1
BZ,AG,2
BZ,AU,13
BZ,BB,3
BZ,BE,1
BZ,BO,306
BZ,BS,10
BZ,CA,113
BZ,CL,150
BZ,CN,234
BZ,CO,2
BZ,CR,23
BZ,DE,9
BZ,DK,1
BZ,DO,1
BZ,ES,923
BZ,GB,46
BZ,GT,3049
BZ,HN,1364
BZ,HT,6
BZ,IN,48
BZ,IT,5
BZ,JM,47
BZ,LB,4
BZ,MX,1396
BZ,NG,6
BZ,NI,5
BZ,NO,2
BZ,PA,21
BZ,SK,1
BZ,SV,905
BZ,US,1096
BZ,VE,8
CA,AD,158
CA,AE,2386
CA,AF,3690
CA,AG,163
CA,AL,1681
CA,AM,603
CA,AO,213
CA,AR,4016
CA,AT,11500
CA,AU,13750
CA,AZ,603
CA,BA,3084
CA,BB,1909
CA,BD,3612
CA,BE,7123
CA,BF,41
CA,BG,4969
CA,BH,80
CA,BI,912
CA,BJ,11
CA,BN,407
CA,BO,1427
CA,BR,5969
CA,BS,661
CA,BT,355
CA,BW,23
CA,BY,4584
CA,BZ,289
CA,CD,3434
CA,CF,27
CA,CG,30
CA,CH,10133
CA,CI,1382
CA,CL,15083
CA,CM,2139
CA,CN,89197
CA,CO,15392
CA,CR,861
CA,CU,2106
CA,CV,16
CA,CY,1628
CA,CZ,7019
CA,DE,87525
CA,DJ,20
CA,DK,3311
CA,DM,32
CA,DO,2753
CA,DZ,7812
CA,EC,2837
CA,EE,1608
CA,EG,8792
CA,ER,1279
CA,ES,16321
CA,ET,4069
CA,FI,2833
CA,FJ,2108
CA,FR,20524
CA,GA,157
CA,GB,77752
CA,GD,1129
CA,GE,39
CA,GH,3122
CA,GM,13
CA,GN,710
CA,GQ,59
CA,GR,10296
CA,GT,2565
CA,GW,8
CA,GY,6912
CA,HN,1754
CA,HR,4564
CA,HT,11345
CA,HU,11313
CA,ID,1578
CA,IE,5571
CA,IL,7693
CA,IN,57479
CA,IQ,8844
CA,IR,14960
CA,IS,1383
CA,IT,33823
CA,JM,13297
CA,JO,1970
CA,JP,32411
CA,KE,2909
CA,KG,765
CA,KH,2314
CA,KI,1
CA,KM,1
CA,KN,13
CA,KP,44
CA,KR,31470
CA,KW,1398
CA,KZ,3053
CA,LA,1433
CA,LB,7397
CA,LC,772
CA,LI,123
CA,LK,12870
CA,LR,10
CA,LS,6
CA,LT,1156
CA,LU,1954
CA,LV,1392
CA,LY,1453
CA,MA,8437
CA,MC,66
CA,MD,2004
CA,ME,66
CA,MG,17
CA,MK,990
CA,ML,89
CA,MM,927
CA,MN,318
CA,MR,14
CA,MT,3643
CA,MU,1553
CA,MV,19
CA,MW,7
CA,MX,13932
CA,MY,2843
CA,MZ,20
CA,NA,1033
CA,NE,6
CA,NG,6212
CA,NI,1148
CA,NL,18017
CA,NO,1616
CA,NP,1043
CA,NZ,3771
CA,OM,93
CA,PA,729
CA,PE,5819
CA,PG,496
CA,PH,59302
CA,PK,11090
CA,PL,25385
CA,PS,587
CA,PT,18742
CA,PW,2
CA,PY,1247
CA,QA,292
CA,RO,14111
CA,RS,5459
CA,RU,59110
CA,RW,691
CA,SA,3026
CA,SB,47
CA,SC,3
CA,SD,1146
CA,SE,4042
CA,SG,1745
CA,SI,1690
CA,SK,3106
CA,SL,6
CA,SM,38
CA,SN,2716
CA,SO,2762
CA,SR,215
CA,SS,30
CA,SV,4741
CA,SY,4915
CA,SZ,2
CA,TD,15
CA,TG,24
CA,TH,2358
CA,TJ,101
CA,TL,7
CA,TM,1125
CA,TN,2069
CA,TO,1
CA,TR,11622
CA,TT,7528
CA,TZ,3985
CA,UA,20807
CA,UG,1271
CA,US,217331
CA,UY,942
CA,UZ,2841
CA,VC,1246
CA,VE,11389
CA,VN,50128
CA,VU,1
CA,WS,2
CA,YE,49
CA,ZA,6019
CA,ZM,200
CA,ZW,1009
CD,AE,2
CD,AO,107214
CD,AU,759
CD,BE,10253
CD,BG,2
CD,BI,25840
CD,BJ,1
CD,BO,1
CD,BR,492
CD,BW,87
CD,CA,3786
CD,CF,23602
CD,CG,21152
CD,CL,23
CD,CM,2264
CD,CN,109
CD,CY,85
CD,DK,209
CD,DO,1
CD,EE,2
CD,EG,2
CD,ER,167
CD,ET,156
CD,FI,238
CD,FR,12254
CD,GA,1136
CD,GH,5
CD,GN,9
CD,GR,573
CD,HU,9
CD,IL,38
CD,IN,9
CD,IT,785
CD,KE,4442
CD,KW,1
CD,LU,339
CD,LV,1
CD,LY,51
CD,ML,314
CD,MR,12
CD,MW,3204
CD,MX,83
CD,MZ,1176
CD,NA,1839
CD,NI,6
CD,NO,326
CD,PT,381
CD,RW,53108
CD,SA,8
CD,SD,1724
CD,SE,625
CD,SI,1
CD,SK,1
CD,SN,57
CD,SS,10903
CD,SZ,41
CD,TD,568
CD,TG,87
CD,TZ,9179
CD,UG,51947
CD,ZA,8609
CD,ZM,6424
CF,AE,5
CF,AO,800
CF,AT,4
CF,AU,128
CF,BE,7
CF,BG,1
CF,BH,1
CF,BI,5
CF,BJ,1
CF,BO,31
CF,BR,25
CF,CA,68
CF,CD,189426
CF,CG,9753
CF,CH,23
CF,CI,1
CF,CL,2
CF,CM,91931
CF,CN,6
CF,CO,1
CF,CR,2
CF,CY,8
CF,DE,9
CF,DK,9
CF,DO,56
CF,EG,7
CF,ES,8
CF,ET,3
CF,FI,11
CF,FR,1321
CF,GA,20
CF,GB,4
CF,GH,1
CF,GN,5
CF,GQ,2
CF,GR,197
CF,HU,13
CF,IE,2
CF,IL,4
CF,IT,20
CF,JP,2
CF,KE,49
CF,KR,2
CF,KW,2
CF,LB,1
CF,LU,49
CF,LY,1
CF,MA,1
CF,ML,455
CF,MT,1
CF,MW,172
CF,MX,4
CF,NA,38
CF,NE,1
CF,NG,4
CF,NL,6
CF,NO,16
CF,OM,1
CF,PL,3
CF,PT,8
CF,QA,1
CF,RO,1
CF,RS,1
CF,RU,93
CF,RW,6
CF,SA,33
CF,SD,12363
CF,SE,26
CF,SI,6
CF,SK,1
CF,SN,495
CF,SS,856
CF,ST,8
CF,TD,17319
CF,TG,160
CF,TH,1
CF,TM,1
CF,TR,4
CF,TZ,183
CF,UA,1
CF,UG,18
CF,US,101
CF,VE,1
CF,YE,1
CF,ZA,9
CF,ZM,344
CG,AE,1
CG,AO,31139
CG,AR,4
CG,AT,2
CG,AU,755
CG,BE,561
CG,BF,13
CG,BG,23
CG,BI,69
CG,BJ,3301
CG,BO,1
CG,BR,224
CG,BY,2
CG,CA,243
CG,CD,26402
CG,CF,3000
CG,CH,8
CG,CI,126
CG,CL,17
CG,CM,2233
CG,CN,303
CG,CO,1
CG,CR,1
CG,CU,62
CG,CY,4
CG,DE,96
CG,DK,44
CG,EC,1
CG,EE,5
CG,EG,98
CG,ER,1
CG,ES,213
CG,FI,62
CG,FR,22621
CG,GA,6534
CG,GB,6
CG,GH,93
CG,GM,19
CG,GN,39
CG,GQ,1290
CG,GR,639
CG,GW,1
CG,HU,26
CG,IL,9
CG,IT,433
CG,JP,17
CG,KE,282
CG,KR,8
CG,KZ,2
CG,LB,92
CG,LT,3
CG,LU,454
CG,LV,1
CG,LY,50
CG,MA,545
CG,ML,6861
CG,MR,418
CG,MW,1109
CG,MX,134
CG,MZ,9
CG,NA,1394
CG,NE,91
CG,NG,819
CG,NL,6
CG,NO,72
CG,PE,1
CG,PL,2
CG,PT,344
CG,RO,1
CG,RU,1536
CG,RW,2715
CG,SA,1
CG,SD,29
CG,SE,133
CG,SI,1
CG,SK,6
CG,SL,1
CG,SN,5755
CG,SS,27
CG,SZ,5
CG,TD,1239
CG,TG,487
CG,TH,1
CG,TJ,1
CG,TM,9
CG,TN,1
CG,TR,7
CG,TT,1
CG,TZ,4871
CG,UA,9
CG,UG,134
CG,US,59
CG,UZ,3
CG,VE,3
CG,ZA,5555
CG,ZM,6934
CH,AD,51
CH,AE,38
CH,AF,486
CH,AG,1
CH,AL,12
CH,AM,2
CH,AO,18
CH,AR,1348
CH,AT,11413
CH,AU,2252
CH,AZ,2
CH,BA,4662
CH,BD,3
CH,BE,3165
CH,BG,1264
CH,BH,4
CH,BN,1
CH,BO,176
CH,BR,4418
CH,BS,63
CH,BT,2
CH,BW,1
CH,BY,49
CH,CA,4576
CH,CF,21
CH,CG,8
CH,CL,431
CH,CM,2
CH,CN,2556
CH,CO,1988
CH,CR,93
CH,CV,5
CH,CY,101
CH,CZ,2321
CH,DE,49757
CH,DK,538
CH,DO,1485
CH,DZ,1135
CH,EC,74
CH,EE,117
CH,EG,418
CH,ER,1389
CH,ES,18014
CH,ET,90
CH,FI,274
CH,FR,31881
CH,GA,6
CH,GB,5754
CH,GE,7
CH,GH,36
CH,GN,3
CH,GQ,3
CH,GR,2070
CH,GT,35
CH,GW,2
CH,HN,21
CH,HR,2908
CH,HT,89
CH,HU,4442
CH,ID,1
CH,IE,94
CH,IL,922
CH,IN,1655
CH,IQ,1046
CH,IR,983
CH,IS,82
CH,IT,52498
CH,JM,1
CH,JO,64
CH,JP,1174
CH,KE,1
CH,KG,28
CH,KH,2
CH,KR,177
CH,KW,14
CH,KZ,32
CH,LB,34
CH,LC,1
CH,LI,2164
CH,LK,3050
CH,LR,3
CH,LT,58
CH,LU,859
CH,LV,58
CH,LY,131
CH,MA,2039
CH,MC,6
CH,MD,8
CH,ME,98
CH,MG,3
CH,MK,5419
CH,ML,3
CH,MN,15
CH,MT,152
CH,MU,11
CH,MV,15
CH,MX,206
CH,MY,7
CH,MZ,10
CH,NA,322
CH,NI,11
CH,NL,3007
CH,NO,457
CH,NP,1
CH,NZ,418
CH,OM,4
CH,PA,76
CH,PE,1198
CH,PG,1
CH,PH,1302
CH,PK,17
CH,PL,5364
CH,PT,26754
CH,PY,6
CH,QA,26
CH,RO,2352
CH,RS,8733
CH,RU,10610
CH,SA,34
CH,SD,99
CH,SE,1405
CH,SG,2
CH,SI,458
CH,SK,2430
CH,SM,3
CH,SN,13
CH,SR,1
CH,SS,2
CH,SV,9
CH,SY,920
CH,TG,1
CH,TH,2292
CH,TJ,26
CH,TL,1
CH,TM,69
CH,TN,1278
CH,TR,13101
CH,TT,1
CH,TZ,1
CH,UA,1431
CH,UG,7
CH,US,6604
CH,UY,14
CH,UZ,121
CH,VE,648
CH,VN,2893
CH,YE,1
CH,ZA,729
CH,ZM,3
CH,ZW,1
CI,AO,12731
CI,AR,8
CI,AU,84
CI,BE,2362
CI,BF,308396
CI,BG,7
CI,BJ,19233
CI,BR,168
CI,CA,7080
CI,CF,1
CI,CG,109
CI,CL,10
CI,CM,51
CI,CN,237
CI,CV,2
CI,DK,75
CI,EE,4
CI,EG,47
CI,ES,470
CI,FI,44
CI,FR,46007
CI,GA,1569
CI,GB,64
CI,GH,33864
CI,GM,682
CI,GN,16017
CI,GR,64
CI,GW,9
CI,HU,35
CI,IE,1
CI,IL,46
CI,IS,6
CI,IT,12449
CI,JP,36
CI,LR,5513
CI,LT,1
CI,LU,478
CI,LY,75
CI,MA,7
CI,ML,89572
CI,MR,445
CI,MX,5
CI,NA,24
CI,NE,11578
CI,NG,7963
CI,NL,7
CI,NO,64
CI,PT,71
CI,SD,3
CI,SK,2
CI,SL,73
CI,SN,15174
CI,SS,1
CI,TD,2
CI,TG,11603
CI,TN,88
CI,US,108
CI,ZA,80
CI,ZM,2
CL,AD,34
CL,AE,2
CL,AG,8
CL,AL,12
CL,AM,18
CL,AR,28155
CL,AT,81
CL,AU,3967
CL,AZ,1
CL,BB,15
CL,BD,1
CL,BE,712
CL,BG,9
CL,BI,11
CL,BO,7266
CL,BR,3066
CL,BS,15
CL,BY,2
CL,BZ,13
CL,CA,3708
CL,CD,11
CL,CH,167
CL,CM,13
CL,CN,1092
CL,CO,9474
CL,CR,340
CL,CU,720
CL,CY,9
CL,CZ,25
CL,DE,860
CL,DK,439
CL,DM,1
CL,DO,1119
CL,EC,3731
CL,EE,32
CL,EG,5
CL,ES,12992
CL,ET,10
CL,FI,133
CL,FR,668
CL,GB,285
CL,GE,12
CL,GN,2
CL,GR,81
CL,GT,117
CL,GY,7
CL,HN,157
CL,HR,39
CL,HT,3157
CL,HU,100
CL,IE,5
CL,IL,655
CL,IN,106
CL,IQ,17
CL,IS,31
CL,IT,2132
CL,JM,8
CL,JO,24
CL,JP,410
CL,KN,7
CL,KP,1
CL,KR,147
CL,KW,1
CL,KZ,2
CL,LA,8
CL,LB,25
CL,LI,1
CL,LT,24
CL,LU,74
CL,LV,38
CL,LY,15
CL,MA,20
CL,ML,265
CL,MT,1
CL,MX,1648
CL,MY,14
CL,MZ,9
CL,NA,11
CL,NI,64
CL,NL,108
CL,NO,856
CL,NP,12
CL,NZ,872
CL,OM,13
CL,PA,418
CL,PE,23265
CL,PH,52
CL,PK,30
CL,PL,52
CL,PS,39
CL,PT,106
CL,PY,719
CL,QA,17
CL,RO,43
CL,RS,17
CL,RU,481
CL,SA,3
CL,SE,3605
CL,SG,14
CL,SI,12
CL,SK,8
CL,SN,17
CL,SV,107
CL,SY,58
CL,TH,2
CL,TM,3
CL,TN,18
CL,TR,72
CL,TT,8
CL,TZ,21
CL,UA,43
CL,US,2794
CL,UY,736
CL,UZ,36
CL,VE,11981
CL,ZA,74
CM,AE,2
CM,AO,1629
CM,AR,1
CM,AT,1
CM,AU,175
CM,BE,10513
CM,BF,4
CM,BG,18
CM,BI,1
CM,BJ,335
CM,BO,5
CM,BR,523
CM,CA,13599
CM,CD,3060
CM,CF,26308
CM,CG,3410
CM,CH,3
CM,CI,48
CM,CL,189
CM,CN,1033
CM,CR,2
CM,CY,2022
CM,DE,43
CM,DK,255
CM,DO,9
CM,EE,89
CM,EG,232
CM,ES,53
CM,FI,549
CM,FR,40895
CM,GA,22826
CM,GB,57
CM,GH,67
CM,GM,10
CM,GN,680
CM,GQ,3787
CM,GR,1287
CM,GW,1
CM,HU,173
CM,IE,2
CM,IL,6
CM,IN,110
CM,IS,1
CM,IT,6747
CM,JP,815
CM,KE,2
CM,KW,1
CM,LR,465
CM,LT,27
CM,LU,1235
CM,LV,4
CM,LY,1
CM,MA,1
CM,ML,1685
CM,MR,151
CM,MW,8
CM,MX,492
CM,MZ,1
CM,NA,122
CM,NE,1549
CM,NG,54067
CM,NL,20
CM,NO,268
CM,PL,1
CM,PT,33
CM,RW,2
CM,SD,190
CM,SE,2
CM,SI,8
CM,SK,9
CM,SL,4
CM,SN,1946
CM,SS,33
CM,TD,8423
CM,TG,281
CM,TN,166
CM,TR,2
CM,TZ,11
CM,UG,3
CM,US,161
CM,ZA,1216
CM,ZM,185
CN,AD,14
CN,AE,14
CN,AF,64
CN,AG,29
CN,AL,2
CN,AM,89
CN,AO,1
CN,AR,7483
CN,AT,6995
CN,AU,164564
CN,AZ,52
CN,BB,8
CN,BD,13503
CN,BE,7596
CN,BF,1
CN,BG,1181
CN,BH,1
CN,BI,38
CN,BJ,4
CN,BN,269
CN,BO,611
CN,BR,8742
CN,BS,124
CN,BT,126
CN,BW,421
CN,BY,309
CN,BZ,788
CN,CA,165904
CN,CD,54
CN,CF,1
CN,CG,363
CN,CH,10828
CN,CI,34
CN,CL,8269
CN,CM,133
CN,CO,1483
CN,CR,104
CN,CU,61
CN,CV,7
CN,CY,616
CN,CZ,1858
CN,DE,77696
CN,DJ,1
CN,DK,4629
CN,DM,5
CN,DO,1440
CN,DZ,61
CN,EC,669
CN,EE,602
CN,EG,5865
CN,ER,15
CN,ES,73046
CN,ET,5434
CN,FI,5120
CN,FJ,108
CN,FR,31078
CN,GA,205
CN,GB,29340
CN,GE,34
CN,GH,355
CN,GM,1
CN,GN,127
CN,GQ,207
CN,GR,1141
CN,GT,366
CN,GY,190
CN,HN,435
CN,HR,84
CN,HT,161
CN,HU,9082
CN,ID,25133
CN,IE,4977
CN,IL,1190
CN,IN,11992
CN,IQ,126
CN,IR,127
CN,IS,405
CN,IT,83259
CN,JM,57
CN,JO,134
CN,JP,395239
CN,KE,89
CN,KG,888
CN,KH,315
CN,KM,1
CN,KP,4317
CN,KR,302378
CN,KW,6
CN,KZ,106355
CN,LA,2119
CN,LB,4
CN,LC,8
CN,LI,59
CN,LK,358
CN,LR,35
CN,LS,77
CN,LT,203
CN,LU,3570
CN,LV,272
CN,LY,491
CN,MA,148
CN,MC,21
CN,MD,18
CN,MG,727
CN,MH,4
CN,ML,1363
CN,MM,18507
CN,MN,10933
CN,MR,57
CN,MT,860
CN,MU,382
CN,MV,1
CN,MW,1
CN,MX,3754
CN,MY,5151
CN,MZ,1
CN,NA,2428
CN,NE,1
CN,NG,341
CN,NI,36
CN,NL,24827
CN,NO,3782
CN,NP,2115
CN,NR,25
CN,NZ,41833
CN,OM,2
CN,PA,6343
CN,PE,1522
CN,PG,355
CN,PH,4059
CN,PK,484
CN,PL,1399
CN,PS,5
CN,PT,4437
CN,PW,52
CN,PY,249
CN,QA,24
CN,RO,1380
CN,RS,1049
CN,RU,19420
CN,RW,50
CN,SA,104
CN,SB,904
CN,SC,98
CN,SD,358
CN,SE,14154
CN,SG,62473
CN,SI,435
CN,SK,659
CN,SL,60
CN,SM,2
CN,SN,84
CN,SO,68
CN,SR,1677
CN,SS,2
CN,SV,70
CN,SY,122
CN,TD,1
CN,TG,184
CN,TH,14087
CN,TJ,133
CN,TL,377
CN,TM,473
CN,TN,4
CN,TO,14
CN,TR,13717
CN,TT,324
CN,TZ,129
CN,UA,4265
CN,UG,52
CN,US,726767
CN,UY,15
CN,UZ,259
CN,VE,7517
CN,VN,32219
CN,WS,6
CN,YE,241
CN,ZA,1210
CN,ZM,737
CN,ZW,61
CO,AD,1
CO,AE,1
CO,AF,21
CO,AL,10
CO,AR,10079
CO,AT,22
CO,AU,8907
CO,BE,1014
CO,BG,26
CO,BO,485
CO,BR,1632
CO,BS,23
CO,CA,8866
CO,CH,1752
CO,CL,72258
CO,CN,254
CO,CR,2721
CO,CU,230
CO,CV,8
CO,CY,15
CO,DE,234
CO,DK,394
CO,DO,417
CO,EC,25877
CO,EE,30
CO,EG,1
CO,ES,118734
CO,FI,148
CO,FR,4503
CO,GB,143
CO,GN,295
CO,GR,48
CO,GT,208
CO,GY,3
CO,HN,250
CO,HR,5
CO,HT,97
CO,HU,108
CO,IE,2
CO,IL,439
CO,IN,20
CO,IR,2
CO,IS,41
CO,IT,4805
CO,JP,389
CO,KG,1
CO,KP,3
CO,KR,46
CO,LB,44
CO,LI,5
CO,LT,7
CO,LU,320
CO,LV,6
CO,ML,1
CO,MX,7599
CO,NI,104
CO,NL,1918
CO,NO,670
CO,NZ,646
CO,PA,5668
CO,PE,4534
CO,PG,1
CO,PK,1
CO,PL,23
CO,PT,115
CO,PY,22
CO,RO,18
CO,RU,205
CO,SA,9
CO,SB,2
CO,SE,1467
CO,SI,31
CO,SK,12
CO,SV,114
CO,TH,1
CO,TM,1
CO,TR,16
CO,TT,4
CO,UA,2
CO,US,99574
CO,UY,54
CO,UZ,1
CO,VE,201877
CO,VU,4
CO,ZA,22
CR,AD,1
CR,AL,1
CR,AM,2
CR,AO,3
CR,AR,672
CR,AT,39
CR,AU,383
CR,AZ,1
CR,BB,1
CR,BE,51
CR,BG,27
CR,BO,148
CR,BR,290
CR,BS,30
CR,BY,6
CR,BZ,26
CR,CA,1923
CR,CD,1
CR,CF,1
CR,CG,1
CR,CH,104
CR,CL,2265
CR,CM,1
CR,CN,70
CR,CO,4688
CR,CU,760
CR,CY,3
CR,CZ,4
CR,DE,480
CR,DK,94
CR,DO,301
CR,DZ,2
CR,EC,358
CR,EE,21
CR,EG,16
CR,ES,3481
CR,FI,45
CR,FR,134
CR,GA,1
CR,GB,101
CR,GD,1
CR,GE,2
CR,GN,50
CR,GQ,1
CR,GR,24
CR,GT,1028
CR,GY,3
CR,HN,1297
CR,HR,3
CR,HT,156
CR,HU,117
CR,ID,2
CR,IE,9
CR,IL,44
CR,IN,5
CR,IQ,2
CR,IR,11
CR,IS,18
CR,IT,1117
CR,JM,69
CR,JO,1
CR,JP,87
CR,KE,1
CR,KG,2
CR,KP,5
CR,KR,72
CR,KZ,3
CR,LB,8
CR,LI,2
CR,LT,3
CR,LU,50
CR,LV,1
CR,LY,2
CR,MA,1
CR,MD,1
CR,MK,3
CR,ML,1
CR,MM,2
CR,MN,12
CR,MT,6
CR,MX,2858
CR,MY,1
CR,NA,7
CR,NG,1
CR,NI,40477
CR,NL,105
CR,NO,147
CR,NP,1
CR,NZ,18
CR,PA,5269
CR,PE,895
CR,PG,3
CR,PH,16
CR,PK,1
CR,PL,72
CR,PT,18
CR,PY,12
CR,RO,41
CR,RS,4
CR,RU,455
CR,SA,1
CR,SE,30
CR,SG,1
CR,SI,3
CR,SK,17
CR,SN,1
CR,SR,2
CR,SV,1910
CR,SY,1
CR,TH,2
CR,TM,4
CR,TN,1
CR,TR,29
CR,TT,18
CR,TZ,2
CR,UA,55
CR,UG,1
CR,US,5081
CR,UY,42
CR,UZ,6
CR,VE,3226
CR,VN,2
CR,ZA,8
CR,ZM,1
CU,AD,3
CU,AG,2
CU,AO,31
CU,AR,503
CU,AT,8
CU,AU,98
CU,BB,6
CU,BE,8
CU,BG,115
CU,BO,390
CU,BR,11717
CU,BS,60
CU,BY,20
CU,CA,2071
CU,CG,57
CU,CH,3
CU,CL,10252
CU,CN,62
CU,CO,1087
CU,CR,679
CU,CV,10
CU,CY,5
CU,CZ,20
CU,DE,122
CU,DK,62
CU,DM,1
CU,DO,493
CU,DZ,1
CU,EC,2566
CU,EE,26
CU,EG,7
CU,ES,42974
CU,FI,119
CU,FR,14
CU,GB,51
CU,GE,2
CU,GN,195
CU,GQ,2
CU,GR,39
CU,GT,115
CU,HN,217
CU,HT,257
CU,HU,172
CU,IE,7
CU,IL,3
CU,IS,10
CU,IT,5010
CU,JM,213
CU,JP,6
CU,KG,2
CU,KR,5
CU,KZ,2
CU,LB,1
CU,LC,8
CU,LI,1
CU,LT,4
CU,LU,147
CU,LV,15
CU,MA,1
CU,MT,1
CU,MX,13609
CU,NA,418
CU,NI,115
CU,NL,17
CU,NO,117
CU,NZ,1
CU,PA,231
CU,PE,2959
CU,PL,45
CU,PT,291
CU,RO,63
CU,RU,1241
CU,SC,4
CU,SE,6
CU,SI,24
CU,SK,36
CU,SV,14
CU,TL,4
CU,TM,4
CU,TR,6
CU,TT,2028
CU,UA,72
CU,US,179703
CU,UY,3
CU,UZ,7
CU,VE,3846
CU,ZA,46
CV,AO,6504
CV,AR,1
CV,AU,1
CV,BE,3
CV,BG,1
CV,BO,37
CV,BR,218
CV,BY,1
CV,CA,2
CV,CH,5
CV,CI,2
CV,CL,1
CV,CN,3
CV,CO,132
CV,CU,10
CV,DE,11
CV,DK,10
CV,DO,1
CV,EG,4
CV,ES,40
CV,FI,4
CV,FR,4855
CV,GA,12
CV,GB,8
CV,GH,5
CV,GM,35
CV,GN,59
CV,GQ,9
CV,GR,1
CV,GW,741
CV,HU,16
CV,IS,24
CV,IT,977
CV,JP,3
CV,KR,2
CV,LU,5293
CV,ML,2
CV,MR,1
CV,MX,1
CV,MZ,610
CV,NA,3
CV,NG,87
CV,NL,6
CV,NO,42
CV,PT,16462
CV,RU,394
CV,SI,1
CV,SL,75
CV,SN,1050
CV,ST,357
CV,TG,9
CV,TL,3
CV,TM,2
CV,TR,1
CV,UA,8
CV,US,52
CV,UZ,1
CV,VE,1
CY,AE,27
CY,AL,32
CY,AM,139
CY,AR,51
CY,AT,62
CY,AU,2341
CY,AZ,29
CY,BA,5
CY,BD,37
CY,BE,48
CY,BG,828
CY,BH,9
CY,BJ,1
CY,BO,1
CY,BR,8
CY,BW,1
CY,BY,109
CY,CA,708
CY,CD,80
CY,CF,2
CY,CH,58
CY,CL,11
CY,CM,6
CY,CN,168
CY,CO,23
CY,CR,1
CY,CU,4
CY,CZ,85
CY,DE,487
CY,DK,60
CY,DO,1
CY,DZ,5
CY,EC,3
CY,EE,26
CY,EG,447
CY,ES,90
CY,ET,9
CY,FI,81
CY,FR,135
CY,GB,3512
CY,GE,1639
CY,GH,10
CY,GR,5034
CY,HR,10
CY,HU,119
CY,ID,15
CY,IE,97
CY,IL,59
CY,IN,213
CY,IQ,162
CY,IR,103
CY,IS,6
CY,IT,178
CY,JM,1
CY,JO,149
CY,JP,20
CY,KE,8
CY,KG,26
CY,KP,3
CY,KR,34
CY,KW,21
CY,KZ,59
CY,LB,232
CY,LK,876
CY,LT,24
CY,LU,25
CY,LV,32
CY,LY,35
CY,MA,7
CY,MD,90
CY,ME,1
CY,MG,1
CY,MK,3
CY,MM,4
CY,MN,1
CY,MT,22
CY,MU,1
CY,MW,1
CY,MX,8
CY,MY,7
CY,MZ,1
CY,NA,3
CY,NE,1
CY,NG,36
CY,NI,1
CY,NL,96
CY,NO,52
CY,NP,4
CY,NZ,29
CY,OM,6
CY,PA,3
CY,PE,7
CY,PG,1
CY,PH,641
CY,PK,26
CY,PL,90
CY,PS,120
CY,PT,15
CY,PY,1
CY,QA,10
CY,RO,558
CY,RS,254
CY,RU,6121
CY,SA,45
CY,SC,1
CY,SD,43
CY,SE,125
CY,SG,3
CY,SI,6
CY,SK,38
CY,SN,4
CY,SO,1
CY,SS,1
CY,SV,1
CY,SY,670
CY,TH,35
CY,TJ,5
CY,TM,48
CY,TN,4
CY,TR,3314
CY,TT,2
CY,TZ,17
CY,UA,723
CY,UG,2
CY,US,528
CY,UZ,56
CY,VE,15
CY,VN,13
CY,YE,1
CY,ZA,604
CY,ZM,16
CY,ZW,25
CZ,AE,2
CZ,AL,1
CZ,AM,254
CZ,AR,6
CZ,AT,5080
CZ,AU,1517
CZ,AZ,194
CZ,BA,240
CZ,BD,1
CZ,BE,187
CZ,BG,1460
CZ,BO,8
CZ,BR,77
CZ,BY,1374
CZ,CA,2550
CZ,CH,2086
CZ,CL,25
CZ,CN,518
CZ,CO,2
CZ,CU,3
CZ,CY,89
CZ,DE,45530
CZ,DK,278
CZ,DO,4
CZ,EE,230
CZ,EG,299
CZ,ES,317
CZ,FI,89
CZ,FR,554
CZ,GB,753
CZ,GE,168
CZ,GR,763
CZ,HR,341
CZ,HT,1
CZ,HU,1754
CZ,IE,259
CZ,IL,2030
CZ,IN,177
CZ,IQ,1
CZ,IR,62
CZ,IS,115
CZ,IT,1743
CZ,JO,7
CZ,JP,5022
CZ,KG,557
CZ,KH,2
CZ,KR,988
CZ,KW,1
CZ,KZ,1258
CZ,LA,1
CZ,LB,3
CZ,LI,8
CZ,LT,212
CZ,LU,200
CZ,LV,50
CZ,LY,10
CZ,MA,1
CZ,MD,911
CZ,ME,17
CZ,MK,181
CZ,MN,2603
CZ,MT,47
CZ,MX,35
CZ,NA,36
CZ,NL,543
CZ,NO,286
CZ,NZ,268
CZ,PA,6
CZ,PE,1
CZ,PH,90
CZ,PL,3339
CZ,PT,76
CZ,QA,1
CZ,RO,1419
CZ,RS,363
CZ,RU,19559
CZ,SA,3
CZ,SE,128
CZ,SI,74
CZ,SK,41037
CZ,SN,1
CZ,SY,100
CZ,TH,100
CZ,TJ,18
CZ,TM,358
CZ,TN,85
CZ,TR,783
CZ,UA,23135
CZ,US,1178
CZ,UY,1
CZ,UZ,1191
CZ,VE,55
CZ,VN,12504
CZ,ZA,52
DE,AD,52
DE,AE,93
DE,AF,6754
DE,AG,10
DE,AL,94
DE,AM,124
DE,AR,682
DE,AT,55854
DE,AU,13612
DE,AZ,70
DE,BA,14687
DE,BD,5
DE,BE,10761
DE,BG,21476
DE,BH,10
DE,BO,287
DE,BR,1457
DE,BS,38
DE,BT,3
DE,BW,26
DE,BY,4546
DE,BZ,9
DE,CA,17872
DE,CF,3
DE,CG,72
DE,CH,44208
DE,CL,992
DE,CM,41
DE,CN,13801
DE,CO,295
DE,CR,245
DE,CU,14
DE,CV,9
DE,CY,489
DE,CZ,67587
DE,DK,4982
DE,DM,3
DE,DO,246
DE,DZ,101
DE,EC,185
DE,EE,1001
DE,EG,4154
DE,ES,36799
DE,ET,1
DE,FI,1009
DE,FR,39595
DE,GA,16
DE,GB,37474
DE,GE,139
DE,GH,1
DE,GN,4
DE,GQ,3
DE,GR,38477
DE,GT,83
DE,HN,41
DE,HR,23475
DE,HT,112
DE,HU,28155
DE,ID,2
DE,IE,2451
DE,IL,4388
DE,IN,6684
DE,IQ,14280
DE,IR,9121
DE,IS,671
DE,IT,69848
DE,JO,1275
DE,JP,2085
DE,KG,2642
DE,KH,8
DE,KR,16429
DE,KW,41
DE,KZ,120671
DE,LA,2
DE,LB,658
DE,LC,5
DE,LI,238
DE,LK,62
DE,LR,16
DE,LT,539
DE,LU,2581
DE,LV,493
DE,LY,913
DE,MA,11922
DE,MC,8
DE,MD,113
DE,ME,465
DE,MG,3
DE,MK,7116
DE,ML,20
DE,MN,180
DE,MR,1
DE,MT,496
DE,MU,14
DE,MV,28
DE,MX,836
DE,MY,5
DE,NA,1493
DE,NI,37
DE,NL,17335
DE,NO,4042
DE,NP,2
DE,NZ,1933
DE,OM,3
DE,PA,154
DE,PE,243
DE,PG,4
DE,PH,163
DE,PK,224
DE,PL,199555
DE,PS,5
DE,PT,3800
DE,PY,213
DE,QA,28
DE,RO,69955
DE,RS,23479
DE,RU,482854
DE,SA,310
DE,SC,10
DE,SE,7607
DE,SG,8
DE,SI,2015
DE,SK,3143
DE,SL,4
DE,SM,5
DE,SN,133
DE,SV,28
DE,SY,18858
DE,TG,25
DE,TH,3295
DE,TJ,359
DE,TM,7922
DE,TN,180
DE,TR,191135
DE,TT,33
DE,TZ,109
DE,UA,52101
DE,US,155215
DE,UY,209
DE,UZ,4446
DE,VE,689
DE,VN,13885
DE,WS,4
DE,YE,5
DE,ZA,1485
DE,ZM,42
DJ,AE,8
DJ,AT,5
DJ,AU,51
DJ,BE,12
DJ,BH,1
DJ,CA,49
DJ,CN,2
DJ,DK,17
DJ,DZ,9
DJ,EG,240
DJ,ER,2
DJ,ET,2019
DJ,FI,19
DJ,GB,83
DJ,GN,5
DJ,GR,17
DJ,HU,3
DJ,ID,1
DJ,IL,40
DJ,IN,1
DJ,IT,12
DJ,JO,1
DJ,KE,287
DJ,KW,3
DJ,LB,1
DJ,LU,11
DJ,LY,375
DJ,MT,5
DJ,MY,2
DJ,NL,43
DJ,NO,45
DJ,QA,1
DJ,SA,57
DJ,SD,1
DJ,SE,73
DJ,SO,10075
DJ,SY,1
DJ,TR,14
DJ,TZ,2
DJ,UG,34
DJ,US,187
DJ,YE,704
DJ,ZA,138
DK,AD,29
DK,AE,72
DK,AF,920
DK,AG,1
DK,AL,37
DK,AM,105
DK,AO,126
DK,AR,322
DK,AT,641
DK,AU,1742
DK,AZ,62
DK,BA,1486
DK,BB,5
DK,BD,97
DK,BE,359
DK,BF,15
DK,BG,1301
DK,BH,11
DK,BI,56
DK,BJ,21
DK,BN,2
DK,BO,95
DK,BR,471
DK,BS,6
DK,BT,58
DK,BW,35
DK,BY,374
DK,BZ,1
DK,CA,2152
DK,CD,200
DK,CF,3
DK,CG,73
DK,CH,472
DK,CI,59
DK,CL,525
DK,CM,91
DK,CN,1576
DK,CO,563
DK,CR,34
DK,CU,60
DK,CV,3
DK,CY,85
DK,CZ,218
DK,DE,7738
DK,DJ,11
DK,DM,1
DK,DO,30
DK,DZ,118
DK,EC,92
DK,EE,964
DK,EG,705
DK,ER,178
DK,ES,1266
DK,ET,298
DK,FI,864
DK,FJ,2
DK,FR,1129
DK,GA,47
DK,GB,2331
DK,GD,2
DK,GE,28
DK,GH,261
DK,GM,93
DK,GN,34
DK,GQ,5
DK,GR,673
DK,GT,45
DK,GW,16
DK,GY,9
DK,HN,20
DK,HR,325
DK,HT,19
DK,HU,1008
DK,ID,119
DK,IE,229
DK,IL,824
DK,IN,914
DK,IQ,2878
DK,IR,1562
DK,IS,2145
DK,IT,1822
DK,JM,16
DK,JO,252
DK,JP,1695
DK,KE,208
DK,KG,55
DK,KH,25
DK,KM,1
DK,KP,44
DK,KR,1600
DK,KW,113
DK,KZ,94
DK,LA,7
DK,LB,1085
DK,LC,1
DK,LI,5
DK,LK,773
DK,LR,17
DK,LS,5
DK,LT,1454
DK,LU,317
DK,LV,848
DK,LY,157
DK,MA,670
DK,MC,1
DK,MD,58
DK,ME,51
DK,MG,8
DK,MK,299
DK,ML,26
DK,MM,198
DK,MN,46
DK,MR,4
DK,MT,210
DK,MU,14
DK,MV,1
DK,MW,10
DK,MX,238
DK,MY,102
DK,MZ,24
DK,NA,146
DK,NE,3
DK,NG,208
DK,NI,33
DK,NL,1008
DK,NO,6059
DK,NP,222
DK,NZ,108
DK,OM,6
DK,PA,54
DK,PE,179
DK,PG,9
DK,PH,1122
DK,PK,782
DK,PL,5893
DK,PS,8
DK,PT,395
DK,PY,10
DK,QA,29
DK,RO,2429
DK,RS,446
DK,RU,4237
DK,RW,43
DK,SA,100
DK,SB,15
DK,SC,2
DK,SD,84
DK,SE,9138
DK,SG,80
DK,SI,237
DK,SK,402
DK,SL,45
DK,SM,1
DK,SN,118
DK,SO,1186
DK,SR,4
DK,SS,3
DK,SV,9
DK,SY,1973
DK,SZ,4
DK,TD,3
DK,TG,20
DK,TH,1529
DK,TJ,71
DK,TM,66
DK,TN,106
DK,TO,2
DK,TR,6782
DK,TT,20
DK,TZ,237
DK,UA,1392
DK,UG,148
DK,US,2187
DK,UY,28
DK,UZ,87
DK,VE,473
DK,VN,3068
DK,WS,2
DK,YE,34
DK,ZA,339
DK,ZM,126
DK,ZW,37
DM,AG,1227
DM,AR,2
DM,AT,1
DM,AU,3
DM,BB,98
DM,BE,2
DM,BG,1
DM,BO,1
DM,BR,80
DM,BS,32
DM,CA,45
DM,CH,2
DM,CL,392
DM,CM,1
DM,CN,5
DM,CO,10
DM,CR,2
DM,CU,2
DM,CZ,1
DM,DE,18
DM,DK,8
DM,DO,37
DM,EC,2
DM,EG,1
DM,ES,7
DM,FI,4
DM,FR,23
DM,GB,73
DM,GD,20
DM,GN,9
DM,GR,5
DM,GY,24
DM,HN,1
DM,HT,306
DM,HU,3
DM,IE,1
DM,IL,3
DM,IN,2
DM,IS,1
DM,IT,2
DM,JM,61
DM,JP,5
DM,KN,47
DM,KR,3
DM,LB,3
DM,LC,81
DM,LU,2
DM,ML,1
DM,MT,2
DM,MX,26
DM,NA,2
DM,NE,1
DM,NG,7
DM,NL,6
DM,NO,9
DM,NZ,1
DM,PA,20
DM,PE,4
DM,PG,1
DM,PL,5
DM,PT,2
DM,RO,1
DM,RU,1
DM,SE,1
DM,SK,1
DM,SR,3
DM,SY,2
DM,TR,6
DM,TT,38
DM,US,231
DM,VC,29
DM,VE,12
DM,ZA,4
DO,AD,1
DO,AG,212
DO,AR,1810
DO,AT,26
DO,AU,45
DO,BE,639
DO,BG,32
DO,BH,1
DO,BO,48
DO,BR,731
DO,BS,208
DO,BT,1
DO,BY,1
DO,BZ,1
DO,CA,2823
DO,CD,1
DO,CF,12
DO,CH,2274
DO,CL,13261
DO,CM,4
DO,CN,414
DO,CO,901
DO,CR,166
DO,CU,364
DO,CY,1
DO,CZ,4
DO,DE,234
DO,DK,50
DO,DM,13
DO,EC,282
DO,EE,4
DO,EG,2
DO,ES,43938
DO,FI,60
DO,FR,956
DO,GB,60
DO,GN,2
DO,GR,72
DO,GT,69
DO,GY,2
DO,HN,108
DO,HT,53465
DO,HU,35
DO,IE,4
DO,IL,9
DO,IN,7
DO,IQ,3
DO,IR,3
DO,IS,26
DO,IT,8053
DO,JM,12
DO,JO,1
DO,JP,45
DO,KH,11
DO,KN,12
DO,KR,68
DO,KZ,2
DO,LB,11
DO,LC,4
DO,LI,18
DO,LU,436
DO,MA,4
DO,MD,1
DO,MK,2
DO,ML,1
DO,MT,3
DO,MX,883
DO,MY,2
DO,NG,3
DO,NI,39
DO,NL,74
DO,NO,167
DO,NZ,2
DO,PA,1200
DO,PE,827
DO,PH,5
DO,PK,4
DO,PL,6
DO,PS,1
DO,PT,97
DO,PY,3
DO,RO,7
DO,RS,8
DO,RU,237
DO,SA,1
DO,SE,10
DO,SI,38
DO,SK,11
DO,SR,2
DO,SV,33
DO,SY,3
DO,TD,1
DO,TH,1
DO,TM,1
DO,TR,10
DO,TT,3
DO,UA,18
DO,US,287571
DO,UY,20
DO,UZ,1
DO,VE,5846
DO,ZA,2
DZ,AE,28
DZ,AM,1
DZ,AR,48
DZ,AT,9
DZ,AU,204
DZ,BE,5685
DZ,BG,221
DZ,BH,3
DZ,BR,29
DZ,BY,24
DZ,CA,20684
DZ,CH,2273
DZ,CL,1
DZ,CN,41
DZ,CR,2
DZ,CU,1
DZ,CY,10
DZ,DE,369
DZ,DJ,8
DZ,DK,144
DZ,EE,21
DZ,EG,508
DZ,ES,22694
DZ,ET,18
DZ,FI,350
DZ,FR,199181
DZ,GA,35
DZ,GB,93
DZ,GE,5
DZ,GH,2
DZ,GN,1474
DZ,GR,78
DZ,HR,6
DZ,HU,431
DZ,ID,136
DZ,IL,11178
DZ,IN,1
DZ,IQ,957
DZ,IR,1
DZ,IS,34
DZ,IT,2656
DZ,JO,1195
DZ,KE,32
DZ,KR,2
DZ,KW,88
DZ,LB,286
DZ,LI,1
DZ,LT,5
DZ,LU,991
DZ,LV,10
DZ,LY,817
DZ,MA,3669
DZ,ML,125
DZ,MR,1321
DZ,MT,84
DZ,MX,47
DZ,MY,85
DZ,NA,354
DZ,NE,171
DZ,NI,16
DZ,NL,8
DZ,NO,176
DZ,NZ,1
DZ,PL,270
DZ,PS,1715
DZ,PT,66
DZ,QA,5
DZ,RO,1
DZ,RU,433
DZ,SA,343
DZ,SD,139
DZ,SE,20
DZ,SG,4
DZ,SI,15
DZ,SK,46
DZ,SN,2148
DZ,SO,1112
DZ,SS,2
DZ,SY,962
DZ,TD,1
DZ,TJ,71
DZ,TM,2
DZ,TN,1319
DZ,TR,8391
DZ,UA,4
DZ,UG,4
DZ,US,150
DZ,UZ,1
DZ,VE,41
DZ,YE,195
DZ,ZA,175
EC,AD,1
EC,AF,12
EC,AR,4053
EC,AT,56
EC,AU,1231
EC,BE,1321
EC,BG,38
EC,BO,404
EC,BR,432
EC,BS,10
EC,BY,1
EC,BZ,1
EC,CA,2140
EC,CH,94
EC,CL,28267
EC,CM,1
EC,CN,601
EC,CO,37535
EC,CR,234
EC,CU,989
EC,CY,2
EC,CZ,4
EC,DE,491
EC,DK,81
EC,DO,196
EC,EE,27
EC,EG,19
EC,ES,81749
EC,FI,69
EC,FR,187
EC,GA,1
EC,GB,118
EC,GH,1
EC,GN,2
EC,GQ,1
EC,GR,18
EC,GT,80
EC,GY,1
EC,HN,251
EC,HT,54
EC,HU,171
EC,IE,3
EC,IL,43
EC,IN,20
EC,IR,17
EC,IS,29
EC,IT,9570
EC,JM,1
EC,JP,98
EC,KG,3
EC,KP,5
EC,KR,108
EC,KZ,2
EC,LB,13
EC,LI,5
EC,LT,6
EC,LU,245
EC,LV,4
EC,MA,2
EC,ML,2
EC,MN,2
EC,MT,6
EC,MX,1846
EC,NA,8
EC,NE,1
EC,NG,23
EC,NI,45
EC,NL,76
EC,NO,109
EC,NZ,62
EC,PA,560
EC,PE,4909
EC,PG,4
EC,PK,13
EC,PL,45
EC,PT,131
EC,PY,23
EC,RO,21
EC,RS,9
EC,RU,453
EC,SE,17
EC,SI,4
EC,SK,26
EC,SN,1
EC,SV,44
EC,SY,6
EC,TH,1
EC,TJ,1
EC,TM,3
EC,TR,53
EC,TT,2
EC,UA,45
EC,US,84703
EC,UY,56
EC,UZ,5
EC,VE,30879
EC,VN,5
EC,ZA,1
EC,ZM,1
EE,AE,1
EE,AF,2
EE,AL,2
EE,AM,67
EE,AO,3
EE,AR,26
EE,AT,18
EE,AU,336
EE,AZ,172
EE,BD,2
EE,BE,18
EE,BG,66
EE,BO,1
EE,BR,26
EE,BS,2
EE,BY,1652
EE,CA,31
EE,CG,1
EE,CH,11
EE,CL,37
EE,CM,2
EE,CN,33
EE,CO,3
EE,CR,1
EE,CU,2
EE,CY,7
EE,CZ,34
EE,DE,328
EE,DK,154
EE,DZ,2
EE,EC,1
EE,EG,217
EE,ES,59
EE,ET,1
EE,FI,4963
EE,FR,65
EE,GB,74
EE,GE,174
EE,GH,1
EE,GR,32
EE,GT,1
EE,HR,4
EE,HU,42
EE,ID,1
EE,IE,17
EE,IL,32
EE,IN,21
EE,IQ,1
EE,IR,6
EE,IS,20
EE,IT,231
EE,JO,1
EE,JP,12
EE,KE,1
EE,KG,196
EE,KH,1
EE,KR,144
EE,KW,1
EE,KZ,619
EE,LB,1
EE,LK,2
EE,LT,277
EE,LU,80
EE,LV,829
EE,LY,2
EE,MA,2
EE,MD,83
EE,MK,1
EE,MN,22
EE,MT,5
EE,MX,6
EE,MY,1
EE,NA,1
EE,NG,12
EE,NL,112
EE,NO,475
EE,NP,2
EE,NZ,3
EE,PE,2
EE,PG,3
EE,PH,4
EE,PK,3
EE,PL,99
EE,PS,1
EE,PT,31
EE,RO,36
EE,RS,3
EE,RU,41151
EE,SA,1
EE,SD,1
EE,SE,1011
EE,SG,1
EE,SI,6
EE,SK,20
EE,SY,1
EE,TH,4
EE,TJ,71
EE,TM,256
EE,TN,1
EE,TR,153
EE,UA,3970
EE,US,136
EE,UZ,247
EE,VE,7
EE,VN,4
EE,ZA,41
EG,AE,85507
EG,AF,3
EG,AG,3
EG,AM,17
EG,AO,10
EG,AR,109
EG,AT,6698
EG,AU,14030
EG,BD,1
EG,BE,2792
EG,BF,61
EG,BG,271
EG,BH,8890
EG,BI,6
EG,BJ,33
EG,BO,8
EG,BR,1035
EG,BS,11
EG,BY,2
EG,CA,27018
EG,CD,7
EG,CF,14
EG,CG,6
EG,CH,457
EG,CI,60
EG,CL,3
EG,CM,43
EG,CN,377
EG,CR,4
EG,CY,2200
EG,CZ,504
EG,DE,21095
EG,DJ,10
EG,DK,1208
EG,DZ,174
EG,EC,9
EG,EE,104
EG,ER,426
EG,ES,4
EG,ET,1048
EG,FI,810
EG,FR,12356
EG,GA,9
EG,GB,15
EG,GH,50
EG,GN,21
EG,GQ,1
EG,GR,11552
EG,GT,12
EG,HN,2
EG,HR,74
EG,HU,1046
EG,ID,1
EG,IL,8358
EG,IQ,7821
EG,IR,2
EG,IS,30
EG,IT,48588
EG,JO,218262
EG,JP,948
EG,KE,39
EG,KW,46952
EG,LB,5234
EG,LI,7
EG,LK,29
EG,LT,57
EG,LU,264
EG,LV,46
EG,LY,7113
EG,MA,775
EG,MD,2
EG,MK,604
EG,ML,321
EG,MR,99
EG,MT,662
EG,MV,10
EG,MX,97
EG,MY,63
EG,NA,104
EG,NE,97
EG,NG,250
EG,NL,9047
EG,NO,1094
EG,OM,6966
EG,PA,30
EG,PE,3
EG,PL,961
EG,PS,11868
EG,PT,196
EG,QA,21624
EG,RO,39
EG,RU,2728
EG,SA,158274
EG,SD,8798
EG,SE,7966
EG,SI,60
EG,SK,113
EG,SL,3
EG,SN,4
EG,SO,1088
EG,SS,1977
EG,SY,25821
EG,TD,58
EG,TG,7
EG,TN,387
EG,TR,71438
EG,UA,54
EG,UG,59
EG,US,87869
EG,VE,208
EG,YE,1016
EG,ZA,609
EG,ZM,88
ER,AE,1387
ER,AO,494
ER,AT,3
ER,AU,2006
ER,BE,1680
ER,BG,12
ER,BH,144
ER,BI,125
ER,BR,6
ER,CA,16906
ER,CD,375
ER,CG,2
ER,CH,15932
ER,CL,2
ER,CN,21
ER,CY,1
ER,DE,13
ER,DJ,6
ER,DK,4008
ER,DZ,2
ER,EG,11120
ER,ES,11
ER,ET,66029
ER,FI,741
ER,FR,158
ER,GA,6
ER,GB,16
ER,GN,6
ER,GQ,2
ER,GR,1027
ER,HU,23
ER,ID,195
ER,IE,1
ER,IL,2155
ER,IN,11
ER,IQ,362
ER,IS,4
ER,IT,1207
ER,JP,4
ER,KE,251
ER,KM,22
ER,KR,2
ER,KW,432
ER,KZ,1
ER,LI,10
ER,LT,26
ER,LU,666
ER,LV,6
ER,LY,1251
ER,MA,2
ER,MC,1
ER,MG,1
ER,ML,1
ER,MT,1200
ER,MW,142
ER,MX,1
ER,MY,1
ER,MZ,126
ER,NA,19
ER,NL,14062
ER,NO,10502
ER,NZ,3
ER,PL,2
ER,PT,8
ER,QA,1846
ER,RO,2
ER,RW,59
ER,SA,1
ER,SD,41112
ER,SE,27116
ER,SI,54
ER,SN,2
ER,SO,486
ER,SS,679
ER,TH,1
ER,TR,15
ER,TZ,305
ER,UG,3468
ER,US,27
ER,VE,13
ER,YE,173
ER,ZA,756
ER,ZM,202
ER,ZW,33
ES,AD,3975
ES,AE,73
ES,AF,3
ES,AG,5
ES,AL,2
ES,AM,16
ES,AO,9
ES,AR,38843
ES,AT,8836
ES,AU,3232
ES,AZ,15
ES,BA,2
ES,BB,2
ES,BD,619
ES,BE,18803
ES,BF,9
ES,BG,17646
ES,BH,8
ES,BJ,4
ES,BN,2
ES,BO,21670
ES,BR,13151
ES,BS,28
ES,BW,1
ES,BY,148
ES,BZ,9
ES,CA,3045
ES,CF,4
ES,CG,20
ES,CH,17580
ES,CI,74
ES,CL,14622
ES,CM,15
ES,CN,18189
ES,CO,54904
ES,CR,499
ES,CU,14519
ES,CV,25
ES,CY,170
ES,CZ,1329
ES,DE,128765
ES,DK,2782
ES,DO,18456
ES,DZ,6795
ES,EC,52404
ES,EE,603
ES,EG,1329
ES,ET,1
ES,FI,999
ES,FR,61831
ES,GA,171
ES,GB,103291
ES,GE,1192
ES,GH,1625
ES,GM,2373
ES,GN,234
ES,GQ,14117
ES,GR,620
ES,GT,330
ES,GW,7
ES,GY,20
ES,HN,6256
ES,HR,40
ES,HT,348
ES,HU,6719
ES,ID,1
ES,IE,6805
ES,IL,1518
ES,IN,2874
ES,IQ,2
ES,IS,862
ES,IT,26066
ES,JM,6
ES,JO,1
ES,JP,1633
ES,KG,129
ES,KP,1
ES,KR,147
ES,KW,29
ES,KZ,118
ES,LC,1
ES,LI,50
ES,LK,6
ES,LR,7
ES,LT,370
ES,LU,2573
ES,LV,166
ES,LY,118
ES,MA,83905
ES,MC,5
ES,MD,1979
ES,ME,2
ES,MG,4
ES,MK,2
ES,ML,2163
ES,MM,1
ES,MN,14
ES,MR,41
ES,MT,525
ES,MU,4
ES,MV,1
ES,MW,1
ES,MX,7658
ES,MY,17
ES,MZ,5
ES,NA,500
ES,NE,18
ES,NG,3931
ES,NI,2473
ES,NL,18278
ES,NO,1574
ES,NP,1
ES,NZ,178
ES,OM,10
ES,PA,875
ES,PE,24557
ES,PG,3
ES,PH,4059
ES,PK,3362
ES,PL,11199
ES,PT,15160
ES,PY,7073
ES,QA,20
ES,RO,100610
ES,RS,223
ES,RU,35468
ES,SA,73
ES,SC,3
ES,SD,1
ES,SE,6581
ES,SG,8
ES,SI,43
ES,SK,941
ES,SL,1
ES,SM,4
ES,SN,7831
ES,SR,2
ES,SV,1359
ES,TD,1
ES,TG,8
ES,TH,82
ES,TJ,25
ES,TM,197
ES,TN,21
ES,TR,2351
ES,TT,25
ES,TZ,1
ES,UA,11513
ES,US,47639
ES,UY,11086
ES,UZ,300
ES,VE,50916
ES,VN,1
ES,ZA,146
ES,ZM,7
ES,ZW,6
ET,AE,962
ET,AG,11
ET,AO,39
ET,AR,22
ET,AT,194
ET,AU,2348
ET,BE,1058
ET,BG,12
ET,BH,100
ET,BI,12
ET,BO,2
ET,BR,39
ET,BY,3
ET,BZ,2
ET,CA,6021
ET,CD,489
ET,CF,9
ET,CG,1
ET,CH,168
ET,CL,55
ET,CN,6625
ET,CO,2
ET,CY,12
ET,CZ,5
ET,DE,248
ET,DJ,2096
ET,DK,371
ET,DO,4
ET,DZ,138
ET,EC,1
ET,EE,4
ET,EG,3393
ET,ER,13064
ET,ES,225
ET,FI,570
ET,FR,78
ET,GA,1
ET,GB,584
ET,GH,5
ET,GN,2
ET,GR,504
ET,GT,1
ET,HN,1
ET,HU,60
ET,ID,129
ET,IE,14
ET,IL,12357
ET,IN,2
ET,IQ,15
ET,IS,14
ET,IT,3791
ET,JP,1215
ET,KE,5075
ET,KG,1
ET,KR,794
ET,KW,383
ET,KZ,383
ET,LB,6543
ET,LI,2
ET,LT,1
ET,LU,51
ET,LV,1
ET,LY,643
ET,MG,2
ET,ML,4
ET,MM,11
ET,MN,32
ET,MT,268
ET,MW,10
ET,MX,9
ET,MY,97
ET,NA,51
ET,NI,11
ET,NL,2748
ET,NO,1588
ET,NZ,115
ET,OM,1
ET,PA,16
ET,PE,3
ET,PG,1
ET,PT,16
ET,PY,1
ET,QA,192
ET,RO,3
ET,RS,3
ET,RU,32
ET,RW,1
ET,SA,14023
ET,SB,4
ET,SD,14801
ET,SE,4263
ET,SG,2
ET,SI,4
ET,SK,7
ET,SO,43587
ET,SR,5
ET,SS,26901
ET,SY,27
ET,SZ,2
ET,TD,37
ET,TG,1
ET,TL,1
ET,TR,814
ET,TT,1
ET,TZ,39
ET,UA,12
ET,UG,2934
ET,US,38484
ET,VE,27
ET,VN,68
ET,YE,2005
ET,ZA,14090
ET,ZM,19
FI,AE,18
FI,AF,325
FI,AL,31
FI,AM,13
FI,AO,231
FI,AR,50
FI,AT,118
FI,AU,1167
FI,AZ,17
FI,BA,54
FI,BB,1
FI,BD,114
FI,BE,430
FI,BF,2
FI,BG,251
FI,BH,2
FI,BI,6
FI,BJ,3
FI,BN,1
FI,BO,23
FI,BR,226
FI,BS,1
FI,BW,1
FI,BY,425
FI,CA,1301
FI,CD,189
FI,CG,14
FI,CH,151
FI,CI,16
FI,CL,137
FI,CM,86
FI,CN,1092
FI,CO,140
FI,CR,11
FI,CU,51
FI,CV,1
FI,CY,87
FI,CZ,30
FI,DE,2327
FI,DJ,8
FI,DK,614
FI,DO,21
FI,DZ,95
FI,EC,23
FI,EE,12465
FI,EG,249
FI,ER,12
FI,ES,362
FI,ET,236
FI,FJ,1
FI,FR,307
FI,GA,2
FI,GB,618
FI,GE,10
FI,GH,164
FI,GM,84
FI,GN,11
FI,GQ,13
FI,GR,366
FI,GT,9
FI,GW,1
FI,GY,2
FI,HN,8
FI,HR,32
FI,HT,1
FI,HU,384
FI,ID,46
FI,IE,64
FI,IL,187
FI,IN,423
FI,IQ,2720
FI,IR,554
FI,IS,52
FI,IT,673
FI,JM,7
FI,JO,50
FI,JP,166
FI,KE,149
FI,KG,68
FI,KH,25
FI,KR,87
FI,KW,12
FI,KZ,79
FI,LA,4
FI,LB,47
FI,LI,1
FI,LK,92
FI,LR,11
FI,LT,134
FI,LU,173
FI,LV,242
FI,LY,137
FI,MA,226
FI,MD,17
FI,ME,1
FI,MG,2
FI,MK,15
FI,ML,2
FI,MM,122
FI,MN,24
FI,MR,3
FI,MT,36
FI,MU,4
FI,MV,2
FI,MW,6
FI,MX,103
FI,MY,49
FI,MZ,7
FI,NA,33
FI,NE,3
FI,NG,267
FI,NI,11
FI,NL,192
FI,NO,1110
FI,NP,164
FI,NZ,26
FI,OM,2
FI,PA,10
FI,PE,57
FI,PG,17
FI,PH,299
FI,PK,125
FI,PL,543
FI,PS,4
FI,PT,108
FI,PY,3
FI,QA,6
FI,RO,286
FI,RS,25
FI,RU,4759
FI,RW,46
FI,SA,40
FI,SB,17
FI,SC,1
FI,SD,80
FI,SE,21507
FI,SG,21
FI,SI,14
FI,SK,53
FI,SL,16
FI,SN,37
FI,SO,967
FI,SS,2
FI,SV,6
FI,SY,366
FI,SZ,1
FI,TD,2
FI,TG,10
FI,TH,1025
FI,TJ,10
FI,TM,25
FI,TN,70
FI,TR,3716
FI,TT,4
FI,TZ,66
FI,UA,552
FI,UG,21
FI,US,719
FI,UY,11
FI,UZ,31
FI,VE,44
FI,VN,821
FI,YE,21
FI,ZA,148
FI,ZM,24
FI,ZW,8
FJ,AE,2
FJ,AR,1
FJ,AT,1
FJ,AU,27535
FJ,BD,98
FJ,BE,1
FJ,BG,1
FJ,CA,11089
FJ,CH,1
FJ,CL,3
FJ,CN,129
FJ,CO,1
FJ,CY,4
FJ,DE,4
FJ,DK,23
FJ,EE,1
FJ,EG,4
FJ,ES,8
FJ,FI,7
FJ,FR,3
FJ,GB,59
FJ,GN,5
FJ,GR,15
FJ,HR,1
FJ,HU,6
FJ,ID,2
FJ,IE,10
FJ,IL,3
FJ,IN,141
FJ,IS,1
FJ,IT,16
FJ,JP,48
FJ,KI,128
FJ,KR,14
FJ,KW,1
FJ,KZ,7
FJ,LU,6
FJ,MH,2
FJ,MN,1
FJ,MT,24
FJ,NA,2
FJ,NL,2
FJ,NO,19
FJ,NR,13
FJ,NZ,29325
FJ,OM,1
FJ,PA,1
FJ,PG,262
FJ,PK,119
FJ,PL,8
FJ,PT,2
FJ,RO,1
FJ,RS,1
FJ,RU,1
FJ,SA,3
FJ,SB,3434
FJ,SE,1
FJ,SK,1
FJ,TH,1
FJ,TL,1
FJ,TO,236
FJ,TR,1
FJ,TV,24
FJ,US,48
FJ,VE,1
FJ,VN,1
FJ,VU,81
FJ,WS,55
FJ,ZA,1
FJ,ZM,1
FM,AT,1
FM,AU,21
FM,BG,1
FM,BO,1
FM,BS,1
FM,CA,15
FM,CH,2
FM,CL,3
FM,CN,6
FM,CO,4
FM,CZ,1
FM,DE,16
FM,DO,1
FM,EE,1
FM,EG,2
FM,ES,9
FM,FI,1
FM,FR,1
FM,GB,3
FM,GN,3
FM,GR,75
FM,GT,1
FM,HN,1
FM,HU,2
FM,IE,1
FM,IL,4
FM,IT,3
FM,JP,64
FM,KR,55
FM,LU,1
FM,MH,10
FM,ML,2
FM,MN,1
FM,MT,1
FM,MX,1
FM,MY,1
FM,NL,4
FM,NZ,21
FM,PG,1
FM,PH,21
FM,PL,5
FM,PT,1
FM,PW,332
FM,RO,2
FM,RU,2
FM,SE,2
FM,TO,2
FM,TR,2
FM,UA,1
FM,US,148
FM,VE,2
FM,VN,5
FM,WS,5
FM,ZA,4
FR,AD,1223
FR,AE,1541
FR,AF,881
FR,AG,6
FR,AL,1646
FR,AM,3434
FR,AO,388
FR,AR,784
FR,AT,5089
FR,AU,5918
FR,AZ,375
FR,BA,38
FR,BB,1
FR,BD,51
FR,BE,55244
FR,BF,386
FR,BG,5672
FR,BH,160
FR,BI,76
FR,BJ,3338
FR,BN,1
FR,BO,563
FR,BR,9212
FR,BS,70
FR,BT,3
FR,BW,4
FR,BY,126
FR,BZ,1
FR,CA,18375
FR,CD,11227
FR,CF,1238
FR,CG,11112
FR,CH,54349
FR,CI,13675
FR,CL,4439
FR,CM,12278
FR,CN,13852
FR,CO,6158
FR,CR,148
FR,CU,10
FR,CV,3013
FR,CY,294
FR,CZ,1244
FR,DE,101853
FR,DK,2184
FR,DM,12
FR,DO,1514
FR,DZ,167671
FR,EC,368
FR,EE,766
FR,EG,5739
FR,ER,48
FR,ES,88070
FR,ET,2
FR,FI,888
FR,GA,7998
FR,GB,42939
FR,GE,46
FR,GH,124
FR,GM,196
FR,GN,5400
FR,GQ,4093
FR,GR,1839
FR,GT,85
FR,GW,35
FR,GY,11
FR,HN,75
FR,HR,302
FR,HT,10699
FR,HU,2943
FR,ID,2
FR,IE,3285
FR,IL,9636
FR,IN,4547
FR,IQ,53
FR,IR,81
FR,IS,935
FR,IT,58528
FR,JM,2
FR,JO,199
FR,JP,17772
FR,KE,5
FR,KG,180
FR,KH,5689
FR,KM,11107
FR,KP,1
FR,KR,1975
FR,KW,531
FR,KZ,146
FR,LA,3826
FR,LB,3693
FR,LC,7
FR,LI,58
FR,LK,5008
FR,LR,28
FR,LT,295
FR,LU,13522
FR,LV,207
FR,LY,798
FR,MA,122468
FR,MC,3589
FR,MD,2157
FR,ME,68
FR,MG,18896
FR,MK,74
FR,ML,10896
FR,MN,73
FR,MR,102
FR,MT,718
FR,MU,4320
FR,MV,16
FR,MW,6
FR,MX,1648
FR,MY,4
FR,MZ,68
FR,NA,788
FR,NE,71
FR,NG,232
FR,NI,27
FR,NL,17744
FR,NO,1303
FR,NP,2
FR,NZ,1640
FR,OM,10
FR,PA,255
FR,PE,477
FR,PG,2
FR,PH,2
FR,PK,1465
FR,PL,19098
FR,PS,8
FR,PT,94953
FR,PY,125
FR,QA,165
FR,RO,20694
FR,RS,10872
FR,RU,46543
FR,RW,30
FR,SA,175
FR,SC,33
FR,SD,744
FR,SE,3957
FR,SG,6
FR,SI,275
FR,SK,1024
FR,SL,19
FR,SM,12
FR,SN,48586
FR,SR,2146
FR,SS,24
FR,ST,10
FR,SV,38
FR,SY,2715
FR,TD,164
FR,TG,233
FR,TH,4688
FR,TJ,28
FR,TL,7
FR,TM,374
FR,TN,46737
FR,TR,45377
FR,TT,2
FR,TZ,71
FR,UA,4034
FR,UG,61
FR,US,57073
FR,UY,259
FR,UZ,416
FR,VE,5478
FR,VN,35184
FR,VU,62
FR,WS,1
FR,YE,1
FR,ZA,586
FR,ZM,75
FR,ZW,4
GA,AE,2
GA,AO,457
GA,AR,3
GA,AU,13
GA,BE,70
GA,BF,714
GA,BG,1
GA,BI,17
GA,BJ,5579
GA,BR,3
GA,CA,51
GA,CD,978
GA,CF,1
GA,CG,2050
GA,CH,5
GA,CI,616
GA,CL,3
GA,CM,5096
GA,CN,38
GA,CV,7
GA,CY,1
GA,DE,15
GA,DK,7
GA,DZ,11
GA,EG,5
GA,ES,280
GA,FI,5
GA,FR,9323
GA,GB,11
GA,GH,720
GA,GM,38
GA,GN,620
GA,GQ,47884
GA,GR,5
GA,GW,3
GA,HU,2
GA,IE,1
GA,IL,4
GA,IS,2
GA,IT,201
GA,JP,16
GA,KP,15
GA,KR,20
GA,KW,1
GA,LB,167
GA,LR,2
GA,LU,90
GA,LY,1
GA,MA,73
GA,ML,7147
GA,MR,53
GA,MW,1
GA,MX,1
GA,NA,6
GA,NE,53
GA,NG,2916
GA,NL,2
GA,NO,3
GA,PL,1
GA,PT,170
GA,RW,21
GA,SA,2
GA,SD,4
GA,SE,2
GA,SL,2
GA,SN,6264
GA,SS,1
GA,ST,624
GA,SY,2
GA,TD,432
GA,TG,2610
GA,TH,1
GA,TN,22
GA,TR,3
GA,TZ,10
GA,UG,5
GA,US,87
GA,VE,1
GA,ZA,92
GA,ZM,6
GB,AD,421
GB,AE,2890
GB,AF,5698
GB,AG,269
GB,AL,6
GB,AM,15
GB,AO,16
GB,AR,608
GB,AT,11002
GB,AU,161239
GB,AZ,7
GB,BA,5
GB,BB,582
GB,BD,18090
GB,BE,8084
GB,BF,20
GB,BG,10994
GB,BH,300
GB,BI,1
GB,BJ,27
GB,BN,274
GB,BO,630
GB,BR,1015
GB,BS,1193
GB,BT,7
GB,BW,168
GB,BY,780
GB,BZ,256
GB,CA,101256
GB,CF,4
GB,CG,9
GB,CH,17618
GB,CI,64
GB,CL,1874
GB,CM,128
GB,CN,34496
GB,CO,1580
GB,CR,166
GB,CU,9
GB,CV,19
GB,CY,14746
GB,CZ,5532
GB,DE,125118
GB,DJ,83
GB,DK,8714
GB,DM,102
GB,DO,372
GB,DZ,259
GB,EC,188
GB,EE,1921
GB,EG,15535
GB,ER,8
GB,ES,110762
GB,ET,196
GB,FI,3343
GB,FJ,42
GB,FR,64145
GB,GA,42
GB,GD,1
GB,GE,48
GB,GH,15797
GB,GN,6
GB,GQ,6
GB,GR,6830
GB,GT,183
GB,GW,1
GB,GY,113
GB,HN,228
GB,HR,1247
GB,HT,67
GB,HU,14980
GB,ID,582
GB,IE,112445
GB,IL,10441
GB,IN,72913
GB,IQ,11666
GB,IR,10363
GB,IS,2994
GB,IT,48953
GB,JM,17127
GB,JO,65
GB,JP,16515
GB,KE,15283
GB,KG,578
GB,KH,12
GB,KI,1
GB,KN,1
GB,KP,38
GB,KR,4040
GB,KW,1177
GB,KZ,1805
GB,LA,1
GB,LB,22
GB,LC,147
GB,LI,21
GB,LK,14352
GB,LR,27
GB,LS,5
GB,LT,21106
GB,LU,2068
GB,LV,3571
GB,LY,1410
GB,MA,545
GB,MC,7
GB,MD,292
GB,ME,22
GB,MG,12
GB,MK,4
GB,ML,32
GB,MM,50
GB,MN,299
GB,MR,2
GB,MT,20834
GB,MU,55
GB,MV,26
GB,MW,170
GB,MX,1628
GB,MY,8152
GB,MZ,118
GB,NA,2564
GB,NE,28
GB,NG,32869
GB,NI,24
GB,NL,32302
GB,NO,5784
GB,NP,24
GB,NZ,55323
GB,OM,158
GB,PA,942
GB,PE,369
GB,PG,4417
GB,PH,15410
GB,PK,33143
GB,PL,195158
GB,PS,1
GB,PT,22811
GB,PY,89
GB,QA,909
GB,RO,48620
GB,RS,1161
GB,RU,7070
GB,RW,1
GB,SA,885
GB,SB,343
GB,SC,65
GB,SD,6
GB,SE,14697
GB,SG,4813
GB,SI,385
GB,SK,7160
GB,SL,40
GB,SM,3
GB,SN,78
GB,SO,11833
GB,SR,20
GB,SS,4
GB,SV,33
GB,SY,816
GB,SZ,4
GB,TD,2
GB,TG,41
GB,TH,28807
GB,TJ,262
GB,TL,15
GB,TM,171
GB,TN,6
GB,TR,39533
GB,TT,1013
GB,TZ,302
GB,UA,7130
GB,UG,83
GB,US,389156
GB,UY,231
GB,UZ,1005
GB,VC,184
GB,VE,1775
GB,VN,287
GB,VU,15
GB,WS,5
GB,YE,193
GB,ZA,36245
GB,ZM,984
GB,ZW,13245
GD,AG,29
GD,AR,2
GD,AU,16
GD,BB,63
GD,BR,9
GD,BS,12
GD,CA,1138
GD,CL,13
GD,CO,69
GD,CR,2
GD,DK,1
GD,DM,6
GD,DO,1
GD,EC,15
GD,ES,6
GD,GB,1
GD,GY,49
GD,HU,1
GD,JM,58
GD,KN,9
GD,LC,35
GD,LU,2
GD,ML,101
GD,MX,1
GD,NO,2
GD,PA,9
GD,PE,36
GD,SR,1
GD,TT,2212
GD,US,65
GD,VC,80
GD,VE,117
GE,AF,3
GE,AL,1
GE,AM,5394
GE,AR,2
GE,AT,412
GE,AU,75
GE,AZ,3375
GE,BE,6
GE,BG,170
GE,BY,2168
GE,CA,8
GE,CH,3
GE,CL,83
GE,CN,8
GE,CR,1
GE,CU,1
GE,CY,1646
GE,CZ,239
GE,DE,120
GE,DK,27
GE,DZ,2
GE,EE,532
GE,EG,83
GE,ES,5005
GE,FI,31
GE,FR,23
GE,GB,7
GE,GR,8785
GE,HU,166
GE,IE,6
GE,IL,1304
GE,IN,2
GE,IR,11
GE,IS,18
GE,IT,2221
GE,JP,3
GE,KG,1145
GE,KR,67
GE,KZ,3151
GE,LB,1
GE,LI,1
GE,LT,82
GE,LU,67
GE,LV,274
GE,LY,2
GE,MD,69
GE,MN,14
GE,MT,35
GE,NL,45
GE,NO,35
GE,NP,1
GE,PA,7
GE,PE,2
GE,PK,4
GE,PL,264
GE,PT,127
GE,RO,27
GE,RU,50122
GE,SE,4
GE,SI,8
GE,SK,17
GE,TJ,215
GE,TM,173
GE,TR,3046
GE,UA,17833
GE,US,39
GE,UZ,187
GE,VE,2
GH,AE,1
GH,AG,4
GH,AO,6
GH,AT,1
GH,AU,917
GH,BE,2763
GH,BF,13486
GH,BG,18
GH,BJ,6913
GH,BO,3
GH,BR,1262
GH,BS,9
GH,CA,3797
GH,CD,5
GH,CG,8
GH,CH,17
GH,CI,20935
GH,CM,26
GH,CN,924
GH,CV,6
GH,CY,19
GH,DE,1
GH,DK,426
GH,DZ,2
GH,EE,59
GH,EG,4
GH,ES,8184
GH,ET,4
GH,FI,634
GH,FR,87
GH,GA,2040
GH,GB,18139
GH,GM,210
GH,GN,132
GH,GR,98
GH,GW,1
GH,HU,194
GH,IE,2
GH,IL,528
GH,IN,69
GH,IS,75
GH,IT,11023
GH,JP,904
GH,KE,1
GH,KW,1
GH,LB,77
GH,LC,2
GH,LK,2
GH,LR,3832
GH,LS,41
GH,LT,5
GH,LU,64
GH,LV,4
GH,LY,76
GH,ML,1849
GH,MR,50
GH,MT,104
GH,MX,160
GH,NA,99
GH,NE,1308
GH,NG,68379
GH,NL,2653
GH,NO,306
GH,NZ,1
GH,PH,3
GH,PK,4
GH,PL,6
GH,PT,49
GH,RU,31
GH,RW,39
GH,SA,1
GH,SD,3
GH,SE,1
GH,SI,23
GH,SK,12
GH,SL,486
GH,SN,887
GH,SY,5
GH,TD,2
GH,TG,22144
GH,TR,3
GH,TZ,1
GH,US,69360
GH,VE,12
GH,ZA,1131
GH,ZM,92
GM,AO,10
GM,AR,10
GM,AU,16
GM,BE,15
GM,BF,6
GM,BG,3
GM,BR,160
GM,CA,12
GM,CG,15
GM,CI,101
GM,CL,11
GM,CM,6
GM,CV,7
GM,DK,82
GM,EE,1
GM,EG,18
GM,ES,6956
GM,FI,272
GM,FR,186
GM,GA,37
GM,GH,377
GM,GN,4750
GM,GR,23
GM,GW,1718
GM,HU,5
GM,IL,1
GM,IS,8
GM,IT,14866
GM,JP,39
GM,LR,167
GM,LU,132
GM,LV,1
GM,LY,1
GM,MA,3
GM,ML,1207
GM,MR,398
GM,NA,53
GM,NE,8
GM,NG,11
GM,NO,148
GM,PT,50
GM,SI,3
GM,SK,1
GM,SL,367
GM,SN,27258
GM,TG,183
GM,TN,1
GM,ZA,2
GM,ZM,2
GN,AD,1
GN,AG,403
GN,AL,1
GN,AM,2
GN,AO,12879
GN,AR,22
GN,AT,1
GN,AU,140
GN,AZ,1
GN,BB,3
GN,BE,4327
GN,BF,99
GN,BG,2
GN,BI,4
GN,BJ,53
GN,BO,2
GN,BR,482
GN,BS,2
GN,BW,4
GN,BY,1
GN,CA,848
GN,CD,10
GN,CF,2
GN,CG,25
GN,CH,3
GN,CI,14463
GN,CL,89
GN,CM,640
GN,CN,86
GN,CO,338
GN,CR,12
GN,CU,194
GN,CV,57
GN,DE,10
GN,DJ,2
GN,DK,22
GN,DM,4
GN,DO,2
GN,DZ,793
GN,EC,2
GN,EE,2
GN,EG,39
GN,ER,2
GN,ES,328
GN,ET,2
GN,FI,28
GN,FJ,1
GN,FR,22426
GN,GA,1226
GN,GB,4
GN,GH,108
GN,GM,10562
GN,GQ,7534
GN,GR,93
GN,GW,1068
GN,HN,39
GN,HR,2
GN,HT,3
GN,HU,24
GN,IL,6
GN,IN,4
GN,IS,6
GN,IT,5915
GN,JM,1
GN,JO,1
GN,JP,11
GN,KE,185
GN,KH,1
GN,KM,73
GN,KN,3
GN,KP,126
GN,KR,49
GN,LB,12
GN,LC,1
GN,LR,3007
GN,LS,3
GN,LU,385
GN,LV,3
GN,LY,5
GN,MA,208
GN,MG,2
GN,ML,11051
GN,MR,661
GN,MU,1
GN,MW,2
GN,MX,89
GN,MZ,2
GN,NA,34
GN,NE,54
GN,NG,106
GN,NI,2
GN,NL,5
GN,NO,35
GN,NP,2
GN,NR,1
GN,NZ,24
GN,PE,3
GN,PG,26
GN,PK,1
GN,PL,1
GN,PT,866
GN,PW,1
GN,RO,1
GN,RU,27
GN,RW,4
GN,SA,2
GN,SB,38
GN,SC,2
GN,SD,2
GN,SE,2
GN,SI,5
GN,SK,1
GN,SL,5613
GN,SN,19270
GN,SO,1
GN,SS,1
GN,ST,3
GN,SY,1
GN,TD,36
GN,TG,637
GN,TH,6
GN,TM,1
GN,TN,57
GN,TO,67
GN,TR,7
GN,TZ,2
GN,UA,5
GN,UG,1
GN,US,81
GN,UZ,1
GN,VC,3
GN,VE,132
GN,VN,2
GN,WS,2
GN,ZA,183
GQ,AO,5
GQ,BE,2
GQ,CA,1
GQ,CG,123
GQ,CH,1
GQ,CM,358
GQ,CN,39
GQ,CV,1
GQ,DE,2
GQ,DK,1
GQ,ES,1843
GQ,FI,1
GQ,FR,369
GQ,GA,7310
GQ,GB,2
GQ,GN,845
GQ,GR,1
GQ,IS,2
GQ,IT,1
GQ,LU,1
GQ,ML,72
GQ,NG,32
GQ,NO,1
GQ,PT,32
GQ,ST,121
GQ,TG,9
GQ,US,2
GR,AD,1
GR,AE,50
GR,AF,405
GR,AG,5
GR,AL,43489
GR,AM,1707
GR,AO,4
GR,AR,193
GR,AT,2762
GR,AU,13807
GR,AZ,392
GR,BA,37
GR,BB,1
GR,BD,572
GR,BE,4502
GR,BF,3
GR,BG,10924
GR,BH,6
GR,BI,13
GR,BJ,1
GR,BO,11
GR,BR,301
GR,BS,21
GR,BW,1
GR,BY,1173
GR,BZ,1
GR,CA,8670
GR,CD,30
GR,CF,35
GR,CG,164
GR,CH,4794
GR,CI,10
GR,CL,168
GR,CM,89
GR,CN,387
GR,CO,219
GR,CR,12
GR,CU,40
GR,CV,1
GR,CY,8406
GR,CZ,1384
GR,DE,78658
GR,DJ,5
GR,DK,1177
GR,DM,2
GR,DO,80
GR,DZ,131
GR,EC,45
GR,EE,344
GR,EG,2673
GR,ER,35
GR,ES,1686
GR,ET,288
GR,FI,661
GR,FR,1789
GR,GA,3
GR,GB,2942
GR,GE,9661
GR,GH,73
GR,GM,5
GR,GN,12
GR,GQ,1
GR,GT,4
GR,GY,3
GR,HN,7
GR,HR,76
GR,HT,5
GR,HU,1173
GR,ID,45
GR,IE,174
GR,IL,563
GR,IN,827
GR,IQ,622
GR,IR,213
GR,IS,123
GR,IT,10543
GR,JM,2
GR,JO,189
GR,JP,149
GR,KE,46
GR,KG,729
GR,KH,2
GR,KM,7
GR,KN,1
GR,KP,4
GR,KR,1000
GR,KW,29
GR,KZ,5785
GR,LA,4
GR,LB,197
GR,LI,8
GR,LK,93
GR,LR,3
GR,LT,188
GR,LU,1207
GR,LV,131
GR,LY,431
GR,MA,252
GR,MC,3
GR,MD,1234
GR,ME,45
GR,MG,16
GR,MK,1164
GR,ML,27
GR,MM,3
GR,MN,15
GR,MR,7
GR,MT,150
GR,MU,4
GR,MV,2
GR,MX,90
GR,MY,12
GR,MZ,7
GR,NA,21
GR,NE,4
GR,NG,359
GR,NI,17
GR,NL,7172
GR,NO,1007
GR,NP,4
GR,NZ,86
GR,OM,7
GR,PA,88
GR,PE,118
GR,PG,9
GR,PH,810
GR,PK,1667
GR,PL,3831
GR,PS,61
GR,PT,131
GR,PW,14
GR,PY,9
GR,QA,119
GR,RO,7340
GR,RS,717
GR,RU,40446
GR,RW,10
GR,SA,118
GR,SC,2
GR,SD,169
GR,SE,5491
GR,SG,10
GR,SI,72
GR,SK,379
GR,SL,23
GR,SM,1
GR,SN,259
GR,SO,73
GR,SR,1
GR,SS,3
GR,ST,1
GR,SV,5
GR,SY,936
GR,SZ,1
GR,TD,4
GR,TG,2
GR,TH,53
GR,TJ,73
GR,TL,50
GR,TM,1190
GR,TN,70
GR,TR,11935
GR,TT,5
GR,TZ,61
GR,UA,8535
GR,UG,13
GR,US,19661
GR,UY,14
GR,UZ,1687
GR,VC,1
GR,VE,402
GR,VN,56
GR,VU,7
GR,WS,31
GR,YE,4
GR,ZA,982
GR,ZM,35
GR,ZW,36
GT,AR,177
GT,AT,1
GT,AU,88
GT,BE,2
GT,BG,1
GT,BO,59
GT,BR,77
GT,BS,7
GT,BZ,6145
GT,CA,2217
GT,CH,18
GT,CL,281
GT,CN,71
GT,CO,609
GT,CR,522
GT,CU,74
GT,DE,78
GT,DK,56
GT,DO,113
GT,EC,85
GT,EE,5
GT,EG,3
GT,ES,970
GT,FI,23
GT,FR,31
GT,GB,24
GT,GR,5
GT,HN,3164
GT,HT,2
GT,HU,21
GT,ID,4
GT,IL,15
GT,IR,2
GT,IS,5
GT,IT,475
GT,JM,60
GT,JO,2
GT,JP,20
GT,KR,206
GT,LB,2
GT,LU,117
GT,MX,20019
GT,NI,1101
GT,NL,16
GT,NO,56
GT,NZ,1
GT,PA,347
GT,PE,189
GT,PH,6
GT,PK,1
GT,PS,3
GT,PT,9
GT,PY,6
GT,SA,2
GT,SE,6
GT,SK,3
GT,SV,2905
GT,SY,8
GT,TR,8
GT,US,330811
GT,UY,15
GT,VE,247
GW,AO,76
GW,AR,2
GW,BE,21
GW,BR,452
GW,CA,9
GW,CG,1
GW,CH,2
GW,CI,8
GW,CL,3
GW,CM,1
GW,CV,631
GW,DE,1
GW,DK,13
GW,EG,5
GW,ES,138
GW,FI,2
GW,FR,140
GW,GA,7
GW,GB,1
GW,GH,5
GW,GM,1935
GW,GN,1038
GW,GR,1
GW,HU,4
GW,IL,1
GW,IS,1
GW,IT,886
GW,JP,10
GW,LR,118
GW,LU,711
GW,LY,33
GW,MA,1
GW,ML,61
GW,MR,207
GW,MX,1
GW,MZ,1
GW,NA,2
GW,NG,4
GW,NO,7
GW,PT,3619
GW,SI,8
GW,SL,255
GW,SN,9659
GW,TG,17
GW,US,41
GW,VE,1
GY,AG,583
GY,AR,1
GY,AU,49
GY,BB,552
GY,BE,2
GY,BR,306
GY,BS,315
GY,CA,7247
GY,CL,3
GY,CN,74
GY,CO,12
GY,CR,3
GY,DK,8
GY,DM,17
GY,DO,5
GY,EC,3
GY,EE,1
GY,ES,3
GY,FI,1
GY,FR,13
GY,GB,35
GY,GD,67
GY,GR,1
GY,HU,3
GY,IS,5
GY,IT,1
GY,JM,15
GY,KN,62
GY,LC,183
GY,LT,1
GY,LU,10
GY,MX,1
GY,NL,74
GY,NO,8
GY,PA,10
GY,PE,6
GY,SR,2893
GY,TT,2151
GY,US,40355
GY,VC,38
GY,VE,3820
GY,ZA,106
HN,AG,1
HN,AR,73
HN,AU,39
HN,BE,3
HN,BG,1
HN,BO,42
HN,BR,22
HN,BS,5
HN,BZ,1037
HN,CA,939
HN,CH,7
HN,CL,112
HN,CN,57
HN,CO,225
HN,CR,555
HN,CU,59
HN,DE,31
HN,DK,16
HN,DO,60
HN,EC,87
HN,EE,6
HN,ES,39687
HN,FI,14
HN,FR,15
HN,GB,10
HN,GN,31
HN,GR,5
HN,GT,1389
HN,HT,4
HN,HU,1
HN,IL,9
HN,IS,10
HN,IT,402
HN,JM,19
HN,JO,7
HN,JP,15
HN,KP,6
HN,KR,7
HN,LB,1
HN,LU,11
HN,LY,1
HN,MX,23870
HN,NI,2021
HN,NL,9
HN,NO,13
HN,PA,215
HN,PE,71
HN,PS,7
HN,PY,3
HN,RU,7
HN,SE,3
HN,SK,1
HN,SV,1912
HN,SY,1
HN,US,80667
HN,UY,6
HN,VE,53
HR,AE,1
HR,AL,16
HR,AR,117
HR,AT,18495
HR,AU,6041
HR,BA,35203
HR,BE,67
HR,BG,236
HR,BO,21
HR,BR,87
HR,BS,1
HR,BY,48
HR,CA,4597
HR,CH,4815
HR,CL,72
HR,CN,58
HR,CO,30
HR,CR,3
HR,CY,36
HR,CZ,847
HR,DE,122275
HR,DK,1299
HR,DO,4
HR,DZ,7
HR,EC,3
HR,EE,66
HR,EG,132
HR,ES,90
HR,FI,142
HR,FR,465
HR,GB,2753
HR,GE,1
HR,GN,3
HR,GR,138
HR,GT,1
HR,HN,2
HR,HT,2
HR,HU,1442
HR,ID,3
HR,IE,4811
HR,IL,32
HR,IN,6
HR,IQ,11
HR,IR,5
HR,IS,495
HR,IT,3548
HR,JO,9
HR,JP,26
HR,KG,16
HR,KR,18
HR,KZ,21
HR,LB,6
HR,LI,22
HR,LT,40
HR,LU,525
HR,LV,14
HR,LY,21
HR,MA,5
HR,MD,12
HR,ME,2473
HR,MK,1171
HR,ML,260
HR,MN,2
HR,MT,157
HR,MX,8
HR,NA,61
HR,NE,1
HR,NG,4
HR,NL,943
HR,NO,1793
HR,NZ,16
HR,PA,24
HR,PE,19
HR,PG,1
HR,PH,7
HR,PL,359
HR,PS,3
HR,PT,79
HR,RO,158
HR,RS,35891
HR,RU,1146
HR,SA,1
HR,SD,6
HR,SE,5703
HR,SI,11786
HR,SK,683
HR,SN,3
HR,SY,20
HR,TH,2
HR,TJ,1
HR,TM,15
HR,TR,411
HR,TT,1
HR,UA,243
HR,US,363
HR,UY,1
HR,UZ,57
HR,VE,200
HR,VN,1
HR,ZA,72
HR,ZM,13
HT,AG,3
HT,AR,590
HT,AT,18
HT,AU,14
HT,BB,3
HT,BE,1
HT,BG,1
HT,BO,3
HT,BR,25905
HT,BS,3494
HT,BZ,6
HT,CA,10462
HT,CH,40
HT,CL,130406
HT,CN,34
HT,CO,325
HT,CR,37
HT,CU,127
HT,DE,98
HT,DK,17
HT,DM,243
HT,DO,59526
HT,EC,93
HT,ES,175
HT,FI,1
HT,FR,13143
HT,GB,2
HT,GN,2
HT,GR,4
HT,GT,1
HT,GY,3
HT,HN,12
HT,HU,4
HT,IS,1
HT,IT,279
HT,JP,24
HT,LC,2
HT,LK,3
HT,LU,62
HT,MX,8394
HT,NI,2
HT,NO,8
HT,PA,78
HT,PE,221
HT,PT,1
HT,SK,2
HT,TR,1
HT,TT,3
HT,US,78661
HT,UY,28
HT,VE,865
HU,AE,26
HU,AF,614
HU,AL,20
HU,AM,21
HU,AO,13
HU,AR,47
HU,AT,19843
HU,AU,2314
HU,AZ,29
HU,BA,44
HU,BD,5
HU,BE,1422
HU,BF,1
HU,BG,267
HU,BH,2
HU,BI,1
HU,BJ,1
HU,BO,10
HU,BR,202
HU,BS,1
HU,BY,154
HU,CA,4394
HU,CD,4
HU,CF,1
HU,CG,9
HU,CH,5280
HU,CI,4
HU,CL,46
HU,CM,27
HU,CN,1460
HU,CO,29
HU,CR,15
HU,CU,59
HU,CY,125
HU,CZ,770
HU,DE,49263
HU,DJ,1
HU,DK,914
HU,DO,7
HU,DZ,78
HU,EC,14
HU,EE,134
HU,EG,133
HU,ER,2
HU,ES,834
HU,ET,18
HU,FI,500
HU,FR,786
HU,GA,1
HU,GB,1309
HU,GE,33
HU,GH,13
HU,GM,1
HU,GN,5
HU,GR,719
HU,GT,2
HU,GY,1
HU,HN,1
HU,HR,319
HU,HT,1
HU,ID,24
HU,IE,1112
HU,IL,2032
HU,IN,86
HU,IQ,349
HU,IR,1378
HU,IS,216
HU,IT,2961
HU,JM,2
HU,JO,158
HU,JP,185
HU,KE,10
HU,KG,22
HU,KH,5
HU,KP,2
HU,KR,137
HU,KW,19
HU,KZ,86
HU,LA,4
HU,LB,87
HU,LI,11
HU,LK,6
HU,LR,3
HU,LT,65
HU,LU,576
HU,LV,68
HU,LY,102
HU,MA,27
HU,MD,29
HU,ME,15
HU,MG,4
HU,MK,33
HU,ML,3
HU,MM,1
HU,MN,136
HU,MR,2
HU,MT,167
HU,MU,5
HU,MX,88
HU,MY,23
HU,MZ,2
HU,NA,7
HU,NE,1
HU,NG,170
HU,NI,2
HU,NL,4249
HU,NO,751
HU,NP,3
HU,NZ,28
HU,OM,2
HU,PA,11
HU,PE,22
HU,PG,6
HU,PH,26
HU,PK,203
HU,PL,754
HU,PS,7
HU,PT,151
HU,PY,2
HU,QA,22
HU,RO,21734
HU,RS,3941
HU,RU,3799
HU,RW,2
HU,SA,60
HU,SC,1
HU,SD,14
HU,SE,2879
HU,SG,8
HU,SI,144
HU,SK,4228
HU,SL,4
HU,SM,1
HU,SN,5
HU,SO,52
HU,SR,1
HU,SV,1
HU,SY,2136
HU,TG,1
HU,TH,85
HU,TJ,23
HU,TM,8
HU,TN,29
HU,TR,9868
HU,TT,1
HU,TZ,8
HU,UA,4834
HU,UG,3
HU,US,1392
HU,UY,7
HU,UZ,38
HU,VE,321
HU,VN,410
HU,YE,21
HU,ZA,102
HU,ZM,2
HU,ZW,3
ID,AD,1
ID,AE,28126
ID,AF,557
ID,AM,1
ID,AR,16
ID,AT,38
ID,AU,25134
ID,AZ,1
ID,BB,1
ID,BD,13404
ID,BE,1090
ID,BG,70
ID,BH,2920
ID,BN,1046
ID,BO,38
ID,BR,163
ID,BS,21
ID,BY,1
ID,BZ,4
ID,CA,4886
ID,CH,56
ID,CL,54
ID,CN,2742
ID,CO,80
ID,CR,5
ID,CY,101
ID,CZ,30
ID,DE,395
ID,DJ,1
ID,DK,406
ID,DO,18
ID,DZ,415
ID,EE,48
ID,EG,1666
ID,ER,3
ID,ES,238
ID,ET,44
ID,FI,318
ID,FR,60
ID,GA,3
ID,GB,534
ID,GH,3
ID,GN,1
ID,GR,247
ID,GT,34
ID,HN,21
ID,HR,8
ID,HT,5
ID,HU,436
ID,IE,111
ID,IL,100
ID,IN,464
ID,IQ,130
ID,IR,140
ID,IS,63
ID,IT,1453
ID,JM,6
ID,JO,62
ID,JP,43996
ID,KE,4
ID,KG,5
ID,KH,17
ID,KP,278
ID,KR,15577
ID,KW,11178
ID,KZ,21
ID,LB,4
ID,LI,3
ID,LK,115
ID,LT,13
ID,LU,149
ID,LV,11
ID,LY,3062
ID,MA,2
ID,MD,1
ID,ML,9
ID,MM,132
ID,MN,84
ID,MT,204
ID,MV,1
ID,MX,168
ID,MY,329289
ID,NA,71
ID,NL,26037
ID,NO,518
ID,NZ,2349
ID,PA,57
ID,PE,36
ID,PG,15237
ID,PH,436
ID,PK,82
ID,PL,234
ID,PS,36
ID,PT,130
ID,PY,4
ID,QA,4788
ID,RO,65
ID,RS,11
ID,RU,59
ID,SA,18016
ID,SB,233
ID,SC,35
ID,SD,36
ID,SE,113
ID,SG,24772
ID,SI,30
ID,SK,46
ID,SN,2
ID,SO,125
ID,SS,1
ID,SY,124
ID,TH,988
ID,TJ,2
ID,TL,13286
ID,TM,1
ID,TR,2983
ID,TT,5
ID,UA,9
ID,UG,1
ID,US,3137
ID,UY,1
ID,VE,63
ID,VN,735
ID,YE,11
ID,ZA,140
ID,ZM,10
IE,AD,2
IE,AE,24
IE,AF,1
IE,AG,1
IE,AR,49
IE,AT,1381
IE,AU,10801
IE,BA,2
IE,BB,2
IE,BD,13
IE,BE,577
IE,BG,168
IE,BH,3
IE,BJ,1
IE,BN,1
IE,BO,15
IE,BR,1626
IE,BS,9
IE,BW,47
IE,BY,959
IE,CA,4501
IE,CF,1
IE,CH,1112
IE,CI,1
IE,CL,117
IE,CM,3
IE,CN,1479
IE,CO,7
IE,CR,5
IE,CY,127
IE,CZ,380
IE,DE,17897
IE,DK,587
IE,DO,6
IE,DZ,1
IE,EC,2
IE,EE,843
IE,EG,165
IE,ES,3525
IE,FI,329
IE,FR,1654
IE,GA,1
IE,GB,74222
IE,GE,9
IE,GH,3
IE,GR,110
IE,GT,1
IE,HR,411
IE,HU,1731
IE,ID,1
IE,IL,282
IE,IN,1764
IE,IS,1128
IE,IT,1974
IE,JM,3
IE,JP,229
IE,KG,294
IE,KR,20
IE,KW,10
IE,KZ,43
IE,LC,2
IE,LI,3
IE,LK,1
IE,LT,4178
IE,LU,353
IE,LV,3584
IE,LY,6
IE,MA,2
IE,MD,675
IE,ME,2
IE,MN,3
IE,MT,182
IE,MU,5
IE,MW,1
IE,MX,52
IE,MY,7
IE,MZ,1
IE,NA,31
IE,NE,3
IE,NG,2296
IE,NI,3
IE,NL,2787
IE,NO,291
IE,NP,1
IE,NZ,1561
IE,OM,2
IE,PA,15
IE,PE,16
IE,PG,14
IE,PH,1506
IE,PK,688
IE,PL,17006
IE,PT,643
IE,PY,1
IE,QA,7
IE,RO,3434
IE,RS,48
IE,RU,6296
IE,SA,18
IE,SE,911
IE,SG,2
IE,SI,19
IE,SK,1531
IE,SN,1
IE,SV,1
IE,TG,1
IE,TH,64
IE,TJ,3
IE,TM,22
IE,TR,100
IE,TT,2
IE,TZ,1
IE,UA,2538
IE,US,19611
IE,UY,6
IE,UZ,17
IE,VE,53
IE,ZA,1315
IE,ZM,1
IE,ZW,7
IL,AD,1
IL,AE,58
IL,AF,182
IL,AL,1
IL,AM,1100
IL,AR,5459
IL,AT,893
IL,AU,2001
IL,AZ,1876
IL,BD,2
IL,BE,1689
IL,BG,2530
IL,BH,6
IL,BO,48
IL,BR,1299
IL,BS,1
IL,BY,6583
IL,CA,5605
IL,CD,27
IL,CF,1
IL,CG,1
IL,CH,1132
IL,CI,25
IL,CL,649
IL,CM,6
IL,CN,221
IL,CO,708
IL,CR,27
IL,CY,91
IL,CZ,2059
IL,DE,6662
IL,DJ,2
IL,DK,722
IL,DO,16
IL,DZ,5642
IL,EC,78
IL,EE,507
IL,EG,6388
IL,ER,2731
IL,ES,1466
IL,ET,12406
IL,FI,336
IL,FR,6115
IL,GA,5
IL,GB,3421
IL,GE,862
IL,GH,47
IL,GM,1
IL,GN,6
IL,GQ,1
IL,GR,517
IL,GT,26
IL,GW,1
IL,GY,3
IL,HN,25
IL,HR,10
IL,HU,3928
IL,ID,7
IL,IE,344
IL,IN,1585
IL,IQ,8899
IL,IR,5101
IL,IS,47
IL,IT,2409
IL,JM,1
IL,JO,132
IL,JP,127
IL,KE,5
IL,KG,2016
IL,KR,842
IL,KW,24
IL,KZ,4825
IL,LB,567
IL,LI,3
IL,LK,6
IL,LR,3756
IL,LT,767
IL,LU,302
IL,LV,576
IL,LY,2001
IL,MA,19491
IL,MC,1
IL,MD,1058
IL,MG,1
IL,MK,1
IL,ML,260
IL,MN,13
IL,MR,1
IL,MT,88
IL,MX,490
IL,MY,2
IL,MZ,1
IL,NA,54
IL,NG,24
IL,NL,1929
IL,NO,517
IL,NP,1
IL,NZ,25
IL,OM,2
IL,PA,208
IL,PE,463
IL,PG,1
IL,PK,7
IL,PL,6749
IL,PS,7359
IL,PT,137
IL,PY,10
IL,QA,67
IL,RO,12173
IL,RS,7
IL,RU,62445
IL,SA,203
IL,SD,1414
IL,SE,1344
IL,SG,2
IL,SI,43
IL,SK,102
IL,SL,10
IL,SN,6
IL,SO,4
IL,SS,29
IL,SV,6
IL,SY,1223
IL,TD,6
IL,TH,10
IL,TJ,284
IL,TM,3114
IL,TN,5608
IL,TR,11013
IL,TT,3
IL,UA,31592
IL,UG,82
IL,US,33853
IL,UY,743
IL,UZ,5238
IL,VE,411
IL,YE,2391
IL,ZA,1598
IL,ZW,1
IN,AD,4
IN,AE,382830
IN,AF,2062
IN,AG,43
IN,AM,2
IN,AO,104
IN,AR,223
IN,AT,10459
IN,AU,442928
IN,AZ,1
IN,BB,240
IN,BD,250952
IN,BE,18187
IN,BF,1
IN,BG,682
IN,BH,37070
IN,BI,2
IN,BJ,28
IN,BN,4893
IN,BO,148
IN,BR,1512
IN,BS,459
IN,BT,12514
IN,BW,619
IN,BY,45
IN,BZ,455
IN,CA,551964
IN,CD,21
IN,CG,7
IN,CH,18909
IN,CI,9
IN,CL,1620
IN,CM,46
IN,CN,37360
IN,CO,675
IN,CR,34
IN,CV,1
IN,CY,2981
IN,CZ,3592
IN,DE,123556
IN,DJ,4
IN,DK,10643
IN,DM,12
IN,DO,178
IN,DZ,12
IN,EC,209
IN,EE,788
IN,EG,1473
IN,ER,42
IN,ES,42891
IN,ET,14
IN,FI,5014
IN,FJ,479
IN,FR,41540
IN,GA,31
IN,GB,493428
IN,GE,23
IN,GH,669
IN,GN,38
IN,GQ,12
IN,GR,6377
IN,GT,63
IN,GY,7
IN,HN,114
IN,HR,36
IN,HT,23
IN,HU,3363
IN,ID,12274
IN,IE,30108
IN,IL,14631
IN,IQ,363
IN,IR,466
IN,IS,319
IN,IT,113005
IN,JM,734
IN,JO,58
IN,JP,52191
IN,KE,371
IN,KG,11
IN,KH,37
IN,KP,164
IN,KR,10926
IN,KW,202008
IN,KZ,4746
IN,LA,1
IN,LB,347
IN,LC,108
IN,LI,16
IN,LK,40023
IN,LR,152
IN,LS,279
IN,LT,589
IN,LU,2801
IN,LV,1411
IN,LY,2507
IN,MA,28
IN,MC,4
IN,MD,10
IN,MG,1049
IN,ML,89
IN,MM,26029
IN,MN,462
IN,MR,3
IN,MT,1002
IN,MU,3188
IN,MV,7227
IN,MW,775
IN,MX,1964
IN,MY,67854
IN,MZ,904
IN,NA,966
IN,NE,98
IN,NG,161
IN,NI,14
IN,NL,36607
IN,NO,9663
IN,NP,136079
IN,NR,18
IN,NZ,80326
IN,OM,71903
IN,PA,3210
IN,PE,312
IN,PG,674
IN,PH,9876
IN,PK,223641
IN,PL,1869
IN,PS,98
IN,PT,5878
IN,PY,12
IN,QA,101357
IN,RO,331
IN,RS,519
IN,RU,8382
IN,RW,32
IN,SA,223882
IN,SB,75
IN,SC,3410
IN,SD,826
IN,SE,31744
IN,SG,133044
IN,SI,187
IN,SK,236
IN,SL,648
IN,SN,29
IN,SO,267
IN,SR,46
IN,SS,731
IN,SV,10
IN,SY,41
IN,TD,7
IN,TG,13
IN,TH,41827
IN,TJ,565
IN,TL,18
IN,TM,15
IN,TN,1
IN,TO,73
IN,TR,1480
IN,TT,665
IN,TZ,4350
IN,UA,3317
IN,UG,104
IN,US,1743135
IN,UY,5
IN,UZ,14
IN,VE,604
IN,VN,1152
IN,YE,16
IN,ZA,15933
IN,ZM,4481
IN,ZW,1
IQ,AE,94
IQ,AF,20
IQ,AM,251
IQ,AR,2
IQ,AT,2931
IQ,AU,10162
IQ,BE,3451
IQ,BG,186
IQ,BH,8
IQ,BO,1
IQ,BR,139
IQ,CA,9276
IQ,CH,1876
IQ,CL,96
IQ,CN,49
IQ,CR,2
IQ,CY,163
IQ,CZ,2
IQ,DE,82012
IQ,DK,2365
IQ,DO,3
IQ,DZ,842
IQ,EE,34
IQ,EG,7217
IQ,ER,67
IQ,ES,2
IQ,ET,7
IQ,FI,2034
IQ,FR,61
IQ,GB,9336
IQ,GR,6439
IQ,HR,8
IQ,HU,174
IQ,ID,74
IQ,IL,8238
IQ,IN,81
IQ,IR,6826
IQ,IS,93
IQ,IT,1576
IQ,JO,25011
IQ,JP,1
IQ,KE,2
IQ,KW,59
IQ,LB,3264
IQ,LI,2
IQ,LK,4
IQ,LT,22
IQ,LU,517
IQ,LV,17
IQ,LY,7568
IQ,MA,276
IQ,MD,1
IQ,MK,1
IQ,MR,37
IQ,MT,68
IQ,MY,131
IQ,NL,5131
IQ,NO,2566
IQ,NZ,584
IQ,OM,2
IQ,PK,49
IQ,PL,88
IQ,PS,647
IQ,PT,110
IQ,QA,29
IQ,RO,135
IQ,RS,16
IQ,RU,494
IQ,SA,951
IQ,SD,325
IQ,SE,16375
IQ,SI,29
IQ,SK,79
IQ,SO,39
IQ,SS,29
IQ,SY,56756
IQ,TD,3
IQ,TJ,15
IQ,TM,1
IQ,TN,105
IQ,TR,165771
IQ,UA,7
IQ,UG,4
IQ,US,28082
IQ,VE,33
IQ,YE,956
IR,AE,50
IR,AF,245908
IR,AM,4788
IR,AR,109
IR,AT,16807
IR,AU,32429
IR,AZ,1537
IR,BE,7406
IR,BG,394
IR,BH,5
IR,BO,37
IR,BR,323
IR,BY,97
IR,CA,90095
IR,CH,8913
IR,CL,15
IR,CN,405
IR,CO,5
IR,CR,43
IR,CY,653
IR,CZ,679
IR,DE,166565
IR,DK,7889
IR,DO,16
IR,DZ,2
IR,EC,212
IR,EE,266
IR,EG,907
IR,ES,1
IR,FI,4690
IR,FR,290
IR,GB,44211
IR,GE,78
IR,GR,5386
IR,GT,8
IR,HR,16
IR,HU,3522
IR,ID,101
IR,IL,28660
IR,IN,340
IR,IQ,20830
IR,IS,156
IR,IT,11256
IR,JO,59
IR,JP,2240
IR,KG,74
IR,KW,21
IR,KZ,2454
IR,LB,6
IR,LI,7
IR,LK,16
IR,LT,13
IR,LU,1114
IR,LV,45
IR,LY,157
IR,MA,1
IR,MD,1
IR,ML,5
IR,MT,73
IR,MX,139
IR,MY,78
IR,NA,29
IR,NI,1
IR,NL,21038
IR,NO,8550
IR,NR,40
IR,NZ,2409
IR,OM,2
IR,PA,42
IR,PK,9236
IR,PL,179
IR,PT,680
IR,QA,12
IR,RO,686
IR,RS,1
IR,RU,1785
IR,SA,812
IR,SE,42892
IR,SI,119
IR,SK,126
IR,SV,8
IR,SY,2067
IR,TJ,1143
IR,TM,3782
IR,TR,134712
IR,UA,2252
IR,US,191250
IR,UZ,227
IR,VE,61
IR,YE,3
IR,ZA,111
IS,AE,1
IS,AF,1
IS,AL,4
IS,AM,1
IS,AO,11
IS,AR,7
IS,AT,22
IS,AU,77
IS,AZ,2
IS,BA,13
IS,BD,1
IS,BE,20
IS,BG,38
IS,BO,2
IS,BR,74
IS,BS,1
IS,BY,8
IS,CA,49
IS,CD,1
IS,CH,25
IS,CI,1
IS,CL,120
IS,CM,1
IS,CN,67
IS,CO,27
IS,CR,1
IS,CU,7
IS,CV,3
IS,CY,7
IS,CZ,34
IS,DE,284
IS,DK,1521
IS,DO,4
IS,DZ,5
IS,EC,4
IS,EE,36
IS,EG,4
IS,ER,1
IS,ES,77
IS,ET,9
IS,FI,57
IS,FR,79
IS,GA,1
IS,GB,182
IS,GE,3
IS,GH,8
IS,GM,1
IS,GN,3
IS,GQ,2
IS,GR,16
IS,GT,5
IS,GY,2
IS,HN,5
IS,HR,19
IS,HT,1
IS,HU,64
IS,ID,13
IS,IE,18
IS,IL,8
IS,IN,25
IS,IQ,8
IS,IR,6
IS,IT,42
IS,JM,2
IS,JO,2
IS,JP,15
IS,KE,9
IS,KG,1
IS,KR,6
IS,KW,1
IS,KZ,4
IS,LB,3
IS,LK,16
IS,LT,180
IS,LU,98
IS,LV,118
IS,LY,1
IS,MA,20
IS,MD,2
IS,ME,1
IS,MK,4
IS,MN,11
IS,MT,1
IS,MW,1
IS,MX,11
IS,MY,4
IS,MZ,2
IS,NA,18
IS,NG,10
IS,NI,1
IS,NL,43
IS,NO,1046
IS,NP,7
IS,NZ,7
IS,PA,1
IS,PE,9
IS,PG,2
IS,PH,154
IS,PK,2
IS,PL,1851
IS,PS,1
IS,PT,67
IS,QA,1
IS,RO,45
IS,RS,61
IS,RU,146
IS,SA,2
IS,SB,4
IS,SE,245
IS,SG,2
IS,SI,6
IS,SK,58
IS,SL,2
IS,SN,3
IS,SV,1
IS,SY,4
IS,TG,1
IS,TH,140
IS,TL,1
IS,TM,1
IS,TN,3
IS,TR,13
IS,TT,1
IS,TZ,9
IS,UA,42
IS,UG,3
IS,US,296
IS,UY,1
IS,UZ,2
IS,VE,7
IS,VN,89
IS,ZA,33
IS,ZM,2
IS,ZW,1
IT,AD,135
IT,AE,300
IT,AF,507
IT,AG,11
IT,AL,40692
IT,AM,176
IT,AO,1016
IT,AR,19377
IT,AT,29571
IT,AU,23883
IT,AZ,119
IT,BA,2503
IT,BD,5781
IT,BE,35278
IT,BF,1376
IT,BG,9941
IT,BH,28
IT,BI,104
IT,BJ,334
IT,BN,3
IT,BO,2372
IT,BR,13399
IT,BS,61
IT,BT,2
IT,BW,47
IT,BY,4746
IT,BZ,5
IT,CA,31541
IT,CD,721
IT,CF,14
IT,CG,382
IT,CH,87236
IT,CI,3013
IT,CL,7049
IT,CM,1406
IT,CN,22774
IT,CO,11776
IT,CR,644
IT,CU,3970
IT,CV,667
IT,CY,542
IT,CZ,4773
IT,DE,278240
IT,DJ,8
IT,DK,5433
IT,DO,6002
IT,DZ,2736
IT,EC,11929
IT,EE,2369
IT,EG,13845
IT,ER,1161
IT,ES,74405
IT,ET,3378
IT,FI,2034
IT,FR,77580
IT,GA,113
IT,GB,143256
IT,GE,1534
IT,GH,5467
IT,GM,756
IT,GN,535
IT,GQ,3
IT,GR,10387
IT,GT,376
IT,GW,136
IT,GY,53
IT,HN,482
IT,HR,4895
IT,HT,523
IT,HU,17485
IT,ID,309
IT,IE,7209
IT,IL,3494
IT,IN,10894
IT,IQ,483
IT,IR,1398
IT,IS,1177
IT,JM,3
IT,JO,412
IT,JP,3620
IT,KE,389
IT,KG,1494
IT,KH,126
IT,KP,1
IT,KR,765
IT,KW,155
IT,KZ,1137
IT,LB,558
IT,LC,2
IT,LI,310
IT,LK,8328
IT,LR,211
IT,LT,1809
IT,LU,4512
IT,LV,764
IT,LY,4579
IT,MA,47814
IT,MC,2102
IT,MD,19132
IT,ME,347
IT,MG,282
IT,MK,7206
IT,ML,899
IT,MM,44
IT,MN,35
IT,MR,118
IT,MT,3206
IT,MU,789
IT,MV,26
IT,MW,1
IT,MX,2651
IT,MY,130
IT,MZ,103
IT,NA,962
IT,NE,137
IT,NG,7342
IT,NI,166
IT,NL,23615
IT,NO,2443
IT,NP,135
IT,NZ,993
IT,OM,52
IT,PA,763
IT,PE,16831
IT,PG,10
IT,PH,13014
IT,PK,4668
IT,PL,23684
IT,PS,43
IT,PT,2876
IT,PY,498
IT,QA,121
IT,RO,146325
IT,RS,6918
IT,RU,53931
IT,RW,82
IT,SA,478
IT,SC,116
IT,SD,358
IT,SE,8640
IT,SG,66
IT,SI,6931
IT,SK,3954
IT,SL,173
IT,SM,1842
IT,SN,18839
IT,SO,1077
IT,SR,1
IT,SS,8
IT,ST,2
IT,SV,1273
IT,SY,589
IT,TD,56
IT,TG,617
IT,TH,1131
IT,TJ,62
IT,TM,866
IT,TN,11516
IT,TR,5688
IT,TT,56
IT,TZ,316
IT,UA,49877
IT,UG,115
IT,US,78428
IT,UY,3045
IT,UZ,3574
IT,VE,32154
IT,VN,1100
IT,YE,19
IT,ZA,1251
IT,ZM,141
IT,ZW,73
JM,AG,373
JM,AU,120
JM,BB,145
JM,BG,1
JM,BO,1
JM,BR,19
JM,BS,1149
JM,BZ,76
JM,CA,13027
JM,CH,1
JM,CL,77
JM,CN,130
JM,CR,33
JM,CU,204
JM,CY,2
JM,DK,15
JM,DM,22
JM,DO,18
JM,EE,1
JM,ES,27
JM,FI,12
JM,FR,2
JM,GB,12929
JM,GD,31
JM,GN,1
JM,GR,1
JM,GT,35
JM,GY,17
JM,HN,28
JM,HU,8
JM,IE,3
JM,IL,1
JM,IN,88
JM,IS,3
JM,IT,2
JM,JP,1
JM,KN,20
JM,LC,66
JM,LU,17
JM,LV,1
JM,MX,70
JM,NI,15
JM,NL,1
JM,NO,18
JM,NZ,2
JM,PA,87
JM,PL,1
JM,PT,3
JM,SI,1
JM,SK,3
JM,SV,13
JM,TH,1
JM,TT,417
JM,US,118902
JM,VC,30
JM,VE,24
JM,ZA,1
JO,AE,14936
JO,AG,2
JO,AM,144
JO,AR,17
JO,AT,3881
JO,AU,2770
JO,BD,1308
JO,BE,2786
JO,BG,438
JO,BH,1552
JO,BO,3
JO,BR,535
JO,BY,7
JO,CA,7128
JO,CH,1668
JO,CL,39
JO,CN,57
JO,CR,2
JO,CY,789
JO,CZ,53
JO,DE,80480
JO,DJ,1
JO,DK,2043
JO,DO,1
JO,DZ,1493
JO,EC,29
JO,EE,38
JO,EG,64574
JO,ES,1
JO,ET,58
JO,FI,730
JO,FR,1815
JO,GB,63
JO,GR,5682
JO,GT,2
JO,HN,12
JO,HR,11
JO,HU,145
JO,ID,13
JO,IL,150
JO,IN,27
JO,IQ,30663
JO,IR,33
JO,IS,51
JO,IT,814
JO,JP,76
JO,KR,1
JO,KW,5688
JO,LB,19037
JO,LC,1
JO,LI,4
JO,LK,31
JO,LT,65
JO,LU,340
JO,LV,10
JO,LY,16165
JO,MA,109
JO,MD,7
JO,MK,1
JO,ML,1
JO,MR,41
JO,MT,216
JO,MV,1
JO,MX,2
JO,MY,235
JO,NI,3
JO,NL,8874
JO,NO,2229
JO,NZ,5
JO,OM,1050
JO,PA,26
JO,PE,10
JO,PH,1962
JO,PL,25
JO,PS,147550
JO,PT,113
JO,QA,3810
JO,RO,144
JO,RS,1
JO,RU,385
JO,SA,24042
JO,SD,14
JO,SE,14202
JO,SI,36
JO,SK,27
JO,SO,2
JO,SS,4
JO,SV,2
JO,SY,173108
JO,TD,1
JO,TJ,1
JO,TN,36
JO,TR,216671
JO,UA,773
JO,US,535
JO,VE,514
JO,YE,2849
JO,ZA,3
JP,AD,1
JP,AE,114
JP,AF,167
JP,AG,2
JP,AR,913
JP,AT,29
JP,AU,9855
JP,BD,1678
JP,BE,795
JP,BG,74
JP,BH,12
JP,BN,34
JP,BO,900
JP,BR,21012
JP,BS,6
JP,BT,14
JP,BY,21
JP,CA,6357
JP,CG,1
JP,CH,319
JP,CI,1
JP,CL,335
JP,CM,58
JP,CN,87583
JP,CO,484
JP,CR,41
JP,CY,21
JP,CZ,264
JP,DE,1329
JP,DK,428
JP,DO,65
JP,EC,29
JP,EE,60
JP,EG,389
JP,ES,775
JP,ET,3
JP,FI,343
JP,FJ,1
JP,FM,3
JP,FR,1882
JP,GA,15
JP,GB,2664
JP,GE,1
JP,GH,257
JP,GM,1
JP,GN,14
JP,GR,95
JP,GT,85
JP,HN,27
JP,HR,8
JP,HT,29
JP,HU,552
JP,ID,5218
JP,IE,170
JP,IL,19
JP,IN,2307
JP,IQ,1
JP,IR,399
JP,IS,32
JP,IT,2390
JP,JM,1
JP,JO,9
JP,KE,68
JP,KG,33
JP,KH,505
JP,KP,3482
JP,KR,87796
JP,KW,48
JP,KZ,153
JP,LA,255
JP,LB,3
JP,LC,1
JP,LI,4
JP,LK,1238
JP,LT,17
JP,LU,307
JP,LV,10
JP,LY,130
JP,MA,2
JP,MD,1
JP,ML,91
JP,MM,1288
JP,MN,1540
JP,MR,2
JP,MT,40
JP,MU,1
JP,MV,14
JP,MX,1297
JP,MY,3428
JP,NA,27
JP,NG,336
JP,NI,5
JP,NL,310
JP,NO,220
JP,NP,3378
JP,NZ,2156
JP,OM,15
JP,PA,65
JP,PE,5816
JP,PG,105
JP,PH,23340
JP,PK,661
JP,PL,366
JP,PT,80
JP,PW,15
JP,PY,485
JP,QA,78
JP,RO,291
JP,RS,12
JP,RU,4384
JP,SA,194
JP,SB,55
JP,SE,678
JP,SG,1334
JP,SI,19
JP,SK,59
JP,SN,69
JP,SR,1
JP,SV,7
JP,SY,46
JP,TG,1
JP,TH,20087
JP,TJ,3
JP,TL,1
JP,TM,22
JP,TO,7
JP,TR,528
JP,TT,1
JP,UA,349
JP,US,80558
JP,UY,2
JP,UZ,233
JP,VE,125
JP,VN,20778
JP,WS,5
JP,ZA,169
JP,ZM,17
JP,ZW,1
KE,AE,46
KE,AO,21
KE,AT,1132
KE,AU,12612
KE,BE,2089
KE,BG,32
KE,BH,5
KE,BI,1801
KE,BO,9
KE,BR,111
KE,BS,11
KE,BW,119
KE,BY,1
KE,CA,18326
KE,CD,5081
KE,CF,4
KE,CG,82
KE,CH,46
KE,CL,51
KE,CN,668
KE,CR,3
KE,CY,53
KE,DJ,2545
KE,DK,1292
KE,DZ,833
KE,EE,29
KE,EG,10874
KE,ER,327
KE,ET,12326
KE,FI,2566
KE,FR,6
KE,GA,2
KE,GB,50510
KE,GH,11
KE,GN,1098
KE,GR,1432
KE,HU,287
KE,ID,83
KE,IE,1
KE,IL,1145
KE,IN,256
KE,IQ,56
KE,IS,73
KE,IT,3460
KE,JP,571
KE,KM,48
KE,KW,15
KE,LB,3
KE,LI,8
KE,LS,4
KE,LT,7
KE,LU,182
KE,LV,4
KE,LY,1713
KE,ML,10
KE,MT,965
KE,MW,37
KE,MY,633
KE,MZ,5573
KE,NA,1477
KE,NI,2
KE,NL,1324
KE,NO,3118
KE,NZ,5
KE,OM,2
KE,PG,9
KE,PT,79
KE,QA,12
KE,RW,1796
KE,SA,178
KE,SC,174
KE,SD,3649
KE,SE,8109
KE,SI,24
KE,SK,22
KE,SL,15
KE,SN,2
KE,SO,154085
KE,SS,14135
KE,SY,162
KE,SZ,1
KE,TD,12
KE,TG,3
KE,TR,5092
KE,TZ,38083
KE,UG,41139
KE,US,105973
KE,VE,1
KE,YE,997
KE,ZA,5310
KE,ZM,1003
KG,AM,211
KG,AR,1
KG,AT,6
KG,AU,57
KG,AZ,666
KG,BE,3
KG,BG,27
KG,BO,1
KG,BY,1639
KG,CA,18
KG,CH,4
KG,CN,71
KG,CY,5
KG,CZ,137
KG,DE,351
KG,DK,10
KG,EE,133
KG,EG,2
KG,ES,19
KG,FI,22
KG,FR,14
KG,GB,23
KG,GE,323
KG,GR,67
KG,HU,29
KG,IE,7
KG,IL,266
KG,IS,1
KG,IT,209
KG,JP,2
KG,KP,148
KG,KR,27
KG,KZ,11311
KG,LT,266
KG,LU,5
KG,LV,186
KG,LY,1
KG,MD,222
KG,NL,4
KG,NO,27
KG,NZ,1
KG,PL,310
KG,PT,6
KG,RO,47
KG,RS,1
KG,RU,60487
KG,SE,6
KG,SI,2
KG,SK,4
KG,TJ,1545
KG,TM,198
KG,TR,3008
KG,UA,5988
KG,US,65
KG,UZ,1684
KG,VN,12
KH,AE,1
KH,AR,1
KH,AT,35
KH,AU,18572
KH,BD,1741
KH,BE,51
KH,BG,14
KH,BN,1
KH,BO,1
KH,BR,1
KH,BY,1
KH,CA,10237
KH,CH,92
KH,CL,3
KH,CN,4742
KH,CO,2
KH,CR,1
KH,CY,2
KH,CZ,13
KH,DE,43
KH,DK,203
KH,DO,72
KH,EE,7
KH,EG,19
KH,ES,18
KH,FI,288
KH,FR,26351
KH,GA,1
KH,GB,16
KH,GN,3
KH,GQ,1
KH,GR,12
KH,HN,1
KH,HU,139
KH,ID,53
KH,IE,2
KH,IL,3
KH,IN,10
KH,IS,12
KH,IT,698
KH,JP,25442
KH,KG,1
KH,KP,6
KH,KR,25845
KH,KZ,10
KH,LA,1192
KH,LK,6
KH,LT,2
KH,LU,101
KH,LV,3
KH,MA,2
KH,ML,3
KH,MM,7
KH,MN,5
KH,MT,6
KH,MX,1
KH,MY,29
KH,NA,2
KH,NL,76
KH,NO,342
KH,NP,4
KH,NZ,3434
KH,PA,1
KH,PE,1
KH,PG,3
KH,PH,19
KH,PK,3
KH,PL,7
KH,PT,31
KH,RO,3
KH,RS,1
KH,RU,33
KH,SE,198
KH,SG,15
KH,SI,3
KH,SK,9
KH,SN,1
KH,TH,159763
KH,TR,6
KH,UA,38
KH,US,77039
KH,VE,3
KH,VN,18019
KH,ZA,1
KI,AU,638
KI,BG,2
KI,CA,19
KI,CL,1
KI,CO,1
KI,CY,1
KI,DE,2
KI,DK,1
KI,EG,1
KI,ES,2
KI,FJ,354
KI,GB,3
KI,GN,1
KI,GR,3
KI,HU,1
KI,IE,2
KI,IL,1
KI,IT,2
KI,JP,7
KI,KR,1
KI,MH,4
KI,MT,4
KI,NL,1
KI,NO,2
KI,NR,236
KI,NZ,1678
KI,PG,15
KI,PL,2
KI,SB,1409
KI,SK,4
KI,TV,25
KI,US,21
KI,WS,4
KM,DK,1
KM,EG,985
KM,ER,15
KM,FR,27639
KM,GN,71
KM,GR,7
KM,HU,1
KM,KE,7
KM,LU,10
KM,LY,392
KM,MG,2193
KM,TZ,70
KM,ZA,10
KN,AG,154
KN,AU,6
KN,BB,33
KN,BS,14
KN,CA,16
KN,CL,115
KN,CO,1
KN,DM,26
KN,DO,45
KN,GB,1
KN,GD,11
KN,GN,3
KN,GR,1
KN,GY,64
KN,JM,43
KN,LC,17
KN,ML,3
KN,NA,1
KN,PE,527
KN,SR,4
KN,TT,36
KN,US,91
KN,VC,21
KN,VE,7
KN,ZA,4
KP,AE,2
KP,AR,2376
KP,AT,4
KP,AU,81
KP,BD,11
KP,BE,5
KP,BG,28
KP,BO,7
KP,BR,333
KP,BS,1
KP,BY,41
KP,BZ,1
KP,CA,92
KP,CH,8
KP,CL,30
KP,CN,7490
KP,CO,10
KP,CR,12
KP,CY,16
KP,CZ,3
KP,DE,47
KP,DK,89
KP,DO,2
KP,EC,2
KP,EE,3
KP,EG,9
KP,ES,57
KP,FI,8
KP,FR,10
KP,GA,88
KP,GB,39
KP,GN,534
KP,GR,16
KP,GT,3
KP,HN,44
KP,HU,24
KP,ID,168
KP,IE,4
KP,IL,6
KP,IN,34
KP,IS,1
KP,IT,43
KP,JM,1
KP,JP,8849
KP,KG,1514
KP,KH,5
KP,KR,1728
KP,KW,1
KP,KZ,47
KP,LK,16
KP,LT,2
KP,LU,27
KP,LV,7
KP,ML,914
KP,MM,1
KP,MN,676
KP,MT,5
KP,MX,13
KP,MY,24
KP,NA,99
KP,NL,14
KP,NO,13
KP,NZ,17
KP,PA,3
KP,PE,69
KP,PG,3
KP,PH,324
KP,PK,10
KP,PL,10
KP,PT,42
KP,PY,1
KP,QA,1
KP,RO,3
KP,RS,1
KP,RU,851
KP,SA,2
KP,SB,2
KP,SE,16
KP,SG,3
KP,SK,7
KP,SR,1
KP,TH,75
KP,TJ,123
KP,TM,1
KP,TR,7
KP,TT,1
KP,UA,3
KP,US,542
KP,VE,40
KP,VN,389
KP,ZA,24
KP,ZM,1
KR,AE,34
KR,AR,662
KR,AT,4
KR,AU,12672
KR,AZ,2
KR,BD,41
KR,BE,554
KR,BG,31
KR,BH,4
KR,BN,21
KR,BO,71
KR,BR,1027
KR,BT,3
KR,BY,13
KR,CA,16910
KR,CH,13
KR,CL,150
KR,CN,81972
KR,CO,76
KR,CR,34
KR,CY,3
KR,CZ,229
KR,DE,63
KR,DK,1043
KR,DO,75
KR,EC,47
KR,EE,16
KR,EG,41
KR,ES,16
KR,ET,2
KR,FI,91
KR,FM,3
KR,FR,52
KR,GA,25
KR,GB,43
KR,GN,52
KR,GR,30
KR,GT,237
KR,HN,10
KR,HR,3
KR,HU,261
KR,ID,4460
KR,IE,3
KR,IL,7
KR,IN,87
KR,IS,7
KR,IT,614
KR,JO,1
KR,JP,56714
KR,KG,39
KR,KH,3864
KR,KP,599
KR,KW,15
KR,KZ,885
KR,LA,5
KR,LB,2
KR,LK,2431
KR,LT,2
KR,LU,120
KR,LV,6
KR,LY,87
KR,MM,1933
KR,MN,4410
KR,MR,9
KR,MV,1
KR,MX,885
KR,MY,488
KR,NA,6
KR,NI,8
KR,NL,13
KR,NO,935
KR,NP,1966
KR,NZ,3589
KR,OM,5
KR,PA,58
KR,PE,92
KR,PG,18
KR,PH,5298
KR,PL,2
KR,PT,20
KR,PW,7
KR,PY,331
KR,QA,42
KR,RU,1433
KR,SA,62
KR,SB,19
KR,SE,1447
KR,SG,30
KR,SI,6
KR,SK,78
KR,SV,16
KR,TH,10484
KR,TJ,3
KR,TM,15
KR,TR,15
KR,UA,69
KR,US,141047
KR,UZ,5442
KR,VE,37
KR,VN,20130
KR,ZA,81
KW,AD,12
KW,AE,15550
KW,AF,292
KW,AG,1
KW,AL,1
KW,AM,4
KW,AO,14
KW,AR,3
KW,AT,717
KW,AU,11302
KW,AZ,10
KW,BB,2
KW,BD,30034
KW,BE,989
KW,BF,3
KW,BG,550
KW,BH,1377
KW,BJ,123
KW,BN,37
KW,BO,19
KW,BR,83
KW,BS,28
KW,BT,5
KW,BW,1
KW,BY,3
KW,BZ,6
KW,CA,26370
KW,CD,94
KW,CF,139
KW,CG,24
KW,CH,1346
KW,CI,38
KW,CL,108
KW,CM,178
KW,CN,30
KW,CO,79
KW,CR,3
KW,CV,1
KW,CY,570
KW,CZ,112
KW,DE,8429
KW,DJ,25
KW,DK,1604
KW,DO,23
KW,DZ,1198
KW,EC,2
KW,EE,61
KW,EG,49591
KW,ER,616
KW,ES,2470
KW,ET,1895
KW,FI,537
KW,FJ,1
KW,FR,2714
KW,GA,92
KW,GB,4095
KW,GE,3
KW,GH,103
KW,GN,3
KW,GQ,46
KW,GR,911
KW,GT,14
KW,GY,1
KW,HN,24
KW,HR,3
KW,HT,3
KW,HU,668
KW,ID,14088
KW,IE,381
KW,IL,647
KW,IN,125922
KW,IQ,1070
KW,IR,59
KW,IS,66
KW,IT,4150
KW,JM,12
KW,JO,20223
KW,JP,7499
KW,KE,29
KW,KG,9
KW,KH,1
KW,KM,1
KW,KP,19
KW,KR,1721
KW,KZ,49
KW,LB,1619
KW,LI,2
KW,LK,5949
KW,LT,37
KW,LU,258
KW,LV,36
KW,LY,8854
KW,MA,550
KW,MC,16
KW,MD,10
KW,MG,13
KW,MK,3
KW,ML,29
KW,MM,4
KW,MN,13
KW,MR,33
KW,MT,395
KW,MU,5
KW,MV,53
KW,MX,29
KW,MY,10098
KW,MZ,1
KW,NA,39
KW,NE,452
KW,NG,890
KW,NI,1
KW,NL,2455
KW,NO,1175
KW,NP,2392
KW,NR,2
KW,NZ,1553
KW,OM,269
KW,PA,38
KW,PE,12
KW,PG,1039
KW,PH,25556
KW,PK,24426
KW,PL,642
KW,PS,16095
KW,PT,270
KW,PW,1
KW,PY,1
KW,QA,2594
KW,RO,227
KW,RS,30
KW,RU,162
KW,SA,2758
KW,SB,32
KW,SC,11
KW,SD,6892
KW,SE,1942
KW,SG,287
KW,SI,26
KW,SK,146
KW,SL,4
KW,SN,68
KW,SO,1392
KW,SR,4
KW,SS,3229
KW,SV,1
KW,SY,7176
KW,TD,1903
KW,TG,32
KW,TH,918
KW,TJ,9
KW,TL,79
KW,TN,295
KW,TR,26051
KW,TT,12
KW,TZ,4
KW,UA,199
KW,UG,484
KW,US,28385
KW,UY,2
KW,VC,1
KW,VE,171
KW,YE,7323
KW,ZA,414
KW,ZM,11
KZ,AE,44
KZ,AF,432
KZ,AM,787
KZ,AR,2
KZ,AT,26
KZ,AU,989
KZ,AZ,2338
KZ,BD,1
KZ,BE,9
KZ,BG,384
KZ,BO,3
KZ,BR,1
KZ,BY,10756
KZ,CA,1333
KZ,CG,1
KZ,CH,18
KZ,CL,4
KZ,CN,15012
KZ,CR,1
KZ,CY,35
KZ,CZ,866
KZ,DE,84374
KZ,DK,35
KZ,DO,1
KZ,EE,650
KZ,EG,1074
KZ,ES,81
KZ,FI,50
KZ,FR,61
KZ,GB,30
KZ,GE,1318
KZ,GR,2605
KZ,HR,6
KZ,HU,259
KZ,ID,1
KZ,IE,13
KZ,IL,1689
KZ,IN,83
KZ,IR,281
KZ,IS,11
KZ,IT,572
KZ,JP,761
KZ,KG,16152
KZ,KR,3597
KZ,KW,1
KZ,LI,1
KZ,LT,704
KZ,LU,144
KZ,LV,862
KZ,LY,81
KZ,MD,896
KZ,ML,191
KZ,MN,16680
KZ,MT,25
KZ,MX,2
KZ,NA,4
KZ,NL,466
KZ,NO,105
KZ,NZ,6
KZ,PA,1
KZ,PE,1
KZ,PG,2
KZ,PK,37
KZ,PL,865
KZ,PS,1
KZ,PT,112
KZ,RO,19
KZ,RS,5
KZ,RU,383238
KZ,SA,2
KZ,SE,174
KZ,SG,5
KZ,SI,22
KZ,SK,33
KZ,TH,1
KZ,TJ,3206
KZ,TM,30133
KZ,TR,21262
KZ,UA,36262
KZ,US,395
KZ,UZ,78086
KZ,VE,1
KZ,ZA,1
LA,AR,146
LA,AT,1
LA,AU,2041
LA,BD,6931
LA,BE,2
LA,BG,1
LA,CA,2788
LA,CH,3
LA,CL,71
LA,CN,4659
LA,CR,1
LA,CZ,2
LA,DE,9
LA,DK,18
LA,EG,116
LA,ES,5
LA,FI,29
LA,FR,7562
LA,GR,9
LA,HU,61
LA,ID,3
LA,IN,1
LA,IS,1
LA,IT,7
LA,JP,4163
LA,KH,418
LA,KR,530
LA,KZ,8
LA,LI,9
LA,LT,1
LA,LU,29
LA,LV,1
LA,MM,367
LA,MN,2
LA,MY,3
LA,NL,4
LA,NO,36
LA,NZ,4
LA,PT,1
LA,RU,1
LA,SA,1
LA,SE,7
LA,SG,1
LA,SK,1
LA,TH,53321
LA,TR,1
LA,UA,16
LA,US,36315
LA,VN,7967
LB,AE,4475
LB,AG,33
LB,AM,407
LB,AR,367
LB,AT,8453
LB,AU,51387
LB,BD,2587
LB,BE,13369
LB,BG,1781
LB,BH,466
LB,BO,30
LB,BR,5371
LB,BY,66
LB,BZ,42
LB,CA,72857
LB,CF,1
LB,CG,739
LB,CH,3600
LB,CL,225
LB,CN,45
LB,CO,380
LB,CR,58
LB,CU,4
LB,CY,3667
LB,CZ,112
LB,DE,169475
LB,DJ,1
LB,DK,12117
LB,DM,15
LB,DO,113
LB,DZ,2219
LB,EC,197
LB,EE,123
LB,EG,5667
LB,ES,1
LB,ET,10273
LB,FI,2218
LB,FR,37066
LB,GA,2042
LB,GB,29
LB,GE,6
LB,GH,871
LB,GN,106
LB,GR,13126
LB,GT,20
LB,HN,14
LB,HR,36
LB,HU,525
LB,ID,3
LB,IL,6061
LB,IN,71
LB,IQ,8412
LB,IR,5
LB,IS,135
LB,IT,5909
LB,JO,41153
LB,JP,155
LB,KE,3
LB,KR,2
LB,KW,1594
LB,LC,1
LB,LI,8
LB,LK,1997
LB,LR,129
LB,LT,147
LB,LU,1063
LB,LV,59
LB,LY,11363
LB,MA,1280
LB,MD,13
LB,MR,175
LB,MT,649
LB,MV,5
LB,MX,407
LB,MY,499
LB,NA,66
LB,NL,21113
LB,NO,6998
LB,NZ,2
LB,OM,14
LB,PA,420
LB,PE,23
LB,PL,456
LB,PS,32851
LB,PT,431
LB,QA,1891
LB,RO,309
LB,RS,1
LB,RU,792
LB,SA,8427
LB,SD,1328
LB,SE,52789
LB,SI,77
LB,SK,162
LB,SL,422
LB,SN,1131
LB,SO,488
LB,SS,23
LB,SV,2
LB,SY,200024
LB,TD,13
LB,TN,27
LB,TR,455292
LB,UA,2213
LB,UG,4
LB,US,101353
LB,VE,7584
LB,YE,44
LB,ZA,2745
LC,AG,99
LC,AT,3
LC,AU,12
LC,BB,314
LC,BE,3
LC,BG,1
LC,BO,1
LC,BR,5
LC,BS,15
LC,CA,940
LC,CH,3
LC,CL,12
LC,CM,1
LC,CN,6
LC,CO,9
LC,CU,10
LC,CZ,1
LC,DE,30
LC,DK,2
LC,DM,54
LC,DO,6
LC,EC,2
LC,EG,2
LC,ES,11
LC,FI,1
LC,FR,10
LC,GB,90
LC,GD,40
LC,GH,3
LC,GN,1
LC,GR,2
LC,GT,1
LC,GY,191
LC,HN,1
LC,HT,3
LC,HU,3
LC,IE,3
LC,IL,3
LC,IN,18
LC,IT,4
LC,JM,86
LC,JO,1
LC,JP,8
LC,KN,16
LC,KR,3
LC,LU,1
LC,ML,1
LC,MT,2
LC,MX,5
LC,MY,1
LC,NA,1
LC,NE,1
LC,NG,10
LC,NL,14
LC,NO,2
LC,NZ,2
LC,PA,2
LC,PE,4
LC,PG,1
LC,PH,2
LC,PL,5
LC,PT,2
LC,RO,2
LC,RS,1
LC,RU,1
LC,SE,3
LC,SK,1
LC,SR,13
LC,SY,15
LC,TR,27
LC,TT,206
LC,US,428
LC,VC,57
LC,VE,29
LC,ZA,3
LI,AD,1
LI,AM,1
LI,AO,5
LI,AR,5
LI,AT,494
LI,AU,9
LI,BA,27
LI,BE,10
LI,BG,8
LI,BO,1
LI,BR,20
LI,BS,1
LI,BY,2
LI,CA,12
LI,CH,1564
LI,CI,1
LI,CL,8
LI,CM,1
LI,CN,10
LI,CO,10
LI,CR,1
LI,CU,1
LI,CZ,12
LI,DE,390
LI,DK,16
LI,DO,9
LI,DZ,1
LI,EC,2
LI,EE,3
LI,EG,6
LI,ER,1
LI,ES,61
LI,ET,1
LI,FI,2
LI,FR,49
LI,GB,17
LI,GR,9
LI,GT,1
LI,HR,17
LI,HU,22
LI,ID,1
LI,IE,3
LI,IL,5
LI,IN,2
LI,IQ,1
LI,IR,1
LI,IS,1
LI,IT,155
LI,JM,1
LI,JP,5
LI,KE,1
LI,KG,4
LI,KR,1
LI,KZ,2
LI,LA,4
LI,LK,1
LI,LT,1
LI,LU,11
LI,LV,1
LI,LY,1
LI,MA,2
LI,MD,1
LI,ME,1
LI,MK,8
LI,ML,1
LI,MT,1
LI,MV,1
LI,MX,4
LI,MY,1
LI,NA,3
LI,NG,1
LI,NL,13
LI,NO,5
LI,NZ,2
LI,PA,1
LI,PE,4
LI,PH,4
LI,PL,19
LI,PT,154
LI,RO,14
LI,RS,55
LI,RU,37
LI,SC,1
LI,SE,6
LI,SG,1
LI,SI,18
LI,SK,14
LI,SN,1
LI,SO,2
LI,SY,1
LI,TH,11
LI,TM,1
LI,TN,3
LI,TR,102
LI,TZ,2
LI,UA,7
LI,US,39
LI,UY,1
LI,UZ,2
LI,VE,12
LI,VN,4
LI,ZA,6
LI,ZM,1
LK,AD,1
LK,AE,10381
LK,AF,12
LK,AL,2
LK,AO,2
LK,AR,3
LK,AT,48
LK,AU,34721
LK,BD,52
LK,BE,36
LK,BG,35
LK,BH,1098
LK,BN,198
LK,BO,5
LK,BR,4
LK,BS,13
LK,BT,27
LK,BW,90
LK,BY,2
LK,BZ,1
LK,CA,35911
LK,CH,11014
LK,CL,25
LK,CN,395
LK,CO,12
LK,CR,1
LK,CY,3305
LK,CZ,10
LK,DE,569
LK,DK,1979
LK,DO,5
LK,DZ,1
LK,EC,3
LK,EE,50
LK,EG,51
LK,ES,187
LK,FI,413
LK,FR,13940
LK,GA,1
LK,GB,34532
LK,GH,7
LK,GQ,1
LK,GR,285
LK,GT,2
LK,HN,2
LK,HT,7
LK,HU,61
LK,ID,121
LK,IE,22
LK,IL,627
LK,IN,27556
LK,IQ,7
LK,IR,13
LK,IS,63
LK,IT,27525
LK,JM,1
LK,JO,37
LK,JP,14155
LK,KG,1
LK,KH,6
LK,KP,28
LK,KR,6120
LK,KW,4099
LK,KZ,19
LK,LB,2344
LK,LI,6
LK,LT,40
LK,LU,60
LK,LV,105
LK,LY,91
LK,MA,3
LK,MC,4
LK,MD,6
LK,ML,1
LK,MM,1
LK,MN,5
LK,MT,45
LK,MU,155
LK,MV,1837
LK,MX,11
LK,MY,624
LK,NA,10
LK,NL,52
LK,NO,2437
LK,NP,36
LK,NR,45
LK,NZ,5116
LK,OM,2270
LK,PA,3
LK,PE,5
LK,PG,106
LK,PK,117
LK,PL,80
LK,PS,7
LK,PT,72
LK,PY,1
LK,QA,34921
LK,RO,101
LK,RS,11
LK,RU,165
LK,SA,8264
LK,SB,3
LK,SC,153
LK,SE,2234
LK,SG,76
LK,SI,9
LK,SK,21
LK,SM,3
LK,SN,2
LK,SY,11
LK,TH,44
LK,TM,1
LK,TN,1
LK,TR,112
LK,TT,1
LK,UA,3
LK,US,452
LK,UY,4
LK,UZ,2
LK,VE,56
LK,VN,28
LK,ZA,92
LK,ZM,2
LR,AE,1
LR,AO,4172
LR,AR,1
LR,AT,16
LR,AU,1156
LR,BE,994
LR,BF,8063
LR,BG,15
LR,BJ,1107
LR,BO,2
LR,BR,309
LR,BS,1
LR,BY,1
LR,CA,943
LR,CG,7
LR,CH,17
LR,CI,9678
LR,CL,7
LR,CM,2541
LR,CN,565
LR,CO,7
LR,CV,1
LR,CY,3
LR,CZ,2
LR,DE,124
LR,DK,87
LR,DO,2
LR,EC,1
LR,EE,15
LR,EG,19
LR,ES,326
LR,FI,119
LR,FR,7858
LR,GA,357
LR,GB,119
LR,GH,23725
LR,GM,2414
LR,GN,6308
LR,GQ,4
LR,GR,47
LR,GT,1
LR,GW,374
LR,HN,2
LR,HU,33
LR,IE,5
LR,IL,18707
LR,IN,77
LR,IS,15
LR,IT,4530
LR,JM,1
LR,JP,33
LR,KR,9
LR,LB,91
LR,LI,1
LR,LS,1
LR,LT,5
LR,LU,233
LR,LV,1
LR,LY,1
LR,MA,13
LR,ML,4282
LR,MR,82
LR,MT,15
LR,MX,19
LR,NA,55
LR,NE,539
LR,NG,14698
LR,NL,38
LR,NO,408
LR,NZ,3
LR,PA,1
LR,PE,1
LR,PG,1
LR,PL,44
LR,PT,100
LR,RO,14
LR,RS,5
LR,RU,9
LR,SA,1
LR,SE,58
LR,SI,12
LR,SK,4
LR,SL,6263
LR,SN,6169
LR,SZ,3
LR,TD,26
LR,TG,487
LR,TH,2
LR,TN,1
LR,TR,50
LR,TT,1
LR,UA,1
LR,US,2258
LR,UZ,1
LR,VE,9
LR,ZA,158
LR,ZM,4
LS,AU,19
LS,BW,35
LS,CA,1
LS,CN,20
LS,DK,11
LS,GB,2
LS,GH,16
LS,GN,8
LS,IN,26
LS,MW,6
LS,MZ,834
LS,NA,106
LS,NO,1
LS,NZ,1
LS,PK,18
LS,SZ,17
LS,TZ,49
LS,UG,17
LS,US,18
LS,ZA,56817
LS,ZM,13
LS,ZW,9
LT,AE,5
LT,AF,1
LT,AM,177
LT,AR,65
LT,AT,13
LT,AU,362
LT,AZ,129
LT,BD,1
LT,BE,764
LT,BG,119
LT,BJ,1
LT,BO,2
LT,BR,77
LT,BY,12755
LT,CA,567
LT,CD,1
LT,CG,1
LT,CH,14
LT,CL,233
LT,CM,1
LT,CN,7
LT,CO,2
LT,CR,1
LT,CU,2
LT,CY,22
LT,CZ,51
LT,DE,362
LT,DK,2567
LT,DZ,1
LT,EE,1152
LT,EG,259
LT,ES,112
LT,FI,402
LT,FR,50
LT,GB,24179
LT,GE,126
LT,GH,1
LT,GR,80
LT,HR,3
LT,HU,114
LT,IE,3668
LT,IL,432
LT,IN,3
LT,IQ,2
LT,IR,11
LT,IS,1334
LT,IT,788
LT,JO,1
LT,JP,14
LT,KE,1
LT,KG,1501
LT,KP,1
LT,KR,274
LT,KW,2
LT,KZ,1292
LT,LB,2
LT,LR,1
LT,LU,293
LT,LV,3664
LT,LY,6
LT,MD,87
LT,ML,1
LT,MN,42
LT,MT,58
LT,MX,3
LT,MY,1
LT,NA,4
LT,NE,1
LT,NG,3
LT,NL,138
LT,NO,4637
LT,NP,1
LT,NZ,4
LT,PA,6
LT,PE,1
LT,PK,5
LT,PL,3582
LT,PS,1
LT,PT,80
LT,QA,1
LT,RO,24
LT,RS,1
LT,RU,43868
LT,SA,4
LT,SE,4371
LT,SG,1
LT,SI,14
LT,SK,71
LT,SN,1
LT,SY,2
LT,TH,1
LT,TJ,68
LT,TM,455
LT,TN,1
LT,TR,396
LT,TZ,2
LT,UA,12069
LT,US,129
LT,UY,3
LT,UZ,502
LT,VE,44
LT,VN,6
LT,ZA,15
LT,ZM,1
LU,AD,248
LU,AE,1
LU,AG,33
LU,AL,29
LU,AO,466
LU,AR,101
LU,AT,389
LU,AU,134
LU,BA,356
LU,BB,2
LU,BD,2
LU,BE,6423
LU,BG,285
LU,BO,12
LU,BR,104
LU,BS,1
LU,BY,23
LU,CA,227
LU,CD,13
LU,CF,1
LU,CG,12
LU,CH,1078
LU,CL,45
LU,CM,7
LU,CN,127
LU,CO,49
LU,CR,3
LU,CU,3
LU,CV,178
LU,CY,25
LU,CZ,155
LU,DE,2829
LU,DK,677
LU,DM,10
LU,DO,9
LU,DZ,12
LU,EC,1
LU,EE,284
LU,EG,65
LU,ES,769
LU,FI,376
LU,FR,7351
LU,GA,2
LU,GB,5011
LU,GD,1
LU,GN,1
LU,GQ,1
LU,GR,282
LU,GT,1
LU,GW,2
LU,HR,260
LU,HU,640
LU,IE,403
LU,IL,46
LU,IN,16
LU,IR,22
LU,IS,260
LU,IT,3169
LU,JM,2
LU,JP,58
LU,KG,1
LU,KN,1
LU,KR,6
LU,KZ,1
LU,LB,3
LU,LC,1
LU,LI,2
LU,LT,117
LU,LV,82
LU,LY,1
LU,MA,33
LU,MC,1
LU,MD,65
LU,ME,823
LU,MG,1
LU,MK,308
LU,ML,1
LU,MT,87
LU,MU,5
LU,MX,30
LU,MY,3
LU,MZ,6
LU,NA,85
LU,NL,1149
LU,NO,256
LU,NP,2
LU,NZ,8
LU,PA,9
LU,PE,32
LU,PH,19
LU,PL,718
LU,PT,13396
LU,RO,452
LU,RS,3788
LU,RU,78
LU,RW,3
LU,SE,456
LU,SI,451
LU,SK,186
LU,SN,6
LU,SR,2
LU,ST,1
LU,TH,24
LU,TJ,4
LU,TL,10
LU,TN,16
LU,TR,76
LU,UA,31
LU,US,693
LU,UY,15
LU,UZ,1
LU,VE,3220
LU,VN,10
LU,ZA,17
LV,AE,1
LV,AF,2
LV,AL,1
LV,AM,70
LV,AO,2
LV,AR,3
LV,AT,18
LV,AU,406
LV,AZ,227
LV,BA,1
LV,BE,221
LV,BG,121
LV,BR,3
LV,BY,9502
LV,CA,579
LV,CH,11
LV,CI,1
LV,CL,71
LV,CN,28
LV,CO,1
LV,CU,4
LV,CY,25
LV,CZ,65
LV,DE,432
LV,DK,557
LV,DZ,2
LV,EE,1364
LV,EG,393
LV,ES,44
LV,FI,289
LV,FR,35
LV,GB,303
LV,GE,159
LV,GH,1
LV,GN,3
LV,GR,56
LV,HR,3
LV,HU,121
LV,IE,2053
LV,IL,418
LV,IN,9
LV,IQ,4
LV,IR,3
LV,IS,207
LV,IT,428
LV,JO,1
LV,JP,6
LV,KG,555
LV,KP,1
LV,KR,266
LV,KZ,932
LV,LB,2
LV,LI,1
LV,LK,2
LV,LT,2201
LV,LU,123
LV,LY,2
LV,MA,1
LV,MD,156
LV,MK,1
LV,ML,1
LV,MN,50
LV,MT,33
LV,MX,2
LV,MY,1
LV,NA,3
LV,NG,2
LV,NL,194
LV,NO,1126
LV,NP,1
LV,NZ,3
LV,PE,1
LV,PG,1
LV,PH,9
LV,PK,1
LV,PL,322
LV,PT,36
LV,RO,20
LV,RS,2
LV,RU,61704
LV,SA,1
LV,SE,957
LV,SI,10
LV,SK,26
LV,SN,1
LV,SY,2
LV,TH,1
LV,TJ,103
LV,TM,518
LV,TR,279
LV,TZ,1
LV,UA,8670
LV,US,137
LV,UZ,715
LV,VE,18
LV,VN,1
LV,ZA,8
LV,ZM,1
LY,AD,2
LY,AE,769
LY,AF,26
LY,AL,35
LY,AM,46
LY,AO,35
LY,AR,5
LY,AT,408
LY,AU,875
LY,AZ,9
LY,BA,31
LY,BD,94
LY,BE,386
LY,BF,26
LY,BG,294
LY,BH,123
LY,BJ,29
LY,BN,2
LY,BO,11
LY,BR,53
LY,BS,7
LY,BY,339
LY,BZ,4
LY,CA,3483
LY,CD,83
LY,CF,1
LY,CG,56
LY,CH,334
LY,CI,94
LY,CL,245
LY,CM,28
LY,CN,500
LY,CO,44
LY,CR,4
LY,CY,138
LY,CZ,18
LY,DE,8372
LY,DJ,339
LY,DK,312
LY,DO,12
LY,DZ,1562
LY,EC,3
LY,EE,66
LY,EG,6225
LY,ER,482
LY,ES,801
LY,ET,584
LY,FI,336
LY,FR,2285
LY,GA,22
LY,GB,1123
LY,GE,1
LY,GH,111
LY,GM,10
LY,GN,22
LY,GQ,7
LY,GR,1163
LY,GT,8
LY,GW,48
LY,HN,13
LY,HR,42
LY,HT,3
LY,HU,367
LY,ID,1484
LY,IE,26
LY,IL,8675
LY,IN,485
LY,IQ,10361
LY,IR,59
LY,IS,28
LY,IT,10085
LY,JM,3
LY,JO,20948
LY,JP,366
LY,KE,386
LY,KG,29
LY,KM,501
LY,KR,307
LY,KW,1223
LY,KZ,192
LY,LB,2976
LY,LI,5
LY,LK,47
LY,LT,18
LY,LU,217
LY,LV,11
LY,MA,1235
LY,MC,21
LY,MD,4
LY,MG,10
LY,MK,1
LY,ML,592
LY,MN,7
LY,MR,116
LY,MT,2680
LY,MW,7
LY,MX,28
LY,MY,1054
LY,NA,65
LY,NE,212
LY,NG,450
LY,NI,1
LY,NL,437
LY,NO,520
LY,NZ,17
LY,OM,147
LY,PA,24
LY,PE,7
LY,PG,10
LY,PH,491
LY,PK,153
LY,PL,517
LY,PS,18584
LY,PT,171
LY,PY,1
LY,QA,213
LY,RO,180
LY,RS,152
LY,RU,6328
LY,SA,3695
LY,SB,1
LY,SD,2066
LY,SE,372
LY,SG,116
LY,SI,40
LY,SK,88
LY,SL,39
LY,SM,1
LY,SN,799
LY,SO,12458
LY,SR,1
LY,SS,234
LY,SV,78
LY,SY,7308
LY,TD,405
LY,TG,13
LY,TH,381
LY,TJ,118
LY,TM,183
LY,TN,3355
LY,TR,32534
LY,TT,4
LY,TZ,101
LY,UA,491
LY,UG,65
LY,US,2815
LY,UY,2
LY,UZ,135
LY,VE,140
LY,VN,13
LY,YE,4709
LY,ZA,232
LY,ZM,23
MA,AD,90
MA,AE,638
MA,AR,46
MA,AT,3
MA,AU,302
MA,BE,40272
MA,BG,88
MA,BH,66
MA,BO,6
MA,BR,507
MA,CA,15687
MA,CF,1
MA,CG,216
MA,CH,4228
MA,CI,2
MA,CL,50
MA,CM,1
MA,CN,390
MA,CO,1
MA,CR,1
MA,CY,14
MA,CZ,1
MA,DE,42170
MA,DK,669
MA,DO,7
MA,DZ,1563
MA,EE,25
MA,EG,988
MA,ES,284938
MA,FI,780
MA,FR,152322
MA,GA,219
MA,GB,140
MA,GM,3
MA,GN,176
MA,GQ,1
MA,GR,324
MA,HR,3
MA,HU,283
MA,IE,2
MA,IL,33389
MA,IQ,395
MA,IS,110
MA,IT,74339
MA,JO,19
MA,JP,3
MA,KW,254
MA,LB,112
MA,LI,2
MA,LT,11
MA,LU,2142
MA,LV,18
MA,LY,691
MA,MC,1
MA,MG,1
MA,ML,179
MA,MR,261
MA,MT,343
MA,MX,98
MA,NL,20132
MA,NO,885
MA,NZ,1
MA,PA,14
MA,PL,124
MA,PT,508
MA,QA,129
MA,RO,2
MA,RU,1
MA,SA,7
MA,SE,3340
MA,SI,15
MA,SK,29
MA,SN,2524
MA,SY,258
MA,TH,2
MA,TN,974
MA,TR,11724
MA,TZ,1
MA,UA,801
MA,US,257
MA,VE,398
MA,ZA,49
MA,ZM,1
MC,AR,1
MC,AT,1
MC,AU,6
MC,BE,4
MC,BG,2
MC,CA,4
MC,CH,6
MC,DE,8
MC,DK,1
MC,ES,5
MC,FI,1
MC,FR,2507
MC,GB,5
MC,GR,2
MC,HU,1
MC,IL,1
MC,IT,666
MC,LU,12
MC,LY,14
MC,MA,1
MC,NL,1
MC,NO,1
MC,PL,1
MC,PT,2
MC,RO,1
MC,TR,1
MC,US,8
MC,VE,1
MD,AM,160
MD,AR,1
MD,AT,1660
MD,AU,129
MD,AZ,112
MD,BE,2178
MD,BG,1684
MD,BO,1
MD,BR,1
MD,BY,4448
MD,CA,2079
MD,CH,10
MD,CL,4
MD,CN,1
MD,CY,129
MD,CZ,1445
MD,DE,306
MD,DK,681
MD,DO,1
MD,EE,955
MD,EG,320
MD,ES,5346
MD,FI,224
MD,FR,14374
MD,GB,33
MD,GE,167
MD,GR,1078
MD,HR,10
MD,HU,1859
MD,IE,5433
MD,IL,1410
MD,IS,96
MD,IT,31745
MD,JO,2
MD,JP,7
MD,KG,1882
MD,KR,311
MD,KZ,3246
MD,LB,1
MD,LI,1
MD,LT,779
MD,LU,629
MD,LV,536
MD,LY,5
MD,MN,7
MD,MT,65
MD,NA,8
MD,NL,459
MD,NO,359
MD,NZ,1
MD,PL,369
MD,PT,2987
MD,RO,25371
MD,RS,13
MD,RU,107853
MD,SA,1
MD,SE,113
MD,SI,64
MD,SK,71
MD,SY,35
MD,TJ,384
MD,TM,674
MD,TR,2647
MD,UA,68667
MD,US,83
MD,UZ,1511
MD,VE,3
ME,AL,273
ME,AR,426
ME,AT,1005
ME,AU,296
ME,BA,3863
ME,BE,27
ME,BG,75
ME,BO,1
ME,BY,5
ME,CA,82
ME,CH,264
ME,CL,4
ME,CN,4
ME,CO,4
ME,CY,7
ME,CZ,85
ME,DE,3978
ME,DK,203
ME,DO,1
ME,EE,13
ME,EG,17
ME,ES,15
ME,FI,24
ME,FR,256
ME,GB,41
ME,GQ,1
ME,GR,123
ME,HR,3248
ME,HU,317
ME,IE,36
ME,IL,5
ME,IS,18
ME,IT,781
ME,JP,3
ME,KG,2
ME,KR,5
ME,KZ,2
ME,LI,3
ME,LT,3
ME,LU,362
ME,LV,2
ME,MA,1
ME,MK,2292
ME,ML,2
ME,MT,20
ME,MX,1
ME,NA,6
ME,NL,229
ME,NO,225
ME,NZ,1
ME,PL,39
ME,PT,43
ME,RO,24
ME,RS,19022
ME,RU,706
ME,SE,288
ME,SI,2167
ME,SK,46
ME,SN,1
ME,TM,5
ME,TR,56
ME,UA,56
ME,US,75
ME,UZ,9
ME,VE,138
ME,ZA,2
MG,AU,54
MG,BE,564
MG,BO,1
MG,BW,47
MG,CA,3
MG,CH,3
MG,CN,418
MG,CY,1
MG,DE,3
MG,DK,21
MG,EG,24
MG,ES,4
MG,FI,6
MG,FR,33100
MG,GB,3
MG,GN,2
MG,GR,24
MG,HU,17
MG,IL,1
MG,IN,129
MG,IT,620
MG,JP,1
MG,KM,3635
MG,LT,3
MG,LU,140
MG,LY,7
MG,MA,1
MG,MU,255
MG,NL,1
MG,NO,69
MG,PL,1
MG,PT,8
MG,SC,102
MG,SI,7
MG,SK,4
MG,TH,1
MG,TR,1
MG,TZ,1
MG,US,5
MG,ZA,35
MH,AE,1
MH,AR,2
MH,AT,27
MH,AU,255
MH,BE,7
MH,BG,20
MH,BO,11
MH,BR,2
MH,BS,14
MH,BZ,6
MH,CA,257
MH,CH,42
MH,CL,59
MH,CM,1
MH,CN,111
MH,CO,76
MH,CY,7
MH,CZ,15
MH,DE,375
MH,DK,11
MH,DO,20
MH,EE,10
MH,EG,32
MH,ES,212
MH,FI,15
MH,FJ,55
MH,FM,584
MH,FR,24
MH,GA,1
MH,GB,28
MH,GH,1
MH,GN,44
MH,GR,15
MH,GT,14
MH,HN,27
MH,HT,3
MH,HU,38
MH,ID,9
MH,IE,14
MH,IL,89
MH,IS,8
MH,IT,66
MH,JM,6
MH,JO,3
MH,JP,364
MH,KI,61
MH,KR,237
MH,KZ,39
MH,LT,1
MH,LU,22
MH,LV,3
MH,LY,1
MH,MA,3
MH,MD,1
MH,ML,2
MH,MM,1
MH,MN,9
MH,MT,21
MH,MX,3
MH,MY,16
MH,NA,9
MH,NL,97
MH,NO,7
MH,NR,6
MH,NZ,320
MH,PA,12
MH,PE,7
MH,PG,17
MH,PH,162
MH,PL,124
MH,PT,13
MH,PW,13
MH,PY,1
MH,RO,43
MH,RS,6
MH,RU,39
MH,SA,1
MH,SB,161
MH,SE,47
MH,SI,2
MH,SK,9
MH,SN,4
MH,SV,1
MH,TH,4
MH,TJ,1
MH,TR,40
MH,TT,6
MH,UA,13
MH,US,2845
MH,UY,1
MH,VE,44
MH,VN,6
MH,ZA,3
MH,ZM,5
MK,AE,2
MK,AL,6664
MK,AR,3
MK,AT,11448
MK,AU,5255
MK,AZ,1
MK,BA,1334
MK,BE,1054
MK,BG,3539
MK,BO,4
MK,BY,2
MK,CA,2267
MK,CH,28195
MK,CL,13
MK,CN,2
MK,CO,7
MK,CR,6
MK,CY,14
MK,CZ,936
MK,DE,56148
MK,DK,1301
MK,DO,8
MK,EE,21
MK,EG,175
MK,ES,2
MK,FI,124
MK,FR,1181
MK,GB,15
MK,GR,2668
MK,HR,1895
MK,HU,385
MK,IE,1
MK,IL,7
MK,IQ,10
MK,IS,70
MK,IT,20453
MK,JO,2
MK,JP,4
MK,KG,1
MK,KR,1
MK,KW,1
MK,KZ,4
MK,LI,23
MK,LT,7
MK,LU,401
MK,LV,13
MK,LY,1
MK,ME,1270
MK,ML,12
MK,MN,1
MK,MT,68
MK,NL,61
MK,NO,987
MK,PL,108
MK,PT,107
MK,RO,17
MK,RS,9723
MK,RU,158
MK,SA,2
MK,SE,4833
MK,SI,7051
MK,SK,400
MK,TJ,1
MK,TM,1
MK,TR,7156
MK,UA,22
MK,US,29
MK,UZ,2
MK,VE,3
MK,ZA,5
ML,AD,127
ML,AE,237
ML,AF,34
ML,AG,2
ML,AL,119
ML,AO,880
ML,AR,8
ML,AT,2
ML,AU,17
ML,BE,23
ML,BF,11570
ML,BG,3
ML,BH,1
ML,BI,1
ML,BJ,1589
ML,BR,243
ML,BS,7
ML,BY,9
ML,CA,37
ML,CD,308
ML,CF,157
ML,CG,8260
ML,CH,3
ML,CI,113045
ML,CL,196
ML,CM,2586
ML,CN,600
ML,CO,1
ML,CV,2
ML,DE,23
ML,DK,13
ML,DO,1
ML,DZ,58
ML,EE,1
ML,EG,72
ML,ES,11784
ML,FI,13
ML,FR,40760
ML,GA,24100
ML,GB,8
ML,GD,39
ML,GH,2828
ML,GM,4509
ML,GN,17601
ML,GQ,598
ML,GR,106
ML,GW,53
ML,HR,96
ML,HU,15
ML,IE,1
ML,IL,166
ML,IN,3
ML,IR,3
ML,IS,3
ML,IT,13230
ML,JO,1
ML,JP,101
ML,KG,6
ML,KN,2
ML,KP,197
ML,KR,41
ML,KW,3
ML,KZ,289
ML,LR,263
ML,LU,118
ML,LY,162
ML,MA,95
ML,ME,1
ML,MK,3
ML,MR,35613
ML,MW,1
ML,MX,1
ML,MY,2
ML,NA,12
ML,NE,32174
ML,NG,59477
ML,NL,2
ML,NO,14
ML,NZ,1
ML,PK,1
ML,PS,4
ML,PT,47
ML,QA,1
ML,RS,7
ML,RU,382
ML,RW,52
ML,SA,109
ML,SD,174
ML,SE,1
ML,SG,78
ML,SI,3
ML,SL,338
ML,SN,27332
ML,SS,25
ML,TD,65
ML,TG,3237
ML,TH,53
ML,TM,16
ML,TN,191
ML,TR,22
ML,TT,3
ML,TZ,123
ML,UA,41
ML,UG,2
ML,US,198
ML,UY,55
ML,UZ,4
ML,WS,2
ML,ZA,190
ML,ZM,221
MM,AE,6
MM,AU,10331
MM,BD,176741
MM,BH,1
MM,BT,4
MM,CA,2405
MM,CN,177329
MM,CR,2
MM,CY,14
MM,DE,1
MM,DK,330
MM,ES,1
MM,FI,347
MM,FR,1
MM,GB,4
MM,GR,63
MM,HU,19
MM,ID,89
MM,IL,20
MM,IN,8638
MM,IS,3
MM,IT,96
MM,JP,22372
MM,KH,6
MM,KR,11558
MM,KW,2
MM,KZ,1
MM,LA,363
MM,LU,7
MM,MY,35921
MM,NO,693
MM,NP,1
MM,NZ,925
MM,OM,1
MM,PA,30
MM,PK,341
MM,QA,2
MM,SA,14732
MM,SG,2
MM,TH,338792
MM,US,54611
MM,ZA,112
MN,AT,2
MN,AU,558
MN,BG,11
MN,BY,20
MN,CA,15
MN,CH,2
MN,CN,965
MN,CR,2
MN,CZ,549
MN,DE,20
MN,DK,6
MN,EE,5
MN,ES,1
MN,FI,6
MN,FR,7
MN,GB,8
MN,GE,3
MN,GR,1
MN,HU,176
MN,IE,1
MN,IN,7
MN,IS,2
MN,IT,2
MN,JP,1386
MN,KP,50
MN,KR,3671
MN,KZ,7994
MN,LT,5
MN,LU,4
MN,LV,11
MN,NO,14
MN,PH,12
MN,PK,1
MN,PL,36
MN,RU,1500
MN,SE,454
MN,SK,7
MN,TJ,1
MN,TR,19
MN,UA,8
MN,US,81
MN,UZ,2
MN,VN,29
MR,AE,6
MR,AO,1
MR,AR,12
MR,AU,1
MR,BE,647
MR,BF,29
MR,BG,1
MR,BJ,72
MR,BR,273
MR,CA,9
MR,CD,12
MR,CG,459
MR,CI,349
MR,CL,4
MR,CM,52
MR,CN,19
MR,CV,1
MR,DE,4
MR,DK,5
MR,DZ,1046
MR,EG,27
MR,ES,207
MR,FI,18
MR,FR,112
MR,GA,58
MR,GH,33
MR,GM,1317
MR,GN,664
MR,GR,23
MR,GW,224
MR,HU,2
MR,IL,1
MR,IQ,82
MR,IS,1
MR,IT,253
MR,JO,7
MR,JP,16
MR,KR,9
MR,KW,2
MR,LB,11
MR,LR,2
MR,LU,56
MR,LY,61
MR,MA,476
MR,ML,23322
MR,MX,17
MR,NE,93
MR,NG,129
MR,NL,1
MR,NO,14
MR,PS,9
MR,PT,13
MR,RU,32
MR,SA,23
MR,SD,1
MR,SL,22
MR,SN,29184
MR,SY,34
MR,TD,5
MR,TG,61
MR,TN,97
MR,TR,11
MR,US,15
MR,ZA,7
MR,ZM,1
MT,AE,5
MT,AL,10
MT,AM,5
MT,AR,3
MT,AT,27
MT,AU,4991
MT,BA,20
MT,BD,1
MT,BE,33
MT,BG,169
MT,BO,1
MT,BR,15
MT,BY,3
MT,CA,1088
MT,CH,25
MT,CN,60
MT,CY,14
MT,CZ,17
MT,DE,208
MT,DJ,1
MT,DK,41
MT,DO,3
MT,DZ,9
MT,EE,2
MT,EG,59
MT,ER,87
MT,ES,46
MT,ET,68
MT,FI,21
MT,FR,89
MT,GB,1599
MT,GE,7
MT,GH,12
MT,GR,30
MT,HR,13
MT,HU,49
MT,ID,3
MT,IE,49
MT,IL,7
MT,IN,31
MT,IQ,18
MT,IR,4
MT,IS,1
MT,IT,497
MT,JO,18
MT,JP,11
MT,KE,10
MT,KW,7
MT,KZ,1
MT,LB,13
MT,LK,2
MT,LT,10
MT,LU,29
MT,LV,18
MT,LY,198
MT,MA,38
MT,MD,5
MT,MK,4
MT,MX,1
MT,MY,6
MT,NE,6
MT,NG,63
MT,NL,78
MT,NO,27
MT,NZ,18
MT,PE,5
MT,PG,1
MT,PH,68
MT,PK,14
MT,PL,47
MT,PS,4
MT,PT,16
MT,QA,1
MT,RO,110
MT,RS,90
MT,RU,219
MT,SA,8
MT,SD,24
MT,SE,89
MT,SG,5
MT,SI,6
MT,SK,24
MT,SO,198
MT,SY,153
MT,TH,21
MT,TN,52
MT,TR,79
MT,TT,2
MT,UA,61
MT,UG,1
MT,US,271
MT,UZ,6
MT,VE,1
MT,YE,3
MT,ZA,52
MT,ZW,5
MU,AD,1
MU,AE,7
MU,AO,3
MU,AR,1
MU,AT,12
MU,AU,9297
MU,BD,597
MU,BE,1644
MU,BG,10
MU,BH,1
MU,BO,1
MU,BR,1
MU,BW,21
MU,CA,8906
MU,CG,1
MU,CH,58
MU,CL,8
MU,CM,1
MU,CN,438
MU,CO,3
MU,CY,6
MU,CZ,3
MU,DE,123
MU,DK,70
MU,DO,2
MU,EE,13
MU,EG,8
MU,ES,75
MU,FI,28
MU,FR,20074
MU,GA,5
MU,GB,78
MU,GN,6
MU,GQ,6
MU,GR,21
MU,HU,64
MU,ID,7
MU,IE,16
MU,IL,11
MU,IN,876
MU,IS,4
MU,IT,3031
MU,JP,78
MU,KM,45
MU,KR,44
MU,KW,3
MU,KZ,21
MU,LI,2
MU,LK,128
MU,LS,1
MU,LT,2
MU,LU,474
MU,LV,5
MU,MA,9
MU,MC,2
MU,MD,1
MU,MG,339
MU,ML,2
MU,MM,1
MU,MN,2
MU,MT,4
MU,MX,2
MU,MY,10
MU,MZ,2
MU,NA,119
MU,NL,26
MU,NO,86
MU,NZ,23
MU,OM,3
MU,PA,1
MU,PE,1
MU,PK,13
MU,PL,23
MU,PT,33
MU,QA,3
MU,RO,14
MU,RS,4
MU,RU,53
MU,SA,11
MU,SC,252
MU,SE,7
MU,SG,1
MU,SI,1
MU,SK,23
MU,SN,8
MU,TH,4
MU,TR,26
MU,TZ,82
MU,UA,1
MU,US,214
MU,UZ,1
MU,VE,6
MU,VN,4
MU,ZA,321
MU,ZM,1
MV,AE,25
MV,AT,8
MV,AU,100
MV,BD,2509
MV,BE,2
MV,BG,2
MV,BH,3
MV,CA,23
MV,CH,20
MV,CL,1
MV,CO,1
MV,CY,1
MV,DE,72
MV,DK,3
MV,EE,1
MV,EG,6
MV,ES,7
MV,FI,2
MV,FR,19
MV,GB,28
MV,GR,1
MV,HU,4
MV,IE,1
MV,IL,1
MV,IN,1354
MV,IT,30
MV,JO,1
MV,JP,37
MV,KR,4
MV,KW,10
MV,LB,2
MV,LI,1
MV,LK,901
MV,LU,2
MV,MT,2
MV,MX,1
MV,MY,20
MV,NA,1
MV,NL,1
MV,NO,1
MV,NZ,4
MV,OM,12
MV,PG,1
MV,PH,101
MV,PK,20
MV,PL,6
MV,PT,4
MV,QA,11
MV,RO,2
MV,RS,2
MV,RU,4
MV,SA,45
MV,SC,5
MV,SE,6
MV,SG,9
MV,SK,1
MV,TH,40
MV,TR,6
MV,US,35
MV,UZ,1
MV,VE,1
MV,VN,1
MV,ZA,1
MW,AO,66
MW,AT,5
MW,AU,366
MW,BE,9
MW,BG,4
MW,BI,735
MW,BJ,7
MW,BO,1
MW,BR,1
MW,BW,139
MW,CA,48
MW,CD,1661
MW,CG,158
MW,CH,1
MW,CL,5
MW,CM,2
MW,CN,165
MW,CY,10
MW,DK,25
MW,EE,1
MW,EG,3
MW,ER,85
MW,ES,6
MW,FI,68
MW,FR,86
MW,GA,31
MW,GB,232
MW,GN,4
MW,GR,7
MW,HU,7
MW,IE,23
MW,IL,14
MW,IN,179
MW,IS,1
MW,IT,9
MW,JP,3
MW,KE,3
MW,LS,23
MW,LU,15
MW,MA,2
MW,ML,22
MW,MT,3
MW,MX,1
MW,MZ,12026
MW,NA,609
MW,NL,34
MW,NO,17
MW,NZ,83
MW,PG,1
MW,PL,9
MW,PT,143
MW,RO,2
MW,RW,640
MW,SE,1
MW,SI,1
MW,SK,2
MW,SO,8
MW,SS,2
MW,SZ,1
MW,TH,2
MW,TJ,1
MW,TR,1
MW,TZ,4394
MW,UG,17
MW,US,194
MW,ZA,41055
MW,ZM,17679
MW,ZW,14671
MX,AD,11
MX,AE,5
MX,AF,2
MX,AG,2
MX,AL,1
MX,AO,9
MX,AR,3823
MX,AT,404
MX,AU,2725
MX,BD,16
MX,BE,1644
MX,BG,376
MX,BH,1
MX,BO,4599
MX,BR,1393
MX,BS,212
MX,BY,7
MX,BZ,1781
MX,CA,19661
MX,CD,24
MX,CG,8
MX,CH,641
MX,CL,7118
MX,CM,18
MX,CN,1336
MX,CO,8010
MX,CR,1102
MX,CU,2243
MX,CV,3
MX,CY,85
MX,CZ,268
MX,DE,5781
MX,DK,799
MX,DO,1059
MX,DZ,22
MX,EC,1095
MX,EE,249
MX,EG,411
MX,ES,32135
MX,FI,641
MX,FR,1272
MX,GA,17
MX,GB,662
MX,GE,4
MX,GH,22
MX,GN,9
MX,GQ,6
MX,GR,303
MX,GT,12605
MX,GY,7
MX,HN,4379
MX,HR,7
MX,HT,492
MX,HU,976
MX,ID,18
MX,IE,157
MX,IL,2219
MX,IN,149
MX,IR,31
MX,IS,180
MX,IT,4721
MX,JM,96
MX,JO,2
MX,JP,4297
MX,KG,2
MX,KR,2576
MX,KW,2
MX,KZ,35
MX,LB,74
MX,LC,2
MX,LI,18
MX,LS,4
MX,LT,40
MX,LU,683
MX,LV,60
MX,LY,5
MX,MA,75
MX,MD,15
MX,ML,24
MX,MN,75
MX,MR,1
MX,MT,241
MX,MY,1
MX,NA,103
MX,NG,45
MX,NI,750
MX,NL,1223
MX,NO,564
MX,NZ,163
MX,PA,1965
MX,PE,2677
MX,PG,170
MX,PH,70
MX,PK,13
MX,PL,1886
MX,PS,4
MX,PT,348
MX,PY,528
MX,QA,2
MX,RO,754
MX,RS,85
MX,RU,1530
MX,SA,13
MX,SB,19
MX,SE,543
MX,SG,8
MX,SI,61
MX,SK,214
MX,SN,51
MX,SV,1874
MX,SY,24
MX,TG,3
MX,TH,20
MX,TJ,17
MX,TL,1
MX,TM,7
MX,TR,566
MX,TT,77
MX,TZ,1
MX,UA,226
MX,UG,1
MX,US,2519678
MX,UY,503
MX,UZ,9
MX,VE,6350
MX,ZA,135
MX,ZM,58
MY,AE,516
MY,AF,42
MY,AR,10
MY,AT,58
MY,AU,23243
MY,BD,40021
MY,BE,89
MY,BG,12
MY,BH,54
MY,BN,7357
MY,BO,12
MY,BR,11
MY,BS,1
MY,BT,2
MY,BZ,1
MY,CA,3992
MY,CH,180
MY,CL,57
MY,CN,10032
MY,CO,9
MY,CR,1
MY,CY,33
MY,CZ,20
MY,DE,175
MY,DJ,1
MY,DK,216
MY,DO,5
MY,DZ,115
MY,EE,11
MY,EG,358
MY,ES,123
MY,ET,3
MY,FI,191
MY,FR,92
MY,GA,1
MY,GB,8997
MY,GH,1
MY,GN,1
MY,GR,37
MY,GT,3
MY,HN,2
MY,HR,1
MY,HT,1
MY,HU,91
MY,ID,199276
MY,IE,28
MY,IL,11
MY,IN,16479
MY,IQ,166
MY,IR,64
MY,IS,21
MY,IT,490
MY,JO,41
MY,JP,9313
MY,KE,4
MY,KG,1
MY,KH,25
MY,KP,25
MY,KR,4580
MY,KW,232
MY,KZ,133
MY,LA,3
MY,LB,19
MY,LC,1
MY,LK,734
MY,LT,4
MY,LU,49
MY,LV,5
MY,LY,1042
MY,MG,1
MY,ML,9
MY,MM,37617
MY,MN,28
MY,MT,43
MY,MU,9
MY,MV,26
MY,MX,38
MY,NA,8
MY,NL,219
MY,NO,296
MY,NP,43168
MY,NZ,2920
MY,OM,130
MY,PA,13
MY,PE,13
MY,PG,114
MY,PH,28145
MY,PK,4796
MY,PL,28
MY,PS,37
MY,PT,66
MY,PW,1
MY,PY,1
MY,QA,716
MY,RO,8
MY,RS,2
MY,RU,17
MY,SA,1212
MY,SB,84
MY,SC,2
MY,SD,13
MY,SE,303
MY,SG,168492
MY,SI,6
MY,SK,10
MY,SO,150
MY,SR,2
MY,SY,153
MY,TH,15350
MY,TJ,1
MY,TL,15
MY,TR,209
MY,TT,1
MY,UA,4
MY,UG,1
MY,US,4644
MY,VE,18
MY,VN,228
MY,YE,63
MY,ZA,83
MY,ZM,3
MZ,AD,17
MZ,AE,1
MZ,AO,36746
MZ,AR,2
MZ,AT,21
MZ,AU,842
MZ,BE,80
MZ,BF,2
MZ,BG,37
MZ,BI,738
MZ,BJ,66
MZ,BO,4
MZ,BR,530
MZ,BS,1
MZ,BW,99
MZ,CA,339
MZ,CD,2059
MZ,CG,12
MZ,CH,57
MZ,CI,21
MZ,CL,202
MZ,CM,91
MZ,CN,79
MZ,CO,11
MZ,CR,1
MZ,CV,768
MZ,CY,29
MZ,DK,147
MZ,EE,7
MZ,EG,4
MZ,ER,220
MZ,ES,17
MZ,FI,73
MZ,FR,337
MZ,GA,42
MZ,GB,655
MZ,GH,54
MZ,GN,14
MZ,GQ,2
MZ,GR,127
MZ,GW,1
MZ,HU,39
MZ,IE,100
MZ,IL,63
MZ,IN,228
MZ,IS,27
MZ,IT,719
MZ,JP,14
MZ,KE,2929
MZ,LS,1007
MZ,LT,2
MZ,LU,858
MZ,LV,1
MZ,MD,4
MZ,ML,8
MZ,MT,8
MZ,MU,2
MZ,MW,19428
MZ,MX,20
MZ,NA,970
MZ,NE,235
MZ,NG,784
MZ,NL,179
MZ,NO,101
MZ,NZ,342
MZ,PA,1
MZ,PE,3
MZ,PG,1
MZ,PK,88
MZ,PL,6
MZ,PT,46793
MZ,RO,17
MZ,RW,15
MZ,SA,1
MZ,SC,4668
MZ,SE,36
MZ,SI,2
MZ,SK,5
MZ,SL,5
MZ,SN,4
MZ,SS,2
MZ,ST,55
MZ,SZ,756
MZ,TD,15
MZ,TG,17
MZ,TL,1
MZ,TR,20
MZ,TZ,10364
MZ,UG,14
MZ,US,1349
MZ,UY,1
MZ,VE,258
MZ,ZA,172530
MZ,ZM,4825
MZ,ZW,24825
NA,AF,2
NA,AG,33
NA,AM,5
NA,AO,4600
NA,AR,5
NA,AT,55
NA,AU,204
NA,BD,2
NA,BE,19
NA,BF,6
NA,BG,4
NA,BH,3
NA,BI,30
NA,BJ,14
NA,BR,42
NA,BS,5
NA,BW,102
NA,CA,24
NA,CD,354
NA,CG,101
NA,CH,42
NA,CI,3
NA,CL,3
NA,CM,10
NA,CN,256
NA,CU,57
NA,CZ,7
NA,DE,811
NA,DK,19
NA,DZ,42
NA,EE,1
NA,EG,11
NA,ES,36
NA,ET,18
NA,FI,22
NA,FR,56
NA,GA,1
NA,GB,150
NA,GH,13
NA,GM,8
NA,GN,8
NA,GR,2
NA,HU,3
NA,ID,6
NA,IE,5
NA,IL,10
NA,IN,39
NA,IR,2
NA,IS,4
NA,IT,74
NA,JP,11
NA,KE,84
NA,KP,8
NA,KR,3
NA,LB,3
NA,LS,10
NA,LU,5
NA,LY,3
NA,ML,1
NA,MU,7
NA,MW,34
NA,MX,1
NA,MZ,22
NA,NG,91
NA,NL,46
NA,NO,14
NA,NZ,7
NA,PH,17
NA,PK,7
NA,PL,16
NA,PT,56
NA,RO,3
NA,RU,54
NA,RW,29
NA,SA,1
NA,SC,4
NA,SD,13
NA,SE,10
NA,SL,15
NA,SN,3
NA,SO,7
NA,SS,1
NA,SZ,9
NA,TH,7
NA,TR,7
NA,TZ,163
NA,UA,26
NA,UG,33
NA,US,125
NA,UZ,1
NA,VE,1
NA,ZA,4087
NA,ZM,367
NA,ZW,903
NE,AE,1
NE,AT,1
NE,AU,1
NE,BE,729
NE,BF,6172
NE,BJ,31899
NE,BR,1
NE,CA,6
NE,CG,26
NE,CI,25320
NE,CM,3079
NE,CN,1
NE,CY,1
NE,DK,2
NE,DZ,56
NE,EG,247
NE,ES,27
NE,FI,5
NE,FR,79
NE,GA,58
NE,GB,19
NE,GH,2709
NE,GM,9
NE,GN,83
NE,GR,5
NE,HU,4
NE,IE,1
NE,IT,562
NE,JP,1
NE,LR,23
NE,LU,37
NE,LY,64
NE,ML,14716
NE,MR,122
NE,MT,65
NE,NG,53542
NE,NO,15
NE,SA,1
NE,SD,51
NE,SK,1
NE,SL,11
NE,SN,1336
NE,SS,1
NE,TD,491
NE,TG,23295
NE,TJ,11
NE,TN,1
NE,TR,1
NE,US,32
NE,ZA,528
NG,AE,1194
NG,AG,5
NG,AO,1
NG,AT,1546
NG,AU,4380
NG,BE,1580
NG,BF,1125
NG,BG,146
NG,BH,124
NG,BJ,64678
NG,BO,2
NG,BR,1176
NG,BS,33
NG,BW,100
NG,BZ,9
NG,CA,28547
NG,CF,3
NG,CG,101
NG,CI,11865
NG,CM,39157
NG,CN,1515
NG,CV,105
NG,CY,67
NG,DK,275
NG,DM,6
NG,DO,4
NG,EC,22
NG,EE,560
NG,EG,162
NG,ES,5997
NG,FI,979
NG,FR,228
NG,GA,7286
NG,GB,34496
NG,GH,45879
NG,GM,12
NG,GN,117
NG,GQ,376
NG,GR,434
NG,HR,3
NG,HU,618
NG,IE,2299
NG,IL,914
NG,IN,71
NG,IS,82
NG,IT,40542
NG,JP,1113
NG,KW,430
NG,LC,8
NG,LI,1
NG,LR,2446
NG,LT,1
NG,LU,289
NG,LV,14
NG,LY,355
NG,ML,17786
NG,MR,122
NG,MT,495
NG,MX,198
NG,MZ,567
NG,NA,644
NG,NE,72952
NG,NI,3
NG,NL,14
NG,NO,267
NG,PA,5
NG,PL,255
NG,PT,64
NG,QA,389
NG,SC,17
NG,SD,2238
NG,SE,2404
NG,SI,21
NG,SK,52
NG,SL,1082
NG,SN,433
NG,SS,416
NG,TD,6839
NG,TG,24661
NG,TN,71
NG,TR,4457
NG,TT,97
NG,US,157120
NG,VE,37
NG,ZA,3660
NG,ZM,254
NI,AF,4
NI,AG,12
NI,AO,1
NI,AR,113
NI,AT,6
NI,AU,102
NI,BE,7
NI,BG,28
NI,BO,49
NI,BR,56
NI,BS,12
NI,BY,1
NI,BZ,6
NI,CA,2249
NI,CD,7
NI,CH,11
NI,CL,228
NI,CN,17
NI,CO,363
NI,CR,47467
NI,CU,121
NI,CY,2
NI,DE,54
NI,DK,58
NI,DO,94
NI,DZ,14
NI,EC,164
NI,EE,3
NI,EG,2
NI,ES,50539
NI,ET,10
NI,FI,39
NI,FR,20
NI,GB,10
NI,GN,1
NI,GR,35
NI,GT,2962
NI,HN,5720
NI,HT,3
NI,HU,15
NI,IE,3
NI,IL,1
NI,IN,2
NI,IS,1
NI,IT,485
NI,JM,33
NI,JO,3
NI,JP,8
NI,KR,10
NI,LT,1
NI,LU,19
NI,MX,5910
NI,NA,1
NI,NG,3
NI,NL,34
NI,NO,54
NI,PA,3448
NI,PE,153
NI,PL,1
NI,RO,1
NI,RU,123
NI,SE,5
NI,SI,3
NI,SK,4
NI,SN,83
NI,SO,4
NI,SV,1745
NI,TM,1
NI,TR,3
NI,TT,2
NI,UA,22
NI,US,59777
NI,UY,5
NI,UZ,2
NI,VE,1016
NI,YE,2
NI,ZM,1
NL,AD,51
NL,AE,293
NL,AF,2387
NL,AG,3
NL,AL,7
NL,AM,5
NL,AO,2
NL,AR,145
NL,AT,2474
NL,AU,8650
NL,AZ,38
NL,BA,71
NL,BB,2
NL,BD,9
NL,BE,27074
NL,BF,2
NL,BG,3178
NL,BH,30
NL,BJ,1
NL,BN,37
NL,BO,95
NL,BR,2206
NL,BS,11
NL,BT,2
NL,BW,52
NL,BY,4
NL,CA,10091
NL,CF,5
NL,CG,1
NL,CH,3992
NL,CI,6
NL,CL,494
NL,CM,29
NL,CN,7661
NL,CO,2207
NL,CR,88
NL,CV,6
NL,CY,114
NL,CZ,337
NL,DE,20459
NL,DJ,20
NL,DK,1320
NL,DM,2
NL,DO,123
NL,DZ,5
NL,EC,51
NL,EE,162
NL,EG,2719
NL,ER,524
NL,ES,13800
NL,ET,1452
NL,FI,363
NL,FR,10674
NL,GA,3
NL,GB,5900
NL,GE,4
NL,GH,1806
NL,GN,6
NL,GQ,1
NL,GR,2488
NL,GT,30
NL,GY,79
NL,HN,28
NL,HR,110
NL,HT,2
NL,HU,3108
NL,ID,12499
NL,IE,79
NL,IL,1270
NL,IN,2116
NL,IQ,5466
NL,IR,3044
NL,IS,116
NL,IT,5677
NL,JM,1
NL,JO,210
NL,JP,1253
NL,KE,80
NL,KG,15
NL,KH,5
NL,KR,119
NL,KW,118
NL,KZ,16
NL,LB,97
NL,LC,2
NL,LI,12
NL,LK,1
NL,LR,6
NL,LT,111
NL,LU,589
NL,LV,57
NL,LY,267
NL,MA,20078
NL,MC,1
NL,MD,2
NL,ME,19
NL,MG,1
NL,MK,7
NL,ML,2
NL,MN,2
NL,MT,407
NL,MX,194
NL,MY,95
NL,MZ,1
NL,NA,290
NL,NG,16
NL,NI,40
NL,NO,1343
NL,NP,1
NL,NZ,2218
NL,OM,3
NL,PA,96
NL,PE,83
NL,PG,2
NL,PH,1270
NL,PK,744
NL,PL,17277
NL,PS,1
NL,PT,2732
NL,PY,2
NL,QA,57
NL,RO,2256
NL,RS,254
NL,RU,865
NL,SA,95
NL,SD,39
NL,SE,2714
NL,SG,12
NL,SI,73
NL,SK,242
NL,SN,14
NL,SO,2791
NL,SR,16166
NL,SS,1
NL,SV,5
NL,SY,2858
NL,TG,4
NL,TH,1678
NL,TJ,19
NL,TM,10
NL,TN,5
NL,TR,32790
NL,TT,1
NL,TZ,1
NL,UA,240
NL,UG,12
NL,US,4546
NL,UY,4
NL,UZ,57
NL,VE,719
NL,VN,2950
NL,YE,47
NL,ZA,2123
NL,ZM,2
NL,ZW,2
NO,AD,3
NO,AE,74
NO,AF,973
NO,AG,1
NO,AL,95
NO,AM,99
NO,AO,345
NO,AR,237
NO,AT,784
NO,AU,1000
NO,AZ,82
NO,BA,1148
NO,BB,3
NO,BD,1187
NO,BE,331
NO,BF,5
NO,BG,899
NO,BH,7
NO,BI,110
NO,BJ,9
NO,BN,4
NO,BO,105
NO,BR,720
NO,BS,6
NO,BT,31
NO,BW,43
NO,BY,533
NO,BZ,2
NO,CA,1155
NO,CD,298
NO,CF,2
NO,CG,29
NO,CH,614
NO,CI,47
NO,CL,1358
NO,CM,82
NO,CN,1535
NO,CO,1023
NO,CR,47
NO,CU,117
NO,CV,41
NO,CY,92
NO,CZ,571
NO,DE,7889
NO,DJ,27
NO,DK,6115
NO,DM,1
NO,DO,108
NO,DZ,159
NO,EC,136
NO,EE,2938
NO,EG,472
NO,ER,1432
NO,ES,1708
NO,ET,1132
NO,FI,1650
NO,FJ,4
NO,FR,952
NO,GA,5
NO,GB,2768
NO,GD,2
NO,GE,42
NO,GH,252
NO,GM,162
NO,GN,37
NO,GQ,11
NO,GR,535
NO,GT,58
NO,GW,9
NO,GY,9
NO,HN,22
NO,HR,501
NO,HT,7
NO,HU,1014
NO,ID,158
NO,IE,234
NO,IL,209
NO,IN,1025
NO,IQ,3023
NO,IR,1672
NO,IS,1389
NO,IT,1061
NO,JM,16
NO,JO,255
NO,JP,1706
NO,KE,287
NO,KG,177
NO,KH,42
NO,KM,1
NO,KP,5
NO,KR,1384
NO,KW,44
NO,KZ,248
NO,LA,11
NO,LB,222
NO,LC,2
NO,LI,5
NO,LK,923
NO,LR,99
NO,LS,2
NO,LT,4563
NO,LU,158
NO,LV,1638
NO,LY,158
NO,MA,677
NO,MC,1
NO,MD,85
NO,ME,54
NO,MG,61
NO,MK,239
NO,ML,12
NO,MM,358
NO,MN,96
NO,MR,8
NO,MT,135
NO,MU,19
NO,MV,2
NO,MW,15
NO,MX,216
NO,MY,106
NO,MZ,21
NO,NA,118
NO,NE,7
NO,NG,251
NO,NI,22
NO,NL,1328
NO,NP,119
NO,NZ,104
NO,OM,8
NO,PA,33
NO,PE,325
NO,PG,14
NO,PH,2097
NO,PK,1121
NO,PL,12980
NO,PS,199
NO,PT,428
NO,PY,19
NO,QA,25
NO,RO,1474
NO,RS,663
NO,RU,11632
NO,RW,70
NO,SA,127
NO,SB,22
NO,SC,1
NO,SD,415
NO,SE,11887
NO,SG,80
NO,SI,111
NO,SK,712
NO,SL,71
NO,SM,1
NO,SN,147
NO,SO,2851
NO,SR,4
NO,SS,14
NO,ST,1
NO,SV,21
NO,SY,1570
NO,SZ,1
NO,TD,6
NO,TG,16
NO,TH,2200
NO,TJ,24
NO,TL,10
NO,TM,144
NO,TN,118
NO,TR,4101
NO,TT,42
NO,TZ,237
NO,UA,1436
NO,UG,125
NO,US,2982
NO,UY,31
NO,UZ,167
NO,VC,1
NO,VE,680
NO,VN,4176
NO,YE,77
NO,ZA,240
NO,ZM,119
NO,ZW,27
NP,AE,4324
NP,AR,33
NP,AT,85
NP,AU,130622
NP,BB,1
NP,BD,3829
NP,BE,3765
NP,BG,32
NP,BH,393
NP,BN,2973
NP,BO,7
NP,BR,491
NP,BS,2
NP,BT,3965
NP,BZ,6
NP,CA,20567
NP,CG,1
NP,CH,130
NP,CL,279
NP,CN,4246
NP,CO,5
NP,CR,7
NP,CY,60
NP,CZ,28
NP,DE,1060
NP,DK,4016
NP,DO,8
NP,EC,2
NP,EE,214
NP,EG,37
NP,ES,563
NP,FI,3516
NP,FJ,2
NP,FR,304
NP,GA,1
NP,GB,2542
NP,GE,15
NP,GH,4
NP,GN,18
NP,GR,97
NP,GT,1
NP,GY,1
NP,HN,2
NP,HT,1
NP,HU,193
NP,ID,195
NP,IE,193
NP,IL,79
NP,IN,154733
NP,IQ,1
NP,IS,120
NP,IT,3048
NP,JM,4
NP,JP,108785
NP,KG,1
NP,KH,22
NP,KP,1
NP,KR,39479
NP,KW,6270
NP,KZ,577
NP,LC,1
NP,LK,217
NP,LS,2
NP,LT,19
NP,LU,482
NP,LV,69
NP,LY,13
NP,MG,8
NP,ML,5
NP,MM,87
NP,MN,48
NP,MT,7
NP,MU,14
NP,MV,32
NP,MW,4
NP,MX,23
NP,MY,283750
NP,MZ,4
NP,NA,17
NP,NL,309
NP,NO,2091
NP,NZ,5057
NP,OM,1569
NP,PA,41
NP,PE,6
NP,PG,3
NP,PH,52
NP,PK,161
NP,PL,4
NP,PT,8268
NP,PY,1
NP,QA,100326
NP,RO,4
NP,RS,7
NP,RU,86
NP,SA,33163
NP,SB,5
NP,SC,141
NP,SD,5
NP,SE,239
NP,SG,626
NP,SI,30
NP,SK,15
NP,SL,4
NP,SR,7
NP,SS,3
NP,TG,1
NP,TH,146
NP,TJ,3
NP,TL,2
NP,TR,67
NP,TT,5
NP,TZ,23
NP,UA,36
NP,US,179211
NP,VE,35
NP,VN,102
NP,ZA,360
NP,ZM,27
NR,AT,1
NR,AU,390
NR,BE,1
NR,CA,10
NR,CH,1
NR,CN,32
NR,DE,14
NR,DK,3
NR,ES,1
NR,FI,1
NR,FJ,11
NR,GB,4
NR,GN,11
NR,GR,1
NR,HU,1
NR,ID,1
NR,IL,2
NR,IQ,1
NR,IR,49
NR,IT,3
NR,JP,8
NR,KI,257
NR,KR,4
NR,KZ,2
NR,LK,5
NR,MT,1
NR,NL,2
NR,NO,1
NR,NZ,5
NR,PG,2
NR,PH,8
NR,SB,301
NR,SE,4
NR,TR,9
NR,TV,2
NR,US,27
NR,WS,1
NZ,AD,2
NZ,AE,160
NZ,AF,234
NZ,AG,2
NZ,AM,1
NZ,AO,1
NZ,AR,386
NZ,AT,188
NZ,AU,72728
NZ,AZ,2
NZ,BB,1
NZ,BD,156
NZ,BE,425
NZ,BG,93
NZ,BH,6
NZ,BN,28
NZ,BO,19
NZ,BR,669
NZ,BS,5
NZ,BT,3
NZ,BW,5
NZ,BY,20
NZ,CA,3284
NZ,CH,531
NZ,CL,477
NZ,CM,1
NZ,CN,14604
NZ,CO,294
NZ,CR,4
NZ,CY,42
NZ,CZ,265
NZ,DE,3079
NZ,DK,158
NZ,DO,8
NZ,DZ,1
NZ,EC,2
NZ,EE,26
NZ,EG,210
NZ,ES,505
NZ,FI,59
NZ,FJ,5233
NZ,FM,1
NZ,FR,937
NZ,GA,1
NZ,GB,35249
NZ,GE,1
NZ,GH,3
NZ,GN,25
NZ,GR,152
NZ,GT,8
NZ,HN,3
NZ,HR,15
NZ,HT,1
NZ,HU,195
NZ,ID,614
NZ,IE,1462
NZ,IL,64
NZ,IN,7968
NZ,IQ,786
NZ,IR,406
NZ,IS,22
NZ,IT,591
NZ,JM,3
NZ,JO,5
NZ,JP,3233
NZ,KG,12
NZ,KH,731
NZ,KI,150
NZ,KP,1
NZ,KR,6636
NZ,KW,24
NZ,KZ,20
NZ,LA,1
NZ,LB,1
NZ,LI,10
NZ,LK,1220
NZ,LS,1
NZ,LT,19
NZ,LU,61
NZ,LV,11
NZ,LY,8
NZ,MA,2
NZ,MD,1
NZ,ML,1
NZ,MM,298
NZ,MN,34
NZ,MT,69
NZ,MU,1
NZ,MV,3
NZ,MW,3
NZ,MX,45
NZ,MY,2052
NZ,MZ,9
NZ,NA,44
NZ,NI,1
NZ,NL,2547
NZ,NO,110
NZ,NP,196
NZ,NR,1
NZ,OM,7
NZ,PA,13
NZ,PE,6
NZ,PG,472
NZ,PH,5452
NZ,PK,260
NZ,PL,633
NZ,PS,1
NZ,PT,89
NZ,PY,3
NZ,QA,26
NZ,RO,50
NZ,RS,29
NZ,RU,3926
NZ,SA,53
NZ,SB,54
NZ,SE,152
NZ,SG,1016
NZ,SI,7
NZ,SK,40
NZ,SN,1
NZ,SR,18
NZ,SY,69
NZ,SZ,2
NZ,TH,1204
NZ,TJ,19
NZ,TL,9
NZ,TM,25
NZ,TO,1962
NZ,TR,1233
NZ,TT,2
NZ,TZ,1
NZ,UA,372
NZ,US,4462
NZ,UY,1
NZ,UZ,34
NZ,VE,28
NZ,VN,1924
NZ,VU,35
NZ,WS,4191
NZ,ZA,8010
NZ,ZM,4
NZ,ZW,788
OM,AD,3
OM,AE,2001
OM,AF,17
OM,AG,1
OM,AR,5
OM,AT,677
OM,AU,20585
OM,BB,7
OM,BD,61222
OM,BE,788
OM,BG,49
OM,BH,97
OM,BI,2
OM,BN,55
OM,BO,4
OM,BR,104
OM,BS,22
OM,BT,238
OM,BW,1
OM,BY,2
OM,BZ,13
OM,CA,26098
OM,CD,59
OM,CF,149
OM,CH,1249
OM,CL,630
OM,CN,162
OM,CO,12
OM,CR,4
OM,CY,482
OM,CZ,172
OM,DE,4126
OM,DK,583
OM,DO,2
OM,DZ,39
OM,EC,7
OM,EE,43
OM,EG,10683
OM,ER,2
OM,ES,1810
OM,ET,476
OM,FI,314
OM,FJ,13
OM,FR,2785
OM,GB,17812
OM,GE,1
OM,GH,22
OM,GN,1
OM,GR,730
OM,GT,1
OM,HN,1
OM,HR,5
OM,HU,237
OM,ID,324
OM,IE,1146
OM,IL,948
OM,IN,92210
OM,IQ,511
OM,IR,2
OM,IS,38
OM,IT,8221
OM,JM,23
OM,JO,16161
OM,JP,5243
OM,KE,10
OM,KH,1
OM,KM,2
OM,KP,12
OM,KR,622
OM,KW,3190
OM,KZ,32
OM,LB,231
OM,LC,3
OM,LI,1
OM,LK,4383
OM,LR,3
OM,LS,11
OM,LT,33
OM,LU,137
OM,LV,61
OM,LY,2078
OM,MA,33
OM,MG,33
OM,MK,24
OM,ML,27
OM,MM,420
OM,MN,7
OM,MR,4
OM,MT,78
OM,MU,92
OM,MV,276
OM,MW,22
OM,MX,71
OM,MY,2992
OM,MZ,25
OM,NA,147
OM,NE,33
OM,NI,1
OM,NL,1654
OM,NO,708
OM,NP,1853
OM,NR,3
OM,NZ,3562
OM,PA,110
OM,PE,9
OM,PG,76
OM,PH,8702
OM,PK,21215
OM,PL,75
OM,PS,10844
OM,PT,226
OM,QA,2646
OM,RS,13
OM,RU,372
OM,RW,3
OM,SA,1654
OM,SB,11
OM,SC,114
OM,SD,3410
OM,SE,1608
OM,SG,3703
OM,SI,11
OM,SK,18
OM,SL,21
OM,SS,3678
OM,SY,3
OM,TD,2026
OM,TH,973
OM,TJ,68
OM,TL,3
OM,TN,16
OM,TO,2
OM,TR,1425
OM,TT,23
OM,TZ,19695
OM,UA,189
OM,UG,229
OM,US,74039
OM,VE,15
OM,YE,2
OM,ZA,499
OM,ZM,506
PA,AE,3
PA,AG,1
PA,AR,1003
PA,AT,18
PA,AU,609
PA,BB,4
PA,BD,3
PA,BE,50
PA,BG,17
PA,BO,113
PA,BR,414
PA,BS,19
PA,BY,8
PA,BZ,13
PA,CA,285
PA,CH,56
PA,CL,5875
PA,CN,2407
PA,CO,10220
PA,CR,3920
PA,CU,357
PA,CY,7
PA,CZ,7
PA,DE,170
PA,DK,59
PA,DM,5
PA,DO,1281
PA,EC,557
PA,EE,13
PA,EG,12
PA,ES,6928
PA,FI,21
PA,FR,143
PA,GB,250
PA,GD,3
PA,GE,7
PA,GN,1
PA,GR,91
PA,GT,332
PA,GY,5
PA,HN,473
PA,HR,11
PA,HT,70
PA,HU,38
PA,ID,15
PA,IE,14
PA,IL,149
PA,IN,394
PA,IR,9
PA,IS,4
PA,IT,567
PA,JM,93
PA,JO,20
PA,JP,63
PA,KG,3
PA,KR,59
PA,KW,1
PA,KZ,2
PA,LB,47
PA,LC,1
PA,LI,1
PA,LT,8
PA,LU,53
PA,LV,1
PA,LY,6
PA,MA,10
PA,MM,12
PA,MT,1
PA,MX,1593
PA,MY,4
PA,NA,3
PA,NG,5
PA,NI,1645
PA,NL,72
PA,NO,50
PA,NZ,38
PA,PE,1023
PA,PH,170
PA,PK,5
PA,PL,27
PA,PS,12
PA,PT,45
PA,PY,15
PA,QA,1
PA,RO,25
PA,RS,4
PA,RU,625
PA,SA,7
PA,SE,35
PA,SG,6
PA,SI,2
PA,SK,11
PA,SV,465
PA,SY,31
PA,TH,20
PA,TM,5
PA,TR,41
PA,TT,33
PA,UA,134
PA,US,46566
PA,UY,91
PA,UZ,9
PA,VE,10226
PA,VN,18
PA,ZA,6
PE,AD,1
PE,AR,35413
PE,AT,52
PE,AU,1621
PE,BE,1158
PE,BG,32
PE,BO,5363
PE,BR,2861
PE,BS,88
PE,BY,3
PE,CA,5478
PE,CH,2945
PE,CL,98167
PE,CN,629
PE,CO,4562
PE,CR,612
PE,CU,230
PE,CY,10
PE,CZ,3
PE,DE,557
PE,DK,285
PE,DO,495
PE,EC,3435
PE,EE,36
PE,EG,38
PE,ES,99449
PE,FI,228
PE,FR,265
PE,GB,167
PE,GE,6
PE,GR,66
PE,GT,172
PE,GY,3
PE,HN,221
PE,HR,10
PE,HT,131
PE,HU,166
PE,IE,18
PE,IL,783
PE,IN,25
PE,IS,47
PE,IT,22221
PE,JO,6
PE,JP,12417
PE,KG,2
PE,KN,27
PE,KP,59
PE,KR,88
PE,KZ,2
PE,LB,1
PE,LI,3
PE,LT,11
PE,LU,436
PE,LV,7
PE,LY,1
PE,MD,1
PE,ML,1
PE,MT,51
PE,MX,2366
PE,NA,7
PE,NI,64
PE,NL,74
PE,NO,346
PE,NZ,3
PE,PA,1138
PE,PG,1
PE,PH,22
PE,PL,63
PE,PS,12
PE,PT,129
PE,PY,124
PE,RO,39
PE,RS,25
PE,RU,418
PE,SE,1889
PE,SI,21
PE,SK,38
PE,SV,71
PE,SY,2
PE,TH,1
PE,TJ,1
PE,TM,3
PE,TR,53
PE,TT,4
PE,UA,64
PE,US,95884
PE,UY,124
PE,UZ,7
PE,VE,24991
PE,VN,5
PE,ZA,25
PG,AE,1
PG,AU,2292
PG,CA,16
PG,CN,5
PG,DK,1
PG,FI,1
PG,FJ,3
PG,GB,84
PG,GN,1
PG,GR,1
PG,ID,612
PG,IE,3
PG,IN,6
PG,IT,1
PG,JP,17
PG,KR,4
PG,LK,3
PG,MY,8
PG,NO,1
PG,NZ,85
PG,PH,66
PG,RU,2
PG,SA,1
PG,SB,441
PG,SG,3
PG,TO,1
PG,TZ,2
PG,US,46
PG,VU,8
PG,WS,2
PH,AD,148
PH,AE,47165
PH,AR,19
PH,AT,4659
PH,AU,87891
PH,AZ,1
PH,BB,1
PH,BD,1
PH,BE,4054
PH,BG,218
PH,BH,4902
PH,BN,1937
PH,BO,78
PH,BR,385
PH,BS,455
PH,BT,2
PH,BY,2
PH,BZ,25
PH,CA,232483
PH,CH,5125
PH,CL,504
PH,CM,2
PH,CN,4729
PH,CO,309
PH,CR,42
PH,CV,1
PH,CY,2627
PH,CZ,1140
PH,DE,2582
PH,DK,3155
PH,DO,95
PH,DZ,2
PH,EC,1
PH,EE,123
PH,EG,1043
PH,ES,20119
PH,FI,2189
PH,FM,10
PH,FR,148
PH,GA,6
PH,GB,40882
PH,GE,2
PH,GH,17
PH,GN,2
PH,GR,2786
PH,GT,84
PH,GY,2
PH,HN,105
PH,HR,20
PH,HT,15
PH,HU,545
PH,ID,207
PH,IE,5808
PH,IL,362
PH,IN,1437
PH,IS,970
PH,IT,43501
PH,JM,26
PH,JO,5129
PH,JP,129189
PH,KG,5
PH,KH,20
PH,KP,537
PH,KR,16134
PH,KW,19300
PH,KZ,245
PH,LC,5
PH,LI,23
PH,LS,1
PH,LT,53
PH,LU,643
PH,LV,61
PH,LY,1004
PH,MA,11
PH,MD,4
PH,MG,1
PH,MH,8
PH,ML,12
PH,MM,7
PH,MN,193
PH,MR,1
PH,MT,883
PH,MV,191
PH,MX,350
PH,MY,42885
PH,NA,223
PH,NL,6259
PH,NO,7721
PH,NP,1
PH,NR,7
PH,NZ,30768
PH,OM,4432
PH,PA,623
PH,PE,96
PH,PG,2206
PH,PK,1
PH,PL,667
PH,PT,262
PH,PW,328
PH,PY,4
PH,QA,17524
PH,RO,228
PH,RS,43
PH,RU,254
PH,SA,68731
PH,SB,430
PH,SC,176
PH,SE,5890
PH,SG,2
PH,SI,85
PH,SK,85
PH,SN,15
PH,SR,3
PH,SV,8
PH,TG,1
PH,TH,5872
PH,TJ,6
PH,TL,150
PH,TM,3
PH,TR,271
PH,TT,146
PH,UA,54
PH,US,685058
PH,UY,3
PH,UZ,14
PH,VE,252
PH,VN,702
PH,ZA,203
PH,ZM,25
PK,AE,616252
PK,AF,287444
PK,AG,10
PK,AM,7
PK,AR,1
PK,AT,34660
PK,AU,261293
PK,AZ,829
PK,BB,56
PK,BD,726
PK,BE,39882
PK,BG,638
PK,BH,62145
PK,BN,1236
PK,BO,57
PK,BR,4012
PK,BS,97
PK,BT,1811
PK,BW,279
PK,BY,259
PK,BZ,100
PK,CA,486730
PK,CH,14033
PK,CL,1415
PK,CN,11492
PK,CO,440
PK,CR,22
PK,CY,2858
PK,CZ,922
PK,DE,218870
PK,DK,26741
PK,DM,3
PK,DO,136
PK,EC,427
PK,EE,778
PK,EG,662
PK,ER,9
PK,ES,164849
PK,FI,9699
PK,FJ,2055
PK,FR,74478
PK,GB,965119
PK,GE,165
PK,GH,271
PK,GN,32
PK,GR,40812
PK,GT,38
PK,HR,7
PK,HU,1485
PK,ID,4795
PK,IE,27438
PK,IL,4664
PK,IN,905969
PK,IQ,1430
PK,IR,511493
PK,IS,302
PK,IT,219179
PK,JM,172
PK,JP,40933
PK,KH,52
PK,KP,237
PK,KR,117
PK,KW,280313
PK,KZ,6759
PK,LB,2
PK,LC,25
PK,LI,16
PK,LK,2131
PK,LR,21
PK,LS,645
PK,LT,180
PK,LU,1551
PK,LV,859
PK,LY,3910
PK,MG,253
PK,ML,226
PK,MM,7764
PK,MN,76
PK,MT,994
PK,MU,841
PK,MV,1829
PK,MW,167
PK,MX,987
PK,MY,110040
PK,MZ,1696
PK,NA,570
PK,NI,25
PK,NL,45213
PK,NO,38764
PK,NP,957
PK,NZ,30045
PK,OM,113188
PK,PA,867
PK,PE,64
PK,PG,99
PK,PH,2370
PK,PL,198
PK,PT,4552
PK,QA,219973
PK,RO,2
PK,RS,102
PK,RU,4119
PK,SA,1069833
PK,SC,818
PK,SD,188
PK,SE,75551
PK,SG,28118
PK,SI,124
PK,SK,332
PK,SL,291
PK,SS,152
PK,SV,1
PK,SY,483
PK,TH,7577
PK,TJ,8737
PK,TL,497
PK,TM,160
PK,TO,16
PK,TR,197740
PK,TT,153
PK,TZ,1931
PK,UA,3835
PK,US,1099450
PK,VE,69
PK,VN,4
PK,ZA,36779
PK,ZM,1080
PL,AD,1
PL,AE,4
PL,AL,2
PL,AM,301
PL,AR,271
PL,AT,10927
PL,AU,5547
PL,AZ,105
PL,BA,207
PL,BD,3
PL,BE,9710
PL,BG,1568
PL,BO,38
PL,BR,57
PL,BS,3
PL,BY,25417
PL,CA,15678
PL,CF,1
PL,CG,1
PL,CH,7635
PL,CL,105
PL,CN,260
PL,CO,40
PL,CR,38
PL,CU,30
PL,CY,113
PL,CZ,3352
PL,DE,277175
PL,DK,5639
PL,DO,7
PL,DZ,78
PL,EC,1
PL,EE,1360
PL,EG,1178
PL,ES,6693
PL,FI,1063
PL,FR,12978
PL,GA,1
PL,GB,91566
PL,GE,124
PL,GH,8
PL,GR,2298
PL,HR,166
PL,HU,5080
PL,ID,2
PL,IE,13266
PL,IL,7702
PL,IN,102
PL,IQ,73
PL,IR,30
PL,IS,5353
PL,IT,12536
PL,JO,7
PL,JP,741
PL,KG,2768
PL,KR,187
PL,KW,1
PL,KZ,1355
PL,LB,34
PL,LI,12
PL,LT,5564
PL,LU,1376
PL,LV,806
PL,LY,111
PL,MA,52
PL,MC,1
PL,MD,101
PL,ME,13
PL,MG,1
PL,MK,38
PL,ML,1
PL,MN,243
PL,MT,241
PL,MX,142
PL,NA,72
PL,NG,90
PL,NL,29662
PL,NO,11406
PL,NZ,290
PL,PA,28
PL,PE,36
PL,PG,1
PL,PS,1
PL,PT,208
PL,PY,105
PL,QA,1
PL,RO,795
PL,RS,214
PL,RU,37162
PL,SA,3
PL,SE,13502
PL,SI,177
PL,SK,1398
PL,SM,5
PL,SN,1
PL,SY,82
PL,TH,14
PL,TJ,77
PL,TM,944
PL,TN,73
PL,TR,1060
PL,UA,60876
PL,US,50109
PL,UY,167
PL,UZ,5151
PL,VE,196
PL,VN,965
PL,ZA,268
PL,ZW,1
PS,AE,3978
PS,AM,1
PS,AR,38
PS,AT,31
PS,AU,316
PS,BD,26
PS,BE,1858
PS,BG,225
PS,BH,934
PS,BO,21
PS,BR,223
PS,BS,4
PS,BY,59
PS,BZ,2
PS,CA,1528
PS,CH,23
PS,CL,132
PS,CN,2
PS,CO,51
PS,CY,535
PS,CZ,5
PS,DE,576
PS,DK,27
PS,DO,13
PS,DZ,4752
PS,EC,2
PS,EE,37
PS,EG,10431
PS,ES,55
PS,FI,67
PS,FR,50
PS,GA,1
PS,GB,1
PS,GE,3
PS,GH,4
PS,GR,1780
PS,GT,22
PS,HN,65
PS,HR,4
PS,HT,1
PS,HU,328
PS,ID,25
PS,IE,3
PS,IL,8650
PS,IN,24
PS,IQ,2772
PS,IS,17
PS,IT,295
PS,JM,2
PS,JO,194644
PS,JP,46
PS,KR,48
PS,KW,2341
PS,KZ,43
PS,LB,28141
PS,LK,6
PS,LT,57
PS,LU,102
PS,LV,26
PS,LY,24846
PS,MA,2
PS,MD,89
PS,ML,83
PS,MN,2
PS,MR,31
PS,MT,50
PS,MX,5
PS,MY,123
PS,NA,31
PS,NL,85
PS,NO,462
PS,NZ,6
PS,OM,982
PS,PA,75
PS,PE,71
PS,PG,5
PS,PL,142
PS,PT,28
PS,QA,1414
PS,RO,338
PS,RS,2
PS,RU,602
PS,SA,8596
PS,SE,2187
PS,SI,9
PS,SK,47
PS,SN,2
PS,SV,7
PS,SY,149210
PS,TN,175
PS,TR,7381
PS,TT,2
PS,UA,1094
PS,US,4707
PS,VE,208
PS,YE,325
PS,ZA,3
PS,ZM,2
PT,AD,1324
PT,AE,6
PT,AL,5
PT,AM,17
PT,AO,80869
PT,AR,709
PT,AT,116
PT,AU,2110
PT,AZ,12
PT,BA,4
PT,BD,88
PT,BE,4648
PT,BF,1
PT,BG,741
PT,BH,1
PT,BI,1
PT,BJ,5
PT,BO,61
PT,BR,21234
PT,BS,2
PT,BW,34
PT,BY,596
PT,CA,15209
PT,CD,362
PT,CF,3
PT,CG,245
PT,CH,25342
PT,CI,22
PT,CL,707
PT,CM,12
PT,CN,1213
PT,CO,3136
PT,CR,47
PT,CU,186
PT,CV,5834
PT,CY,16
PT,CZ,67
PT,DE,3530
PT,DK,410
PT,DO,69
PT,DZ,27
PT,EC,694
PT,EE,179
PT,EG,89
PT,ER,1
PT,ES,13236
PT,ET,4
PT,FI,127
PT,FR,78409
PT,GA,147
PT,GB,18471
PT,GE,127
PT,GH,24
PT,GM,121
PT,GN,571
PT,GQ,184
PT,GR,95
PT,GT,7
PT,GW,3905
PT,GY,33
PT,HR,17
PT,HT,1
PT,HU,659
PT,ID,36
PT,IE,813
PT,IL,101
PT,IN,635
PT,IQ,5
PT,IR,19
PT,IS,128
PT,IT,1814
PT,JM,3
PT,JO,3
PT,JP,75
PT,KE,10
PT,KG,143
PT,KP,8
PT,KR,55
PT,KW,2
PT,KZ,257
PT,LB,6
PT,LI,71
PT,LK,6
PT,LR,5
PT,LT,172
PT,LU,9317
PT,LV,43
PT,LY,9
PT,MA,235
PT,MC,2
PT,MD,2136
PT,ME,8
PT,MG,5
PT,MK,24
PT,ML,21
PT,MN,1
PT,MR,8
PT,MT,31
PT,MW,65
PT,MX,194
PT,MY,7
PT,MZ,7441
PT,NA,1050
PT,NG,34
PT,NL,2832
PT,NO,434
PT,NP,38
PT,NZ,22
PT,OM,1
PT,PA,191
PT,PE,1617
PT,PH,46
PT,PK,104
PT,PL,159
PT,PY,12
PT,QA,2
PT,RO,2887
PT,RS,13
PT,RU,4367
PT,RW,1
PT,SA,5
PT,SE,150
PT,SG,4
PT,SI,25
PT,SK,50
PT,SL,64
PT,SN,1960
PT,SR,1
PT,ST,1937
PT,SV,10
PT,SY,3
PT,SZ,38
PT,TG,11
PT,TH,42
PT,TJ,7
PT,TL,283
PT,TM,139
PT,TN,17
PT,TR,269
PT,TT,33
PT,TZ,15
PT,UA,9366
PT,UG,4
PT,US,17790
PT,UY,118
PT,UZ,606
PT,VE,9855
PT,VN,13
PT,ZA,2293
PT,ZM,24
PT,ZW,132
PW,AE,1
PW,AT,2
PW,AU,23
PW,BE,1
PW,BG,1
PW,BO,1
PW,BS,1
PW,CA,50
PW,CH,3
PW,CL,2
PW,CN,68
PW,CO,3
PW,CY,1
PW,CZ,1
PW,DE,16
PW,DK,1
PW,DO,1
PW,EG,2
PW,ES,13
PW,FI,1
PW,FM,56
PW,FR,2
PW,GB,7
PW,GN,1
PW,GR,28
PW,GT,1
PW,HN,1
PW,HU,2
PW,ID,1
PW,IE,2
PW,IL,3
PW,IT,13
PW,JO,1
PW,JP,121
PW,KR,53
PW,KW,1
PW,KZ,6
PW,LU,1
PW,MN,1
PW,MT,1
PW,MX,1
PW,MY,5
PW,NL,5
PW,NO,2
PW,NZ,9
PW,PA,1
PW,PG,1
PW,PH,361
PW,PL,4
PW,PT,1
PW,QA,1
PW,RO,2
PW,RU,2
PW,SA,2
PW,SE,3
PW,TH,1
PW,TR,2
PW,UA,1
PW,US,264
PW,VE,2
PW,VN,6
PY,AR,119030
PY,AT,4
PY,AU,91
PY,BE,3
PY,BG,3
PY,BO,1707
PY,BR,13445
PY,CA,1043
PY,CH,7
PY,CL,3138
PY,CN,95
PY,CO,127
PY,CR,13
PY,CY,1
PY,DE,253
PY,DK,18
PY,DO,7
PY,EC,69
PY,EG,1
PY,ES,52104
PY,FI,9
PY,FR,81
PY,GB,24
PY,GR,18
PY,GT,17
PY,HN,17
PY,HU,10
PY,IE,2
PY,IL,10
PY,IS,1
PY,IT,777
PY,JP,1036
PY,KR,325
PY,LU,32
PY,MX,314
PY,NA,1
PY,NL,4
PY,NO,43
PY,NZ,2
PY,PA,32
PY,PE,688
PY,PL,108
PY,PT,23
PY,RO,1
PY,RU,3
PY,SE,2
PY,SI,1
PY,SK,3
PY,SV,2
PY,TR,4
PY,US,315
PY,UY,636
PY,VE,99
QA,AD,10
QA,AE,3229
QA,AF,217
QA,AG,1
QA,AL,1
QA,AM,4
QA,AO,13
QA,AR,10
QA,AT,944
QA,AU,14518
QA,AZ,7
QA,BB,4
QA,BD,17710
QA,BE,1123
QA,BF,5
QA,BG,233
QA,BH,243
QA,BJ,178
QA,BN,60
QA,BO,8
QA,BR,162
QA,BS,31
QA,BT,106
QA,BW,1
QA,BY,4
QA,BZ,8
QA,CA,23662
QA,CD,133
QA,CF,98
QA,CG,24
QA,CH,768
QA,CI,56
QA,CL,331
QA,CM,251
QA,CN,132
QA,CO,35
QA,CR,4
QA,CY,354
QA,CZ,178
QA,DE,4905
QA,DJ,68
QA,DK,607
QA,DO,10
QA,DZ,217
QA,EC,4
QA,EE,53
QA,EG,26801
QA,ER,312
QA,ES,2687
QA,ET,1065
QA,FI,391
QA,FJ,6
QA,FR,2665
QA,GA,99
QA,GB,9390
QA,GE,2
QA,GH,161
QA,GN,4
QA,GQ,21
QA,GR,1415
QA,GT,7
QA,HN,10
QA,HR,7
QA,HT,1
QA,HU,397
QA,ID,8003
QA,IE,768
QA,IL,1674
QA,IN,98016
QA,IQ,1067
QA,IR,189
QA,IS,74
QA,IT,7570
QA,JM,13
QA,JO,33112
QA,JP,9612
QA,KE,27
QA,KG,6
QA,KH,1
QA,KP,25
QA,KR,1766
QA,KW,2799
QA,KZ,67
QA,LB,1520
QA,LC,2
QA,LI,2
QA,LK,9722
QA,LR,2
QA,LS,4
QA,LT,31
QA,LU,184
QA,LV,40
QA,LY,1595
QA,MA,393
QA,MC,6
QA,MD,5
QA,MG,19
QA,MK,33
QA,ML,101
QA,MM,184
QA,MN,12
QA,MR,9
QA,MT,161
QA,MU,39
QA,MV,100
QA,MW,10
QA,MX,60
QA,MY,12052
QA,MZ,11
QA,NA,48
QA,NE,646
QA,NG,1031
QA,NI,1
QA,NL,2587
QA,NO,799
QA,NP,20226
QA,NZ,2963
QA,OM,188
QA,PA,85
QA,PE,11
QA,PG,1112
QA,PH,27060
QA,PK,13438
QA,PL,256
QA,PS,4218
QA,PT,224
QA,PW,1
QA,RO,66
QA,RS,20
QA,RU,364
QA,SA,1976
QA,SB,40
QA,SC,54
QA,SD,4294
QA,SE,1644
QA,SG,1880
QA,SI,19
QA,SK,41
QA,SL,17
QA,SN,41
QA,SO,1190
QA,SR,3
QA,SS,2406
QA,SV,1
QA,SY,3954
QA,TD,1254
QA,TG,45
QA,TH,1150
QA,TJ,16
QA,TL,85
QA,TN,227
QA,TO,1
QA,TR,5174
QA,TT,17
QA,TZ,61
QA,UA,292
QA,UG,715
QA,US,66572
QA,UY,1
QA,VE,98
QA,YE,6836
QA,ZA,547
QA,ZM,72
RO,AD,2
RO,AE,1
RO,AL,65
RO,AR,11
RO,AT,27680
RO,AU,1614
RO,AZ,23
RO,BA,39
RO,BE,21371
RO,BG,1274
RO,BO,12
RO,BR,6
RO,BS,12
RO,BY,28
RO,CA,8871
RO,CH,6274
RO,CL,38
RO,CN,234
RO,CO,24
RO,CR,11
RO,CU,7
RO,CY,691
RO,CZ,1300
RO,DE,195714
RO,DK,5299
RO,DO,6
RO,EC,2
RO,EE,58
RO,EG,20
RO,ES,62263
RO,FI,919
RO,FR,17302
RO,GB,150374
RO,GE,40
RO,GR,5375
RO,HR,48
RO,HU,37834
RO,IE,5859
RO,IL,11616
RO,IQ,127
RO,IR,92
RO,IS,722
RO,IT,96994
RO,JO,16
RO,JP,271
RO,KG,160
RO,KR,11
RO,KZ,17
RO,LB,8
RO,LI,5
RO,LT,110
RO,LU,1973
RO,LV,21
RO,LY,62
RO,MA,1
RO,MC,1
RO,MD,4695
RO,ME,10
RO,MK,4
RO,MN,1
RO,MT,604
RO,MX,60
RO,NA,11
RO,NL,10153
RO,NO,1726
RO,NZ,4
RO,PA,22
RO,PE,28
RO,PL,231
RO,PS,2
RO,PT,3252
RO,RS,269
RO,RU,3128
RO,SA,3
RO,SE,5168
RO,SI,47
RO,SK,1744
RO,SM,22
RO,SY,234
RO,TH,2
RO,TJ,2
RO,TM,13
RO,TR,1619
RO,UA,1534
RO,US,20083
RO,UY,74
RO,UZ,8
RO,VE,203
RO,ZA,43
RS,AL,49
RS,AR,33
RS,AT,32136
RS,AU,4215
RS,BA,27227
RS,BE,71
RS,BG,1779
RS,BO,5
RS,BR,17
RS,BY,50
RS,CA,4341
RS,CH,12141
RS,CL,9
RS,CN,416
RS,CO,1
RS,CY,599
RS,CZ,2455
RS,DE,88747
RS,DK,782
RS,DO,16
RS,EE,44
RS,EG,4
RS,ES,62
RS,FI,122
RS,FR,17343
RS,GB,412
RS,GR,865
RS,HR,34837
RS,HU,18460
RS,IE,235
RS,IL,7
RS,IN,64
RS,IQ,16
RS,IS,286
RS,IT,4565
RS,JO,1
RS,JP,1
RS,KG,5
RS,KR,2
RS,KZ,5
RS,LB,1
RS,LI,59
RS,LT,14
RS,LU,593
RS,LV,17
RS,LY,25
RS,MD,13
RS,ME,7193
RS,MK,5782
RS,ML,15
RS,MT,784
RS,MX,1
RS,NA,1
RS,NL,212
RS,NO,2828
RS,NZ,1
RS,PA,6
RS,PE,10
RS,PL,205
RS,PT,139
RS,RO,333
RS,RU,1228
RS,SE,6963
RS,SI,13829
RS,SK,986
RS,SY,21
RS,TH,1
RS,TJ,2
RS,TM,4
RS,TR,230
RS,UA,310
RS,US,195
RS,UZ,17
RS,VE,320
RS,ZA,62
RU,AE,3
RU,AF,237
RU,AL,1
RU,AM,45271
RU,AR,248
RU,AT,3750
RU,AU,2969
RU,AZ,62269
RU,BA,15
RU,BE,869
RU,BG,3886
RU,BO,36
RU,BR,14
RU,BS,6
RU,BY,144932
RU,CA,8311
RU,CF,12
RU,CG,235
RU,CH,2520
RU,CL,130
RU,CN,3829
RU,CO,66
RU,CR,61
RU,CU,199
RU,CV,68
RU,CY,1417
RU,CZ,5991
RU,DE,120634
RU,DK,728
RU,DO,49
RU,DZ,73
RU,EC,73
RU,EE,18956
RU,EG,2224
RU,ES,9997
RU,FI,1782
RU,FR,8047
RU,GB,622
RU,GE,31205
RU,GH,7
RU,GN,4
RU,GR,6591
RU,HN,3
RU,HR,121
RU,HU,2211
RU,IE,902
RU,IL,12982
RU,IN,417
RU,IQ,132
RU,IR,167
RU,IS,71
RU,IT,10168
RU,JO,19
RU,JP,1832
RU,KG,111710
RU,KH,3
RU,KP,429
RU,KR,2869
RU,KW,1
RU,KZ,256718
RU,LB,9
RU,LI,7
RU,LK,12
RU,LT,9517
RU,LU,433
RU,LV,19333
RU,LY,687
RU,MD,20356
RU,ME,80
RU,MK,19
RU,ML,61
RU,MN,5477
RU,MR,6
RU,MT,264
RU,MU,4
RU,MX,216
RU,NA,61
RU,NI,19
RU,NL,1414
RU,NO,1840
RU,NZ,713
RU,PA,109
RU,PE,76
RU,PG,5
RU,PK,7
RU,PL,5380
RU,PS,3
RU,PT,1037
RU,QA,1
RU,RO,1057
RU,RS,888
RU,SA,7
RU,SC,9
RU,SE,2303
RU,SG,1
RU,SI,359
RU,SK,383
RU,SL,7
RU,SM,4
RU,SV,2
RU,SY,267
RU,TH,5
RU,TJ,74999
RU,TM,44348
RU,TR,37731
RU,UA,610858
RU,US,43074
RU,UZ,213380
RU,VE,70
RU,VN,1413
RU,ZA,79
RW,AO,20147
RW,AU,715
RW,BE,4590
RW,BG,1
RW,BI,34588
RW,BR,594
RW,CA,3834
RW,CD,127436
RW,CF,7
RW,CG,7099
RW,CL,57
RW,CM,2
RW,CN,882
RW,CY,15
RW,DK,174
RW,EE,8
RW,ER,55
RW,ET,1
RW,FI,334
RW,FR,2806
RW,GA,517
RW,GB,1
RW,GH,168
RW,GN,12
RW,GR,1491
RW,HU,25
RW,IL,29
RW,IT,489
RW,KE,2200
RW,KM,1
RW,LS,2
RW,LU,404
RW,LV,2
RW,ML,214
RW,MW,5987
RW,MX,75
RW,MZ,17
RW,NA,1262
RW,NO,266
RW,OM,1
RW,PG,5
RW,PT,40
RW,SD,4
RW,SE,556
RW,SI,2
RW,SN,205
RW,SS,81
RW,SZ,27
RW,TG,261
RW,TZ,21102
RW,UG,18032
RW,US,1
RW,ZA,626
RW,ZM,13232
SA,AD,38
SA,AE,17369
SA,AF,15089
SA,AG,6
SA,AM,82
SA,AR,113
SA,AT,12323
SA,AU,97369
SA,AZ,19
SA,BB,15
SA,BD,231683
SA,BE,10761
SA,BG,1196
SA,BH,1279
SA,BN,303
SA,BO,38
SA,BR,2188
SA,BS,144
SA,BT,481
SA,BW,2
SA,BY,53
SA,BZ,28
SA,CA,182027
SA,CD,2138
SA,CF,5376
SA,CG,35
SA,CH,6905
SA,CL,267
SA,CN,38101
SA,CO,295
SA,CR,34
SA,CY,4798
SA,CZ,1073
SA,DE,118939
SA,DJ,2546
SA,DK,6725
SA,DM,1
SA,DO,34
SA,DZ,8277
SA,EC,65
SA,EE,326
SA,EG,246083
SA,ER,23
SA,ES,8321
SA,ET,65491
SA,FI,5026
SA,FJ,30
SA,FR,30510
SA,GA,101
SA,GB,47589
SA,GE,2
SA,GH,115
SA,GN,45
SA,GR,19306
SA,GT,56
SA,HN,29
SA,HR,82
SA,HU,2726
SA,ID,38842
SA,IE,3570
SA,IL,40725
SA,IN,267569
SA,IQ,15387
SA,IR,12020
SA,IS,455
SA,IT,66664
SA,JM,45
SA,JO,313784
SA,JP,56336
SA,KE,516
SA,KH,4
SA,KP,124
SA,KR,7907
SA,KW,16820
SA,KZ,191
SA,LA,2
SA,LB,14580
SA,LC,8
SA,LI,20
SA,LK,15219
SA,LR,9
SA,LS,17
SA,LT,214
SA,LU,1393
SA,LV,217
SA,LY,48586
SA,MA,769
SA,MD,8
SA,MG,67
SA,MK,421
SA,ML,2294
SA,MM,31456
SA,MN,44
SA,MR,494
SA,MT,1961
SA,MU,194
SA,MV,691
SA,MW,47
SA,MX,484
SA,MY,56802
SA,MZ,51
SA,NA,452
SA,NE,1202
SA,NI,24
SA,NL,31614
SA,NO,12014
SA,NP,33484
SA,NR,11
SA,NZ,15656
SA,OM,1490
SA,PA,484
SA,PE,54
SA,PG,4694
SA,PH,119914
SA,PK,163520
SA,PL,941
SA,PS,44155
SA,PT,912
SA,PW,3
SA,QA,10850
SA,RO,194
SA,RS,27
SA,RU,3426
SA,SB,192
SA,SC,275
SA,SD,138197
SA,SE,48005
SA,SG,8483
SA,SI,179
SA,SK,267
SA,SL,64
SA,SN,2166
SA,SO,43533
SA,SS,131577
SA,SV,3
SA,SY,141275
SA,TD,73458
SA,TH,40407
SA,TJ,231
SA,TL,358
SA,TM,4
SA,TN,300
SA,TO,4
SA,TR,399850
SA,TT,72
SA,TZ,309
SA,UA,1968
SA,UG,8291
SA,US,411461
SA,VE,3204
SA,YE,297519
SA,ZA,25135
SA,ZM,358
SB,AU,73
SB,CN,6
SB,FJ,17
SB,GB,1
SB,ID,2
SB,JP,1
SB,KI,5
SB,KR,1
SB,MY,3
SB,NR,1
SB,NZ,2
SB,PG,55
SB,PH,3
SB,US,1
SB,VU,5
SC,AE,2
SC,AT,1
SC,AU,287
SC,BD,14
SC,BE,6
SC,BG,1
SC,BJ,1
SC,BR,1
SC,BW,1
SC,CA,4
SC,CH,1
SC,CL,1
SC,CM,1
SC,CN,62
SC,CU,5
SC,CY,1
SC,DE,19
SC,DK,2
SC,EG,1
SC,ES,7
SC,FI,1
SC,FR,53
SC,GB,35
SC,GH,1
SC,GR,3
SC,HU,1
SC,ID,15
SC,IN,561
SC,IT,109
SC,JP,1
SC,KE,43
SC,KM,2
SC,KR,1
SC,KW,1
SC,LK,63
SC,LU,2
SC,MG,105
SC,MU,67
SC,MV,5
SC,MX,1
SC,MY,1
SC,MZ,1521
SC,NA,8
SC,NE,2
SC,NG,19
SC,NL,1
SC,NO,2
SC,NP,14
SC,PH,74
SC,PK,2
SC,PL,1
SC,PT,1
SC,QA,1
SC,RO,1
SC,RU,67
SC,SA,2
SC,SK,1
SC,SO,7
SC,TH,30
SC,TR,2
SC,TZ,38
SC,UG,3
SC,US,14
SC,VE,1
SC,ZA,74
SD,AE,11658
SD,AO,449
SD,AT,3
SD,AU,2550
SD,BE,35
SD,BF,2
SD,BG,8
SD,BH,1209
SD,BI,3
SD,BJ,75
SD,BR,45
SD,CA,2542
SD,CD,2819
SD,CF,4387
SD,CG,26
SD,CH,195
SD,CI,26
SD,CL,2
SD,CM,250
SD,CN,278
SD,CY,78
SD,DJ,1
SD,DK,156
SD,DZ,225
SD,EE,8
SD,EG,7186
SD,ER,18726
SD,ES,12
SD,ET,17213
SD,FI,188
SD,FR,2857
SD,GA,38
SD,GB,14
SD,GH,64
SD,GN,2
SD,GQ,2
SD,GR,319
SD,HR,8
SD,HU,38
SD,ID,65
SD,IL,1218
SD,IN,154
SD,IQ,620
SD,IS,2
SD,IT,683
SD,JO,14
SD,JP,4
SD,KE,1983
SD,KW,5053
SD,LB,1526
SD,LT,1
SD,LU,29
SD,LV,1
SD,LY,2296
SD,ML,201
SD,MR,1
SD,MT,76
SD,MW,97
SD,MX,3
SD,MY,40
SD,NA,64
SD,NE,511
SD,NG,2481
SD,NL,201
SD,NO,838
SD,OM,1674
SD,PL,1
SD,PT,1
SD,QA,2539
SD,RW,4
SD,SA,80093
SD,SE,1343
SD,SI,3
SD,SK,3
SD,SL,3
SD,SN,3
SD,SO,74
SD,SS,105413
SD,SY,34
SD,TD,56561
SD,TG,19
SD,TR,506
SD,TZ,103
SD,UG,15621
SD,US,1186
SD,YE,2843
SD,ZA,397
SD,ZM,195
SE,AD,10
SE,AE,72
SE,AF,2120
SE,AL,221
SE,AM,13
SE,AO,1
SE,AR,198
SE,AT,763
SE,AU,1814
SE,AZ,1
SE,BA,4784
SE,BD,445
SE,BE,641
SE,BG,1343
SE,BH,7
SE,BI,1
SE,BN,1
SE,BO,98
SE,BR,838
SE,BS,6
SE,BT,2
SE,BW,37
SE,BY,716
SE,CA,1354
SE,CD,418
SE,CF,2
SE,CG,2
SE,CH,1958
SE,CL,4133
SE,CM,1
SE,CN,3437
SE,CO,1758
SE,CR,21
SE,CY,293
SE,CZ,26
SE,DE,10998
SE,DJ,43
SE,DK,9142
SE,DO,21
SE,DZ,15
SE,EC,10
SE,EE,7666
SE,EG,1565
SE,ER,2279
SE,ES,5915
SE,ET,2220
SE,FI,28710
SE,FR,1315
SE,GA,2
SE,GB,3144
SE,GE,3
SE,GH,1
SE,GN,1
SE,GR,3130
SE,GT,11
SE,HN,13
SE,HR,1428
SE,HT,1
SE,HU,2961
SE,ID,3
SE,IE,78
SE,IL,437
SE,IN,1849
SE,IQ,17236
SE,IR,6705
SE,IS,672
SE,IT,2602
SE,JO,780
SE,JP,952
SE,KE,173
SE,KG,67
SE,KH,3
SE,KR,1455
SE,KW,29
SE,KZ,48
SE,LA,1
SE,LB,2367
SE,LI,4
SE,LK,679
SE,LR,22
SE,LT,1522
SE,LU,246
SE,LV,992
SE,LY,230
SE,MA,1089
SE,MD,2
SE,ME,70
SE,MK,588
SE,ML,3
SE,MN,418
SE,MT,675
SE,MV,5
SE,MX,104
SE,MY,13
SE,NA,102
SE,NG,578
SE,NI,4
SE,NL,1496
SE,NO,11180
SE,NP,1
SE,NZ,35
SE,OM,5
SE,PA,53
SE,PE,933
SE,PH,1195
SE,PK,682
SE,PL,12417
SE,PS,313
SE,PT,273
SE,PY,2
SE,QA,27
SE,RO,2911
SE,RS,2021
SE,RU,9943
SE,RW,1
SE,SA,459
SE,SD,486
SE,SG,2
SE,SI,268
SE,SK,182
SE,SN,2
SE,SO,6000
SE,SS,9
SE,SV,5
SE,SY,8563
SE,TD,3
SE,TH,4469
SE,TJ,7
SE,TM,51
SE,TN,1
SE,TR,11720
SE,TZ,2
SE,UA,1188
SE,UG,34
SE,US,3296
SE,UY,3
SE,UZ,31
SE,VE,700
SE,VN,3220
SE,YE,103
SE,ZA,127
SE,ZM,1
SE,ZW,1
SG,AE,87
SG,AG,1
SG,AR,271
SG,AT,266
SG,AU,31073
SG,BD,1582
SG,BE,248
SG,BG,101
SG,BH,9
SG,BN,568
SG,BO,39
SG,BR,254
SG,BS,26
SG,BT,3
SG,BY,1
SG,BZ,38
SG,CA,9381
SG,CG,6
SG,CH,447
SG,CL,683
SG,CM,1
SG,CN,76134
SG,CO,155
SG,CR,6
SG,CY,56
SG,CZ,85
SG,DE,3472
SG,DK,587
SG,DO,77
SG,DZ,20
SG,EC,10
SG,EE,52
SG,EG,612
SG,ES,2931
SG,ET,2
SG,FI,365
SG,FR,858
SG,GA,8
SG,GB,13700
SG,GE,2
SG,GH,6
SG,GN,2
SG,GR,142
SG,GT,31
SG,GY,6
SG,HN,55
SG,HR,3
SG,HT,12
SG,HU,485
SG,ID,27614
SG,IE,219
SG,IL,181
SG,IN,32665
SG,IS,36
SG,IT,3365
SG,JM,12
SG,JP,20630
SG,KG,7
SG,KH,21
SG,KP,3
SG,KR,9631
SG,KW,34
SG,KZ,4529
SG,LA,1
SG,LI,6
SG,LK,96
SG,LS,3
SG,LT,10
SG,LU,334
SG,LV,17
SG,LY,312
SG,MA,4
SG,MD,3
SG,MG,22
SG,ML,462
SG,MM,132
SG,MN,390
SG,MR,2
SG,MT,222
SG,MU,1
SG,MV,21
SG,MX,134
SG,MY,183633
SG,NA,120
SG,NI,1
SG,NL,967
SG,NO,490
SG,NP,11
SG,NZ,5154
SG,OM,14
SG,PA,235
SG,PE,48
SG,PG,354
SG,PH,2
SG,PK,30
SG,PL,227
SG,PT,195
SG,PY,9
SG,QA,20
SG,RO,98
SG,RS,56
SG,RU,429
SG,SA,54
SG,SB,99
SG,SC,2
SG,SD,5
SG,SE,560
SG,SI,20
SG,SK,50
SG,SL,2
SG,SN,5
SG,SR,55
SG,SV,3
SG,TG,7
SG,TH,8
SG,TJ,5
SG,TL,61
SG,TR,586
SG,TT,21
SG,UA,166
SG,US,30637
SG,UY,2
SG,VE,349
SG,VN,870
SG,ZA,182
SG,ZM,36
SI,AD,2
SI,AE,1
SI,AF,2
SI,AG,1
SI,AL,14
SI,AM,2
SI,AO,2
SI,AR,132
SI,AT,4265
SI,AU,1034
SI,AZ,2
SI,BA,8729
SI,BE,51
SI,BG,178
SI,BI,1
SI,BJ,1
SI,BO,6
SI,BR,37
SI,BY,23
SI,CA,1125
SI,CD,22
SI,CF,8
SI,CG,2
SI,CH,444
SI,CI,1
SI,CL,21
SI,CM,9
SI,CN,101
SI,CO,53
SI,CR,1
SI,CU,8
SI,CY,11
SI,CZ,116
SI,DE,2740
SI,DK,121
SI,DO,20
SI,DZ,4
SI,EC,5
SI,EE,24
SI,EG,23
SI,ER,1
SI,ES,73
SI,ET,2
SI,FI,23
SI,FR,221
SI,GA,2
SI,GB,146
SI,GE,2
SI,GH,6
SI,GM,2
SI,GN,4
SI,GQ,2
SI,GR,42
SI,GT,1
SI,GW,2
SI,HN,1
SI,HR,7920
SI,HT,2
SI,HU,187
SI,ID,4
SI,IE,24
SI,IL,10
SI,IN,12
SI,IQ,8
SI,IR,9
SI,IS,16
SI,IT,1468
SI,JM,1
SI,JO,6
SI,JP,14
SI,KE,3
SI,KG,3
SI,KH,1
SI,KR,3
SI,KW,1
SI,KZ,16
SI,LB,2
SI,LI,16
SI,LK,2
SI,LT,7
SI,LU,99
SI,LV,8
SI,LY,6
SI,MA,4
SI,MD,36
SI,ME,569
SI,MG,2
SI,MK,1490
SI,ML,3
SI,MN,2
SI,MT,15
SI,MU,1
SI,MX,10
SI,MY,1
SI,NA,10
SI,NG,8
SI,NL,93
SI,NO,109
SI,NP,1
SI,NZ,4
SI,PA,1
SI,PE,9
SI,PG,4
SI,PH,11
SI,PK,1
SI,PL,87
SI,PS,1
SI,PT,24
SI,RO,102
SI,RS,6766
SI,RU,386
SI,RW,1
SI,SA,2
SI,SB,4
SI,SD,3
SI,SE,247
SI,SG,1
SI,SK,139
SI,SL,1
SI,SN,5
SI,SO,7
SI,SY,6
SI,TD,1
SI,TG,1
SI,TH,27
SI,TJ,1
SI,TM,2
SI,TN,6
SI,TR,105
SI,TT,1
SI,TZ,1
SI,UA,255
SI,US,148
SI,UY,3
SI,UZ,12
SI,VE,50
SI,VN,2
SI,YE,1
SI,ZA,11
SI,ZM,2
SI,ZW,1
SK,AE,6
SK,AF,10
SK,AL,9
SK,AM,16
SK,AO,13
SK,AR,39
SK,AT,9173
SK,AU,818
SK,AZ,6
SK,BA,398
SK,BD,2
SK,BE,107
SK,BG,358
SK,BH,1
SK,BI,1
SK,BJ,1
SK,BO,5
SK,BR,37
SK,BY,72
SK,CA,1622
SK,CD,2
SK,CG,3
SK,CH,4530
SK,CI,2
SK,CL,5
SK,CM,1
SK,CN,116
SK,CO,8
SK,CR,4
SK,CU,15
SK,CY,39
SK,CZ,42074
SK,DE,1170
SK,DK,666
SK,DO,3
SK,DZ,12
SK,EC,4
SK,EE,93
SK,EG,26
SK,ES,149
SK,ET,4
SK,FI,130
SK,FR,351
SK,GB,600
SK,GE,9
SK,GH,3
SK,GN,1
SK,GR,163
SK,HR,153
SK,HU,6005
SK,ID,3
SK,IE,1141
SK,IL,56
SK,IN,12
SK,IQ,10
SK,IR,12
SK,IS,196
SK,IT,1604
SK,JM,1
SK,JO,8
SK,JP,89
SK,KE,2
SK,KG,17
SK,KH,1
SK,KI,1
SK,KP,2
SK,KR,78
SK,KW,5
SK,KZ,38
SK,LA,1
SK,LB,9
SK,LI,10
SK,LK,1
SK,LT,50
SK,LU,166
SK,LV,35
SK,LY,7
SK,MA,6
SK,MD,13
SK,ME,11
SK,MG,2
SK,MK,69
SK,ML,1
SK,MN,31
SK,MT,106
SK,MU,1
SK,MW,1
SK,MX,11
SK,MY,2
SK,NA,2
SK,NE,1
SK,NG,14
SK,NI,1
SK,NL,93
SK,NO,514
SK,NP,1
SK,NZ,10
SK,PA,6
SK,PE,7
SK,PG,5
SK,PH,3
SK,PK,5
SK,PL,1102
SK,PS,3
SK,PT,37
SK,PY,1
SK,RO,879
SK,RS,339
SK,RU,1300
SK,SA,4
SK,SB,10
SK,SC,1
SK,SD,2
SK,SE,46
SK,SG,2
SK,SI,106
SK,SN,3
SK,SO,1
SK,SY,22
SK,TD,13
SK,TH,9
SK,TJ,3
SK,TM,15
SK,TN,16
SK,TR,73
SK,TT,1
SK,TZ,1
SK,UA,1493
SK,UG,1
SK,US,328
SK,UY,1
SK,UZ,45
SK,VE,11
SK,VN,388
SK,YE,3
SK,ZA,31
SK,ZM,1
SK,ZW,1
SL,AE,1
SL,AO,153
SL,AU,463
SL,BE,450
SL,BF,6
SL,BJ,9
SL,BR,109
SL,CA,9
SL,CI,72
SL,CM,4
SL,CN,21
SL,CV,6
SL,DE,5
SL,DK,41
SL,EE,4
SL,EG,3
SL,ES,33
SL,FI,23
SL,FR,234
SL,GA,10
SL,GB,17
SL,GH,558
SL,GM,649
SL,GN,5694
SL,GR,23
SL,GW,131
SL,HU,5
SL,IL,11
SL,IN,64
SL,IS,3
SL,IT,717
SL,JP,2
SL,KE,2
SL,KR,3
SL,LB,45
SL,LR,2800
SL,LU,14
SL,LY,29
SL,MA,1
SL,ML,394
SL,MR,14
SL,MX,1
SL,NA,57
SL,NE,6
SL,NG,912
SL,NO,62
SL,PK,5
SL,PT,14
SL,RU,31
SL,SA,1
SL,SD,1
SL,SE,1
SL,SI,1
SL,SN,4140
SL,SS,1
SL,TG,23
SL,US,28
SL,ZA,29
SL,ZM,2
SM,AL,3
SM,AR,11
SM,AU,2
SM,BE,1
SM,BG,1
SM,BR,3
SM,CA,2
SM,CH,3
SM,DE,5
SM,ES,2
SM,FR,6
SM,GB,3
SM,GR,1
SM,HU,1
SM,IS,2
SM,IT,927
SM,LU,3
SM,NL,1
SM,NO,1
SM,PL,4
SM,RO,15
SM,RU,17
SM,UA,11
SM,US,4
SM,UZ,1
SM,VE,1
SN,AE,1
SN,AO,12
SN,AR,105
SN,AT,1
SN,AU,50
SN,BE,774
SN,BF,462
SN,BG,2
SN,BJ,379
SN,BO,1
SN,BR,681
SN,CA,1018
SN,CD,37
SN,CF,51
SN,CG,1387
SN,CH,5
SN,CI,3740
SN,CL,29
SN,CM,473
SN,CN,1
SN,CV,173
SN,CY,1
SN,DE,95
SN,DK,21
SN,DZ,418
SN,EG,21
SN,ES,8231
SN,FI,23
SN,FR,17844
SN,GA,3417
SN,GB,5
SN,GH,199
SN,GM,15278
SN,GN,5625
SN,GR,69
SN,GW,4409
SN,HU,6
SN,IL,4
SN,IS,3
SN,IT,11370
SN,JP,112
SN,LB,72
SN,LR,79
SN,LU,77
SN,LY,117
SN,MA,610
SN,ML,5686
SN,MR,6653
SN,MX,6
SN,NA,4
SN,NE,336
SN,NG,143
SN,NI,20
SN,NL,3
SN,NO,33
SN,PL,1
SN,PT,309
SN,RW,25
SN,SA,87
SN,SE,1
SN,SK,2
SN,SL,1674
SN,TD,1
SN,TG,291
SN,TH,1
SN,TN,45
SN,TR,2
SN,US,96
SN,VE,2
SN,ZA,227
SN,ZM,19
SO,AE,696
SO,AT,716
SO,AU,1002
SO,BE,1029
SO,BG,3
SO,BH,72
SO,BR,66
SO,CA,3680
SO,CN,69
SO,CY,1
SO,DJ,10545
SO,DK,1233
SO,DZ,1345
SO,EG,4425
SO,ER,243
SO,ET,26090
SO,FI,1422
SO,GB,12389
SO,GR,449
SO,HU,59
SO,ID,145
SO,IL,2
SO,IN,74
SO,IQ,55
SO,IS,4
SO,IT,1303
SO,JO,1
SO,KE,42632
SO,KW,288
SO,LB,1
SO,LI,3
SO,LU,9
SO,LY,12140
SO,MT,465
SO,MW,12
SO,MY,351
SO,NA,15
SO,NI,4
SO,NL,2911
SO,NO,3320
SO,QA,112
SO,SA,3715
SO,SC,7
SO,SD,19
SO,SE,8251
SO,SI,3
SO,SK,2
SO,SY,146
SO,SZ,18
SO,TR,1992
SO,TZ,336
SO,UG,5106
SO,US,5
SO,YE,24686
SO,ZA,5022
SR,AG,13
SR,AU,16
SR,BB,13
SR,BE,1867
SR,BG,1
SR,BR,565
SR,BS,2
SR,CA,119
SR,CH,1
SR,CN,569
SR,CR,2
SR,DK,3
SR,DM,2
SR,DO,5
SR,EE,1
SR,ES,2
SR,FR,7464
SR,GR,1
SR,GY,1327
SR,HU,2
SR,IT,1
SR,JP,1
SR,KN,1
SR,LC,5
SR,LU,15
SR,NL,17446
SR,NO,4
SR,NZ,1
SR,PT,1
SR,TR,1
SR,TT,15
SR,US,389
SR,VE,28
SS,AE,1392
SS,AO,4753
SS,AT,1
SS,AU,2944
SS,BE,24
SS,BF,1
SS,BG,1
SS,BH,144
SS,BI,28
SS,BJ,22
SS,BR,148
SS,CA,355
SS,CD,113150
SS,CF,2740
SS,CG,30
SS,CH,3
SS,CI,9
SS,CL,9
SS,CM,68
SS,CN,42
SS,CY,5
SS,DK,40
SS,DZ,3
SS,EE,2
SS,EG,13336
SS,ER,484
SS,ES,4
SS,ET,183809
SS,FI,49
SS,FR,732
SS,GA,114
SS,GB,7
SS,GH,18
SS,GN,1
SS,GQ,1
SS,GR,366
SS,HU,5
SS,ID,1
SS,IL,229
SS,IN,124
SS,IQ,163
SS,IT,115
SS,JO,4
SS,JP,1
SS,KE,24169
SS,KW,234
SS,LB,19
SS,LU,66
SS,LY,426
SS,ML,33
SS,MR,1
SS,MT,4
SS,MW,1031
SS,MX,19
SS,MZ,2
SS,NA,231
SS,NE,83
SS,NG,490
SS,NL,44
SS,NO,173
SS,OM,20
SS,PT,10
SS,QA,232
SS,RW,74
SS,SA,959
SS,SD,611189
SS,SE,189
SS,SL,1
SS,SN,14
SS,SO,36
SS,TD,1129
SS,TG,8
SS,TR,13
SS,TZ,1097
SS,UG,599658
SS,US,535
SS,YE,86
SS,ZA,205
SS,ZM,2060
ST,AO,4462
ST,CF,8
ST,CV,317
ST,DK,3
ST,FR,27
ST,GA,1606
ST,GN,3
ST,GQ,1672
ST,IT,2
ST,LU,154
ST,ML,1
ST,MZ,13
ST,NA,3
ST,NO,1
ST,PT,3359
ST,TG,6
SV,AR,309
SV,AT,2
SV,AU,1094
SV,BB,4
SV,BE,2145
SV,BG,6
SV,BO,47
SV,BR,39
SV,BS,18
SV,BZ,2498
SV,CA,7007
SV,CH,8
SV,CL,495
SV,CN,30
SV,CO,534
SV,CR,1767
SV,CU,15
SV,CY,1
SV,DE,34
SV,DK,31
SV,DO,77
SV,EC,179
SV,EE,4
SV,ES,16740
SV,FI,23
SV,FR,26
SV,GB,11
SV,GR,8
SV,GT,6478
SV,HN,5771
SV,HU,11
SV,IE,1
SV,IL,6
SV,IN,1
SV,IR,2
SV,IS,16
SV,IT,6855
SV,JM,29
SV,JO,1
SV,JP,9
SV,KR,16
SV,LU,46
SV,LY,73
SV,MX,24764
SV,NI,1218
SV,NL,4
SV,NO,38
SV,PA,1020
SV,PE,269
SV,PH,2
SV,PL,1
SV,PS,3
SV,PT,25
SV,PY,1
SV,RU,11
SV,SE,4
SV,SI,1
SV,TR,1
SV,TT,1
SV,US,317675
SV,UY,9
SV,VE,515
SY,AE,2843
SY,AF,97
SY,AG,19
SY,AM,1537
SY,AR,111
SY,AT,4165
SY,AU,2377
SY,BE,2903
SY,BG,1540
SY,BH,295
SY,BR,659
SY,BY,8
SY,CA,7204
SY,CH,1748
SY,CL,54
SY,CN,82
SY,CR,1
SY,CY,992
SY,CZ,124
SY,DE,58073
SY,DJ,1
SY,DK,2764
SY,DM,1
SY,DO,2
SY,DZ,872
SY,EC,22
SY,EE,17
SY,EG,9100
SY,ET,36
SY,FI,512
SY,FR,3590
SY,GA,2
SY,GB,50
SY,GH,5
SY,GN,1
SY,GR,3508
SY,GT,7
SY,HN,1
SY,HR,14
SY,HU,230
SY,ID,3
SY,IL,872
SY,IQ,46327
SY,IR,38
SY,IS,23
SY,IT,644
SY,JO,124876
SY,JP,81
SY,KE,3
SY,KW,1405
SY,LB,61480
SY,LC,10
SY,LI,2
SY,LK,5
SY,LT,36
SY,LU,148
SY,LV,6
SY,LY,5514
SY,MA,302
SY,MD,37
SY,MR,51
SY,MT,252
SY,MX,21
SY,MY,246
SY,NL,7565
SY,NO,2474
SY,NZ,3
SY,PA,27
SY,PE,2
SY,PK,3
SY,PL,90
SY,PS,30261
SY,PT,43
SY,QA,1517
SY,RO,302
SY,RS,10
SY,RU,447
SY,SA,25679
SY,SD,17
SY,SE,15610
SY,SI,20
SY,SK,25
SY,SO,96
SY,TN,111
SY,TR,314865
SY,UA,375
SY,US,143
SY,VE,1339
SY,YE,263
SZ,AO,886
SZ,AR,8
SZ,AT,94
SZ,AU,2017
SZ,BE,122
SZ,BG,22
SZ,BI,115
SZ,BJ,3
SZ,BO,1
SZ,BR,29
SZ,BS,21
SZ,BW,412
SZ,BZ,1
SZ,CA,830
SZ,CD,508
SZ,CG,31
SZ,CH,3
SZ,CI,1
SZ,CL,24
SZ,CM,2
SZ,CN,132
SZ,CO,7
SZ,CR,2
SZ,CY,113
SZ,CZ,1
SZ,DE,29
SZ,DJ,2
SZ,DK,134
SZ,DO,2
SZ,DZ,1
SZ,EE,5
SZ,EG,32
SZ,ER,4
SZ,ES,14
SZ,ET,12
SZ,FI,49
SZ,FR,65
SZ,GA,17
SZ,GB,1110
SZ,GH,13
SZ,GN,27
SZ,GR,163
SZ,GT,1
SZ,HN,2
SZ,HR,1
SZ,HU,40
SZ,IE,419
SZ,IL,305
SZ,IS,4
SZ,IT,113
SZ,JM,1
SZ,JP,70
SZ,KE,27
SZ,KR,12
SZ,LR,9
SZ,LS,261
SZ,LT,2
SZ,LU,77
SZ,LV,2
SZ,LY,2
SZ,MA,1
SZ,ML,18
SZ,MN,1
SZ,MT,33
SZ,MW,322
SZ,MX,8
SZ,MY,1
SZ,MZ,1835
SZ,NA,1027
SZ,NG,8
SZ,NL,688
SZ,NO,70
SZ,NZ,1675
SZ,PA,2
SZ,PE,10
SZ,PG,20
SZ,PL,36
SZ,PT,3029
SZ,RO,4
SZ,RS,1
SZ,RU,3
SZ,RW,82
SZ,SB,2
SZ,SC,1
SZ,SE,17
SZ,SI,4
SZ,SK,7
SZ,SL,3
SZ,SN,2
SZ,SO,115
SZ,SS,15
SZ,ST,2
SZ,TG,1
SZ,TR,7
SZ,TT,1
SZ,TZ,616
SZ,UA,1
SZ,UG,20
SZ,US,3852
SZ,VE,8
SZ,YE,1
SZ,ZA,27974
SZ,ZM,326
SZ,ZW,12
TD,AE,559
TD,AO,2802
TD,AT,1
TD,AU,68
TD,BE,31
TD,BF,5
TD,BG,2
TD,BH,58
TD,BJ,665
TD,BR,2
TD,CA,50
TD,CD,966
TD,CF,13509
TD,CG,4831
TD,CH,9
TD,CI,29
TD,CL,2
TD,CM,10870
TD,CN,4
TD,CY,6
TD,DE,12
TD,DK,17
TD,DO,2
TD,DZ,2
TD,EG,121
TD,ES,10
TD,ET,49
TD,FI,11
TD,FR,367
TD,GA,2929
TD,GB,2
TD,GH,11
TD,GN,192
TD,GQ,7
TD,GR,16
TD,HU,6
TD,IE,1
TD,IL,9
TD,IQ,5
TD,IS,1
TD,IT,226
TD,JO,1
TD,JP,3
TD,KE,11
TD,KW,184
TD,LB,11
TD,LU,21
TD,LY,474
TD,MA,3
TD,MC,1
TD,ML,368
TD,MR,27
TD,MT,1
TD,MW,5
TD,MX,2
TD,NA,4
TD,NE,1501
TD,NG,18524
TD,NL,2
TD,NO,23
TD,OM,13
TD,PL,1
TD,PT,7
TD,QA,75
TD,RO,1
TD,SA,601
TD,SD,69425
TD,SE,9
TD,SK,68
TD,SN,7
TD,SS,2258
TD,TG,431
TD,TH,1
TD,TN,1
TD,TR,8
TD,TZ,9
TD,UG,95
TD,US,10
TD,YE,21
TD,ZA,9
TD,ZM,23
TG,AO,2
TG,AU,39
TG,BE,1191
TG,BF,3556
TG,BG,2
TG,BI,1
TG,BJ,33079
TG,BR,405
TG,CA,13
TG,CD,83
TG,CF,33
TG,CG,322
TG,CI,13700
TG,CM,88
TG,CN,56
TG,CV,4
TG,DE,23
TG,DK,17
TG,EE,2
TG,ES,17
TG,FI,21
TG,FR,125
TG,GA,5810
TG,GB,30
TG,GH,25919
TG,GM,133
TG,GN,457
TG,GQ,72
TG,GR,10
TG,GW,17
TG,HU,18
TG,IS,6
TG,IT,1466
TG,JP,1
TG,LR,50
TG,LU,427
TG,ML,1489
TG,MR,43
TG,NE,9783
TG,NG,32921
TG,NL,3
TG,NO,13
TG,PT,14
TG,RW,65
TG,SD,1
TG,SL,18
TG,SN,1020
TG,ST,4
TG,TD,69
TG,UG,1
TG,US,74
TG,ZA,4
TH,AD,1
TH,AE,1064
TH,AR,43
TH,AT,2386
TH,AU,26153
TH,BB,1
TH,BD,3164
TH,BE,3276
TH,BG,98
TH,BH,111
TH,BN,1818
TH,BO,19
TH,BR,108
TH,BS,4
TH,BT,7
TH,BY,1
TH,BZ,5
TH,CA,4784
TH,CF,1
TH,CG,1
TH,CH,6427
TH,CL,74
TH,CM,1
TH,CN,16435
TH,CO,33
TH,CR,2
TH,CY,101
TH,CZ,585
TH,DE,5012
TH,DK,3808
TH,DO,14
TH,EC,2
TH,EE,110
TH,EG,870
TH,ES,487
TH,FI,4235
TH,FR,3605
TH,GA,3
TH,GB,10869
TH,GE,1
TH,GH,1
TH,GN,13
TH,GR,122
TH,GT,8
TH,GY,1
TH,HN,10
TH,HR,2
TH,HT,3
TH,HU,1028
TH,ID,2652
TH,IE,85
TH,IL,39
TH,IN,4461
TH,IS,569
TH,IT,4033
TH,JM,3
TH,JP,48535
TH,KG,6
TH,KH,35651
TH,KP,70
TH,KR,113434
TH,KW,397
TH,KZ,623
TH,LA,25635
TH,LI,15
TH,LK,33
TH,LT,23
TH,LU,519
TH,LV,32
TH,LY,386
TH,MA,4
TH,MG,4
TH,ML,165
TH,MM,167677
TH,MN,74
TH,MT,199
TH,MV,39
TH,MX,70
TH,MY,9559
TH,NA,101
TH,NL,5032
TH,NO,7072
TH,NP,2
TH,NZ,3241
TH,OM,3
TH,PA,75
TH,PE,21
TH,PG,21
TH,PH,2034
TH,PK,9
TH,PL,132
TH,PT,1364
TH,PY,2
TH,QA,240
TH,RO,58
TH,RS,23
TH,RU,183
TH,SA,433
TH,SB,12
TH,SC,41
TH,SD,1
TH,SE,14109
TH,SG,7
TH,SI,135
TH,SK,74
TH,SN,3
TH,SR,8
TH,SV,1
TH,TG,1
TH,TJ,1
TH,TL,25
TH,TM,3
TH,TN,1
TH,TR,231
TH,TT,3
TH,UA,36
TH,US,92491
TH,UY,1
TH,UZ,18
TH,VE,90
TH,VN,6571
TH,ZA,115
TH,ZM,7
TH,ZW,2
TJ,AF,1088
TJ,AM,23
TJ,AT,14
TJ,AU,27
TJ,AZ,43
TJ,BE,2
TJ,BG,43
TJ,BN,2
TJ,BY,860
TJ,CA,22
TJ,CH,10
TJ,CN,61
TJ,CY,3
TJ,CZ,9
TJ,DE,216
TJ,DK,18
TJ,DZ,13
TJ,EE,71
TJ,EG,153
TJ,ES,18
TJ,FI,9
TJ,FR,16
TJ,GB,30
TJ,GE,87
TJ,GR,23
TJ,HU,3
TJ,IE,2
TJ,IL,188
TJ,IN,41
TJ,IQ,7
TJ,IR,156
TJ,IT,20
TJ,JP,2
TJ,KG,2387
TJ,KP,14
TJ,KR,100
TJ,KZ,3703
TJ,LT,46
TJ,LU,26
TJ,LV,86
TJ,LY,66
TJ,MD,87
TJ,MN,5
TJ,MT,4
TJ,NA,1
TJ,NE,2
TJ,NL,72
TJ,NO,15
TJ,NZ,10
TJ,OM,2
TJ,PK,28
TJ,PL,9
TJ,PT,2
TJ,RO,2
TJ,RS,2
TJ,RU,124030
TJ,SA,2
TJ,SE,6
TJ,SI,4
TJ,SK,2
TJ,TM,606
TJ,TR,1227
TJ,UA,4279
TJ,US,111
TJ,UZ,2756
TJ,ZM,2
TL,AE,1
TL,AU,1074
TL,BD,4
TL,BR,7
TL,CA,1
TL,CH,1
TL,CN,100
TL,CU,3
TL,CV,1
TL,FR,2
TL,GB,1
TL,GR,24
TL,ID,8375
TL,JP,9
TL,KR,1
TL,MY,9
TL,NO,1
TL,NZ,7
TL,PH,34
TL,PK,15
TL,PT,237
TL,SA,1
TL,SG,8
TL,TH,7
TL,US,9
TL,VN,39
TM,AF,12
TM,AM,640
TM,AT,3
TM,AU,14
TM,AZ,854
TM,BE,1
TM,BG,33
TM,BY,808
TM,CA,10
TM,CH,2
TM,CN,87
TM,CY,2
TM,CZ,7
TM,DE,233
TM,DK,3
TM,EE,43
TM,EG,1
TM,ES,7
TM,FI,4
TM,FR,11
TM,GB,1
TM,GE,25
TM,GR,20
TM,HU,6
TM,IE,1
TM,IL,266
TM,IR,285
TM,IT,9
TM,JP,1
TM,KG,124
TM,KR,15
TM,KZ,13937
TM,LT,23
TM,LU,2
TM,LV,65
TM,LY,21
TM,MD,21
TM,NL,1
TM,NO,9
TM,PL,7
TM,PT,2
TM,RS,1
TM,RU,21734
TM,SE,1
TM,SI,1
TM,SK,2
TM,TJ,216
TM,TR,10522
TM,UA,3430
TM,US,29
TM,UZ,7113
TN,AE,458
TN,AR,1
TN,AT,1583
TN,AU,152
TN,BE,5759
TN,BF,2
TN,BG,96
TN,BH,48
TN,BJ,1
TN,BR,107
TN,CA,9131
TN,CG,1
TN,CH,4330
TN,CI,84
TN,CL,255
TN,CM,88
TN,CN,1
TN,CO,1
TN,CR,1
TN,CY,12
TN,CZ,516
TN,DE,363
TN,DK,235
TN,DZ,1323
TN,EE,22
TN,EG,605
TN,ES,162
TN,FI,333
TN,FR,113502
TN,GA,93
TN,GB,6
TN,GH,1
TN,GM,1
TN,GN,153
TN,GR,180
TN,HU,412
TN,IL,13548
TN,IQ,220
TN,IS,20
TN,IT,27717
TN,JO,33
TN,JP,2
TN,KR,1
TN,KW,177
TN,LB,8
TN,LI,3
TN,LT,1
TN,LU,1099
TN,LV,3
TN,LY,1429
TN,MA,1636
TN,ML,122
TN,MR,152
TN,MT,576
TN,MX,1
TN,NA,2
TN,NE,5
TN,NG,75
TN,NL,11
TN,NO,297
TN,PL,377
TN,PS,131
TN,PT,53
TN,QA,96
TN,RO,3
TN,RS,1
TN,RU,8
TN,SA,4
TN,SE,12
TN,SI,44
TN,SK,99
TN,SN,200
TN,SY,144
TN,TD,1
TN,TH,1
TN,TR,234
TN,UA,1
TN,US,111
TN,UZ,1
TN,VE,7
TO,AU,4965
TO,CA,2
TO,CN,16
TO,DK,5
TO,FJ,165
TO,FM,1
TO,GN,340
TO,HU,2
TO,IN,17
TO,JP,26
TO,KR,1
TO,NO,1
TO,NZ,7707
TO,PG,50
TO,US,3
TO,VN,1
TO,VU,3
TO,WS,24
TR,AD,1
TR,AE,3401
TR,AF,7494
TR,AG,3
TR,AL,308
TR,AM,323
TR,AR,105
TR,AT,36684
TR,AU,5570
TR,AZ,7789
TR,BA,8
TR,BD,2
TR,BE,25821
TR,BG,53253
TR,BH,334
TR,BO,13
TR,BR,169
TR,BS,1
TR,BY,169
TR,CA,10304
TR,CF,1
TR,CG,1
TR,CH,19598
TR,CL,139
TR,CM,1
TR,CN,1493
TR,CO,165
TR,CR,4
TR,CY,3114
TR,CZ,1680
TR,DE,437598
TR,DJ,3
TR,DK,5063
TR,DO,11
TR,DZ,259
TR,EC,4
TR,EE,465
TR,EG,2021
TR,ES,1228
TR,ET,10
TR,FI,2712
TR,FR,43062
TR,GA,2
TR,GB,24656
TR,GE,3188
TR,GH,1
TR,GN,6
TR,GQ,1
TR,GR,11185
TR,GT,7
TR,HR,55
TR,HT,1
TR,HU,1991
TR,ID,307
TR,IE,41
TR,IL,7718
TR,IN,17
TR,IQ,34918
TR,IR,5900
TR,IS,122
TR,IT,5528
TR,JO,14238
TR,JP,3507
TR,KE,10
TR,KG,3083
TR,KR,15
TR,KW,1456
TR,KZ,6144
TR,LB,7739
TR,LC,1
TR,LI,77
TR,LK,7
TR,LT,205
TR,LU,1393
TR,LV,190
TR,LY,2200
TR,MA,484
TR,MC,1
TR,MD,1752
TR,ME,19
TR,MG,1
TR,MK,6456
TR,ML,2
TR,MN,166
TR,MR,6
TR,MT,750
TR,MX,170
TR,MY,35
TR,NA,34
TR,NG,428
TR,NI,1
TR,NL,43682
TR,NO,2750
TR,NZ,35
TR,OM,1
TR,PA,32
TR,PE,173
TR,PH,1
TR,PK,407
TR,PL,652
TR,PS,189
TR,PT,667
TR,PY,1
TR,QA,670
TR,RO,3034
TR,RS,711
TR,RU,13542
TR,SA,4279
TR,SD,120
TR,SE,15199
TR,SG,1
TR,SI,211
TR,SK,323
TR,SN,94
TR,SO,355
TR,SR,1
TR,SS,2
TR,SY,215258
TR,TD,2
TR,TH,22
TR,TJ,811
TR,TM,4028
TR,TN,18
TR,TZ,1
TR,UA,4468
TR,UG,2
TR,US,37404
TR,UY,1
TR,UZ,5125
TR,VE,240
TR,YE,247
TR,ZA,102
TR,ZW,1
TT,AG,96
TT,AR,1
TT,AU,191
TT,BB,304
TT,BG,1
TT,BO,1
TT,BR,26
TT,BS,105
TT,CA,8193
TT,CH,1
TT,CL,5
TT,CN,100
TT,CO,20
TT,CR,4
TT,CU,18
TT,CY,3
TT,DE,32
TT,DK,30
TT,DM,31
TT,DO,5
TT,EC,4
TT,ES,6
TT,FI,14
TT,FR,1
TT,GB,261
TT,GD,1195
TT,GR,2
TT,GY,857
TT,HU,10
TT,IE,1
TT,IN,78
TT,IS,3
TT,IT,1
TT,JM,663
TT,JP,1
TT,KN,30
TT,LC,152
TT,LU,20
TT,ML,3
TT,MT,18
TT,MX,3
TT,NG,65
TT,NO,42
TT,NZ,1
TT,PA,27
TT,PE,10
TT,PH,34
TT,PL,1
TT,SI,1
TT,SK,3
TT,SR,15
TT,TH,1
TT,US,32362
TT,VC,673
TT,VE,1460
TT,ZA,1
TV,AU,355
TV,CA,10
TV,DE,1
TV,DK,4
TV,FJ,463
TV,GR,11
TV,KI,309
TV,NR,39
TV,NZ,46
TV,SB,17
TV,US,4
TV,WS,71
TZ,AE,2
TZ,AO,767
TZ,AT,4
TZ,AU,552
TZ,BE,28
TZ,BG,3
TZ,BI,21143
TZ,BJ,3
TZ,BO,1
TZ,BR,25
TZ,BW,74
TZ,CA,2603
TZ,CD,7571
TZ,CF,2
TZ,CG,2885
TZ,CH,1
TZ,CL,46
TZ,CM,3
TZ,CN,203
TZ,CY,18
TZ,DE,145
TZ,DJ,2
TZ,DK,125
TZ,EE,1
TZ,EG,6
TZ,ER,54
TZ,ES,2
TZ,ET,5
TZ,FI,70
TZ,FR,141
TZ,GA,12
TZ,GB,123
TZ,GH,1
TZ,GR,50
TZ,HU,12
TZ,IE,1
TZ,IL,1
TZ,IN,629
TZ,IS,3
TZ,IT,279
TZ,JP,1
TZ,KE,6193
TZ,KM,78
TZ,KW,1
TZ,LS,33
TZ,LU,6
TZ,LY,34
TZ,MA,1
TZ,MG,1
TZ,ML,128
TZ,MU,18
TZ,MW,1611
TZ,MX,1
TZ,MZ,2194
TZ,NA,623
TZ,NL,1
TZ,NO,112
TZ,NZ,1
TZ,OM,1302
TZ,PG,7
TZ,PK,36
TZ,PL,3
TZ,PT,17
TZ,RO,1
TZ,RU,3
TZ,RW,5033
TZ,SA,2
TZ,SC,36
TZ,SD,1
TZ,SE,2
TZ,SO,291
TZ,SS,10
TZ,SZ,6
TZ,TD,1
TZ,TR,5
TZ,UG,3141
TZ,US,182
TZ,UZ,1
TZ,YE,5
TZ,ZA,967
TZ,ZM,2393
TZ,ZW,85
UA,AE,9
UA,AF,279
UA,AM,4769
UA,AR,384
UA,AT,1644
UA,AU,1657
UA,AZ,9736
UA,BE,387
UA,BG,1894
UA,BH,1
UA,BO,14
UA,BR,85
UA,BS,2
UA,BY,54850
UA,CA,8204
UA,CG,6
UA,CH,1205
UA,CL,56
UA,CN,949
UA,CO,2
UA,CR,18
UA,CU,15
UA,CV,4
UA,CY,408
UA,CZ,16628
UA,DE,31873
UA,DK,1223
UA,DO,9
UA,DZ,3
UA,EC,37
UA,EE,4403
UA,EG,3613
UA,ES,11467
UA,FI,384
UA,FR,3502
UA,GB,3224
UA,GE,7638
UA,GN,1
UA,GR,2363
UA,HR,73
UA,HU,7406
UA,IE,1156
UA,IL,15555
UA,IN,253
UA,IQ,6
UA,IR,195
UA,IS,51
UA,IT,24279
UA,JO,345
UA,JP,397
UA,KG,9623
UA,KH,1
UA,KR,2585
UA,KW,3
UA,KZ,36796
UA,LB,131
UA,LI,6
UA,LT,4569
UA,LU,497
UA,LV,6230
UA,LY,212
UA,MA,166
UA,MD,14624
UA,ME,15
UA,MK,7
UA,ML,4
UA,MN,112
UA,MT,165
UA,MX,76
UA,NA,47
UA,NI,8
UA,NL,2339
UA,NO,653
UA,NZ,221
UA,OM,1
UA,PA,60
UA,PE,41
UA,PG,6
UA,PK,9
UA,PL,19118
UA,PS,77
UA,PT,5361
UA,QA,2
UA,RO,1864
UA,RS,220
UA,RU,988729
UA,SA,17
UA,SE,1228
UA,SI,287
UA,SK,1209
UA,SM,7
UA,SY,311
UA,TJ,4385
UA,TM,10805
UA,TR,9707
UA,US,39978
UA,UZ,44829
UA,VE,25
UA,VN,1454
UA,ZA,55
UG,AE,64
UG,AO,5721
UG,AT,46
UG,AU,3050
UG,BE,984
UG,BG,19
UG,BH,7
UG,BI,8978
UG,BO,3
UG,BR,175
UG,BS,10
UG,BW,34
UG,BZ,1
UG,CA,11102
UG,CD,76487
UG,CF,24
UG,CG,1322
UG,CH,26
UG,CL,61
UG,CM,3
UG,CN,964
UG,CO,13
UG,CR,6
UG,CY,29
UG,CZ,5
UG,DE,46
UG,DJ,112
UG,DK,1140
UG,DO,3
UG,DZ,32
UG,EE,16
UG,EG,457
UG,ER,1691
UG,ES,61
UG,ET,1768
UG,FI,382
UG,FR,873
UG,GA,146
UG,GB,697
UG,GH,36
UG,GN,15
UG,GR,566
UG,GT,2
UG,HN,4
UG,HT,1
UG,HU,135
UG,ID,3
UG,IE,24
UG,IL,276
UG,IN,86
UG,IQ,5
UG,IS,55
UG,IT,897
UG,JM,2
UG,JP,39
UG,KE,56462
UG,KM,3
UG,KR,20
UG,KW,19
UG,LB,4
UG,LS,177
UG,LT,3
UG,LU,168
UG,LV,5
UG,LY,98
UG,MA,1
UG,ML,54
UG,MN,1
UG,MT,59
UG,MW,1523
UG,MX,27
UG,MY,22
UG,MZ,51
UG,NA,1081
UG,NE,1
UG,NL,82
UG,NO,1337
UG,NZ,21
UG,OM,5
UG,PA,2
UG,PE,1
UG,PG,23
UG,PL,77
UG,PT,43
UG,QA,13
UG,RO,20
UG,RS,2
UG,RU,5
UG,RW,53270
UG,SA,209
UG,SB,1
UG,SC,16
UG,SD,14409
UG,SE,487
UG,SI,6
UG,SK,15
UG,SN,51
UG,SO,8953
UG,SS,95853
UG,SY,6
UG,SZ,5
UG,TD,114
UG,TG,54
UG,TH,12
UG,TR,188
UG,TT,2
UG,TZ,29305
UG,UA,2
UG,US,2021
UG,VE,7
UG,YE,103
UG,ZA,6427
UG,ZM,4421
US,AD,53
US,AE,2831
US,AF,5564
US,AG,668
US,AL,412
US,AM,23
US,AO,15
US,AR,26718
US,AT,6196
US,AU,19851
US,AZ,18
US,BA,2
US,BB,377
US,BD,17494
US,BE,3554
US,BF,26
US,BG,3030
US,BH,294
US,BI,1
US,BJ,34
US,BN,63
US,BO,1036
US,BR,45320
US,BS,1858
US,BT,23
US,BW,83
US,BY,3295
US,BZ,1157
US,CA,164534
US,CF,74
US,CG,41
US,CH,8058
US,CI,82
US,CL,13176
US,CM,159
US,CN,244023
US,CO,103664
US,CR,4033
US,CU,140460
US,CV,52
US,CY,921
US,CZ,1409
US,DE,215420
US,DJ,3
US,DK,2532
US,DM,106
US,DO,126413
US,DZ,150
US,EC,55423
US,EE,1314
US,EG,19552
US,ES,61151
US,ET,27876
US,FI,1507
US,FJ,1
US,FM,13
US,FR,37640
US,GA,109
US,GB,125216
US,GD,55
US,GE,69
US,GH,19858
US,GN,75
US,GQ,5
US,GR,20661
US,GT,112309
US,GW,34
US,GY,21073
US,HN,85521
US,HR,265
US,HT,78338
US,HU,7773
US,ID,205
US,IE,18437
US,IL,31711
US,IN,190890
US,IQ,26931
US,IR,37448
US,IS,1217
US,IT,59247
US,JM,67431
US,JO,317
US,JP,189912
US,KE,13572
US,KG,1338
US,KH,15505
US,KI,4
US,KN,30
US,KP,149
US,KR,166166
US,KW,1139
US,KZ,819
US,LA,18502
US,LB,10181
US,LC,187
US,LI,28
US,LK,84
US,LR,52
US,LS,21
US,LT,1114
US,LU,1729
US,LV,281
US,LY,1413
US,MA,307
US,MC,10
US,MD,93
US,ME,42
US,MG,6
US,MH,18
US,MK,5
US,ML,220
US,MM,14751
US,MN,343
US,MR,17
US,MT,845
US,MU,10
US,MV,16
US,MW,4
US,MX,1373659
US,MY,937
US,MZ,20
US,NA,1047
US,NE,35
US,NG,40714
US,NI,28365
US,NL,10519
US,NO,2919
US,NP,8629
US,NZ,4536
US,OM,251
US,PA,19233
US,PE,54556
US,PG,230
US,PH,201498
US,PK,20964
US,PL,56687
US,PS,1173
US,PT,17945
US,PW,39
US,PY,314
US,QA,1001
US,RO,20529
US,RS,738
US,RU,233047
US,RW,1
US,SA,2314
US,SB,29
US,SC,5
US,SD,26
US,SE,4851
US,SG,2834
US,SI,195
US,SK,797
US,SL,24
US,SM,5
US,SN,186
US,SO,6
US,SR,416
US,SS,9
US,SV,130700
US,SY,155
US,SZ,18
US,TD,3
US,TG,71
US,TH,38747
US,TJ,199
US,TL,11
US,TM,1834
US,TN,89
US,TR,25263
US,TT,24580
US,TZ,174
US,UA,71908
US,UG,145
US,UY,178
US,UZ,4559
US,VC,70
US,VE,45750
US,VN,345709
US,WS,35
US,YE,9
US,ZA,12694
US,ZM,180
US,ZW,22
UY,AD,32
UY,AR,24354
UY,AT,3
UY,AU,1219
UY,BE,7
UY,BG,8
UY,BO,211
UY,BR,4066
UY,BS,5
UY,BY,13
UY,CA,1207
UY,CH,13
UY,CL,2844
UY,CN,1
UY,CO,363
UY,CR,67
UY,DE,209
UY,DK,41
UY,DO,61
UY,EC,126
UY,EE,4
UY,ES,30671
UY,FI,50
UY,FR,84
UY,GB,73
UY,GR,30
UY,GT,49
UY,HN,35
UY,HT,106
UY,HU,17
UY,IE,2
UY,IL,2177
UY,IS,4
UY,IT,2381
UY,JP,3
UY,LT,2
UY,LU,88
UY,LV,2
UY,ML,174
UY,MX,609
UY,NI,7
UY,NL,4
UY,NO,54
UY,NZ,1
UY,PA,238
UY,PE,420
UY,PL,144
UY,PT,146
UY,PY,903
UY,RO,76
UY,RU,1
UY,SE,2
UY,SI,4
UY,SK,10
UY,SV,18
UY,TR,1
UY,US,137
UY,VE,2421
UZ,AF,19
UZ,AM,637
UZ,AR,3
UZ,AT,31
UZ,AU,226
UZ,AZ,3338
UZ,BE,8
UZ,BG,196
UZ,BO,1
UZ,BR,1
UZ,BY,5047
UZ,CA,744
UZ,CG,2
UZ,CH,24
UZ,CL,137
UZ,CN,134
UZ,CR,1
UZ,CY,17
UZ,CZ,341
UZ,DE,1676
UZ,DK,38
UZ,DZ,1
UZ,EC,1
UZ,EE,229
UZ,EG,440
UZ,ES,96
UZ,FI,125
UZ,FR,66
UZ,GB,12
UZ,GE,115
UZ,GR,866
UZ,HR,1
UZ,HU,43
UZ,IE,8
UZ,IL,2443
UZ,IR,1
UZ,IS,2
UZ,IT,375
UZ,JP,1110
UZ,KG,2393
UZ,KR,7839
UZ,KZ,94482
UZ,LT,132
UZ,LU,104
UZ,LV,517
UZ,LY,729
UZ,MD,48
UZ,ME,1
UZ,MN,15
UZ,MT,21
UZ,MX,2
UZ,NA,2
UZ,NL,194
UZ,NO,76
UZ,NZ,6
UZ,PA,1
UZ,PE,1
UZ,PG,1
UZ,PL,188
UZ,PT,116
UZ,RO,7
UZ,RS,7
UZ,RU,266533
UZ,SE,18
UZ,SI,22
UZ,SK,12
UZ,TJ,2470
UZ,TM,17990
UZ,TR,17694
UZ,UA,41352
UZ,US,404
UZ,VE,1
UZ,ZA,1
VC,AG,191
VC,AU,9
VC,BB,610
VC,BO,1
VC,BS,13
VC,CA,3296
VC,CH,1
VC,CL,1
VC,CO,1
VC,DE,3
VC,DK,3
VC,DM,20
VC,ES,2
VC,GB,89
VC,GD,149
VC,GN,8
VC,GR,1
VC,GY,79
VC,HU,1
VC,IE,1
VC,IL,1
VC,JM,82
VC,JP,2
VC,KN,27
VC,KR,1
VC,LC,81
VC,LU,1
VC,MT,1
VC,MX,1
VC,NL,11
VC,NO,1
VC,NZ,1
VC,PL,2
VC,SR,1
VC,TT,2294
VC,US,117
VC,VE,68
VE,AD,9
VE,AE,6
VE,AG,10
VE,AL,2
VE,AM,4
VE,AO,50
VE,AR,62707
VE,AT,85
VE,AU,888
VE,BA,2
VE,BB,6
VE,BE,1111
VE,BG,29
VE,BH,1
VE,BO,4518
VE,BR,216305
VE,BS,6
VE,BY,1
VE,BZ,2
VE,CA,3383
VE,CG,1
VE,CH,230
VE,CL,337581
VE,CN,1707
VE,CO,1794441
VE,CR,20691
VE,CU,998
VE,CV,1
VE,CY,10
VE,CZ,36
VE,DE,509
VE,DK,133
VE,DM,3
VE,DO,28117
VE,DZ,9
VE,EC,366488
VE,EE,44
VE,EG,19
VE,ER,2
VE,ES,175746
VE,ET,3
VE,FI,43
VE,FR,779
VE,GA,1
VE,GB,268
VE,GD,48
VE,GE,1
VE,GH,3
VE,GN,6
VE,GR,185
VE,GT,75
VE,GY,19433
VE,HN,46
VE,HR,36
VE,HT,458
VE,HU,645
VE,ID,4
VE,IE,13
VE,IL,243
VE,IN,16
VE,IQ,23
VE,IR,6
VE,IS,47
VE,IT,10985
VE,JM,7
VE,JO,97
VE,JP,50
VE,KN,1
VE,KP,4
VE,KR,26
VE,KW,6
VE,KZ,1
VE,LB,472
VE,LC,5
VE,LI,3
VE,LK,1
VE,LT,25
VE,LU,487
VE,LV,26
VE,LY,17
VE,MA,88
VE,MC,1
VE,MD,1
VE,ME,19
VE,MK,1
VE,MT,1
VE,MX,32042
VE,MY,3
VE,MZ,6
VE,NA,1
VE,NG,10
VE,NI,183
VE,NL,127
VE,NO,160
VE,NZ,9
VE,PA,87858
VE,PE,880760
VE,PH,12
VE,PK,1
VE,PL,83
VE,PS,21
VE,PT,7231
VE,PY,19
VE,QA,2
VE,RO,89
VE,RS,72
VE,RU,151
VE,SA,109
VE,SE,59
VE,SG,2
VE,SI,35
VE,SK,7
VE,SN,2
VE,SR,13
VE,SV,100
VE,SY,1130
VE,TH,7
VE,TM,1
VE,TN,2
VE,TR,228
VE,TT,18817
VE,UA,23
VE,US,160972
VE,UY,12214
VE,UZ,1
VE,VC,8
VE,VN,2
VE,ZA,60
VE,ZW,1
VN,AT,384
VN,AU,26692
VN,BD,1746
VN,BE,898
VN,BG,81
VN,BO,1
VN,BR,15
VN,BY,45
VN,CA,18928
VN,CH,1327
VN,CN,10117
VN,CY,7
VN,CZ,4099
VN,DE,12486
VN,DK,1069
VN,EE,7
VN,FI,922
VN,FR,12309
VN,GR,23
VN,HU,589
VN,ID,2
VN,IN,44
VN,IS,98
VN,IT,636
VN,JP,48726
VN,KG,14
VN,KH,3518
VN,KP,73
VN,KR,23209
VN,LA,1961
VN,LI,1
VN,LT,4
VN,LU,60
VN,LV,10
VN,MN,42
VN,MY,1
VN,NL,1583
VN,NO,1505
VN,NZ,1049
VN,PA,7
VN,PE,8
VN,PH,132
VN,PL,353
VN,PT,6
VN,RU,876
VN,SE,2218
VN,SG,1
VN,SI,3
VN,SK,264
VN,TH,1792
VN,TL,24
VN,UA,1589
VN,US,149288
VN,VE,1
VN,YE,1
VN,ZA,33
VU,AT,1
VU,AU,2803
VU,BE,6
VU,BG,9
VU,CA,2
VU,CH,9
VU,CL,2
VU,CO,1
VU,CY,1
VU,DE,13
VU,DK,4
VU,EG,1
VU,ES,11
VU,FI,1
VU,FJ,45
VU,FR,74
VU,GA,1
VU,GB,17
VU,GQ,2
VU,GR,32
VU,HU,1
VU,IE,2
VU,IL,2
VU,IT,3
VU,JP,7
VU,LU,3
VU,MA,2
VU,MC,1
VU,MT,4
VU,NL,3
VU,NZ,61
VU,PG,357
VU,PL,2
VU,PT,6
VU,RO,2
VU,RS,1
VU,SB,824
VU,SE,1
VU,SN,2
VU,TH,1
VU,TO,3
VU,TR,4
VU,US,10
VU,WS,2
VU,ZA,111
WS,AT,1
WS,AU,7817
WS,BG,3
WS,CA,3
WS,CH,1
WS,CL,2
WS,CN,6
WS,CO,1
WS,DE,17
WS,DK,9
WS,EG,1
WS,ES,4
WS,FI,1
WS,FJ,35
WS,FM,1
WS,FR,1
WS,GB,6
WS,GN,6
WS,GR,124
WS,HU,2
WS,IE,1
WS,IL,2
WS,IT,2
WS,JP,30
WS,KI,1
WS,KR,3
WS,LU,1
WS,ML,3
WS,MT,2
WS,NA,1
WS,NL,2
WS,NO,1
WS,NZ,11875
WS,PG,104
WS,PL,3
WS,PT,1
WS,RO,1
WS,RU,1
WS,SB,41
WS,SE,1
WS,TO,24
WS,TR,1
WS,TV,3
WS,US,75
WS,VE,1
WS,VU,2
WS,ZA,4
YE,AE,20640
YE,AM,5
YE,AT,1164
YE,AU,503
YE,BE,1973
YE,BG,27
YE,BH,2143
YE,BR,111
YE,BY,7
YE,CA,3639
YE,CD,57
YE,CF,102
YE,CH,115
YE,CL,9
YE,CN,636
YE,CY,20
YE,CZ,1
YE,DE,3064
YE,DJ,3130
YE,DK,316
YE,DZ,1203
YE,EE,7
YE,EG,13108
YE,ER,265
YE,ET,5697
YE,FI,1508
YE,FR,265
YE,GB,2649
YE,GR,1452
YE,HU,96
YE,ID,145
YE,IL,6285
YE,IN,108
YE,IQ,2418
YE,IR,3
YE,IS,15
YE,IT,925
YE,JO,6290
YE,JP,8
YE,KE,1201
YE,KR,1
YE,KW,8327
YE,LB,82
YE,LI,3
YE,LT,2
YE,LU,67
YE,LV,1
YE,LY,2486
YE,MA,2
YE,MK,1
YE,ML,5
YE,MR,1
YE,MT,839
YE,MW,11
YE,MY,1157
YE,NA,34
YE,NE,23
YE,NI,7
YE,NL,1170
YE,NO,1893
YE,OM,2
YE,PE,1
YE,PL,2
YE,PS,548
YE,PT,5
YE,QA,4409
YE,RO,2
YE,RU,16
YE,SA,204398
YE,SC,1
YE,SD,4078
YE,SE,7762
YE,SI,4
YE,SK,13
YE,SO,131651
YE,SS,2553
YE,SY,2335
YE,TD,1396
YE,TN,1
YE,TR,13977
YE,TZ,157
YE,UA,5
YE,UG,411
YE,US,3411
YE,VE,6
YE,VN,12
YE,ZA,2002
ZA,AD,69
ZA,AE,67
ZA,AF,58
ZA,AG,9
ZA,AL,19
ZA,AO,15867
ZA,AR,295
ZA,AT,2368
ZA,AU,39854
ZA,AZ,3
ZA,BA,116
ZA,BB,2
ZA,BD,1756
ZA,BE,3023
ZA,BF,92
ZA,BG,732
ZA,BH,4
ZA,BI,1121
ZA,BJ,349
ZA,BN,1
ZA,BO,39
ZA,BR,649
ZA,BS,41
ZA,BW,1724
ZA,BY,40
ZA,BZ,3
ZA,CA,15858
ZA,CD,10059
ZA,CF,11
ZA,CG,4053
ZA,CH,1401
ZA,CI,195
ZA,CL,345
ZA,CM,1064
ZA,CN,3422
ZA,CO,182
ZA,CR,16
ZA,CU,62
ZA,CV,6
ZA,CY,2239
ZA,CZ,275
ZA,DE,8785
ZA,DJ,274
ZA,DK,1125
ZA,DO,23
ZA,DZ,227
ZA,EC,30
ZA,EE,186
ZA,EG,2210
ZA,ER,361
ZA,ES,1696
ZA,ET,9275
ZA,FI,767
ZA,FR,1782
ZA,GA,303
ZA,GB,50201
ZA,GE,3
ZA,GH,1601
ZA,GM,6
ZA,GN,399
ZA,GQ,32
ZA,GR,2561
ZA,GT,5
ZA,GW,1
ZA,GY,8
ZA,HN,7
ZA,HR,97
ZA,HT,5
ZA,HU,971
ZA,ID,122
ZA,IE,6169
ZA,IL,4927
ZA,IN,3397
ZA,IQ,10
ZA,IR,65
ZA,IS,204
ZA,IT,3612
ZA,JM,7
ZA,JO,3
ZA,JP,1898
ZA,KE,1381
ZA,KG,51
ZA,KM,20
ZA,KP,50
ZA,KR,914
ZA,KW,16
ZA,KZ,233
ZA,LB,46
ZA,LC,1
ZA,LI,7
ZA,LK,79
ZA,LR,43
ZA,LS,22228
ZA,LT,100
ZA,LU,777
ZA,LV,71
ZA,LY,297
ZA,MA,91
ZA,MC,8
ZA,MD,34
ZA,ME,2
ZA,MG,39
ZA,MK,1
ZA,ML,402
ZA,MM,37
ZA,MN,33
ZA,MR,6
ZA,MT,602
ZA,MU,301
ZA,MV,1
ZA,MW,16160
ZA,MX,184
ZA,MY,139
ZA,MZ,45522
ZA,NA,38086
ZA,NE,1057
ZA,NG,5006
ZA,NI,1
ZA,NL,10735
ZA,NO,869
ZA,NP,23
ZA,NZ,26171
ZA,OM,11
ZA,PA,42
ZA,PE,206
ZA,PG,57
ZA,PH,85
ZA,PK,1329
ZA,PL,2037
ZA,PS,2
ZA,PT,6448
ZA,PY,3
ZA,QA,11
ZA,RO,643
ZA,RS,169
ZA,RU,1182
ZA,RW,469
ZA,SA,113
ZA,SB,8
ZA,SC,85
ZA,SD,101
ZA,SE,1338
ZA,SG,48
ZA,SI,70
ZA,SK,240
ZA,SL,55
ZA,SM,4
ZA,SN,1133
ZA,SO,16765
ZA,SR,25
ZA,SS,17
ZA,SV,1
ZA,SY,17
ZA,SZ,2632
ZA,TD,64
ZA,TG,155
ZA,TH,234
ZA,TJ,7
ZA,TL,4
ZA,TM,18
ZA,TN,1
ZA,TR,1818
ZA,TT,9
ZA,TZ,3236
ZA,UA,373
ZA,UG,889
ZA,US,58350
ZA,UY,16
ZA,UZ,84
ZA,VC,1
ZA,VE,1097
ZA,VN,121
ZA,VU,7
ZA,WS,1
ZA,YE,123
ZA,ZM,12522
ZA,ZW,78633
ZM,AE,1
ZM,AO,12438
ZM,AU,885
ZM,BE,7
ZM,BG,2
ZM,BI,490
ZM,BJ,1
ZM,BR,2
ZM,BW,413
ZM,CA,26
ZM,CD,3316
ZM,CF,1
ZM,CG,861
ZM,CI,1
ZM,CM,25
ZM,CN,270
ZM,CY,18
ZM,DE,29
ZM,DK,82
ZM,EG,12
ZM,ER,24
ZM,ES,1
ZM,FI,42
ZM,FR,28
ZM,GA,4
ZM,GB,130
ZM,GH,18
ZM,GR,30
ZM,HR,5
ZM,HU,4
ZM,IE,1
ZM,IN,338
ZM,IS,1
ZM,IT,106
ZM,JP,11
ZM,KE,48
ZM,LS,15
ZM,LU,31
ZM,ML,103
ZM,MW,4836
ZM,MX,4
ZM,MZ,673
ZM,NA,808
ZM,NG,55
ZM,NO,66
ZM,NZ,2
ZM,PT,22
ZM,RW,679
ZM,SA,1
ZM,SI,1
ZM,SK,1
ZM,SL,2
ZM,SN,18
ZM,SS,4
ZM,TJ,3
ZM,TZ,1609
ZM,UG,58
ZM,US,107
ZM,ZA,3350
ZM,ZW,4247
ZW,AD,1
ZW,AE,1
ZW,AG,1
ZW,AO,185
ZW,AR,3
ZW,AT,46
ZW,AU,20820
ZW,BB,1
ZW,BD,1
ZW,BE,50
ZW,BG,72
ZW,BO,3
ZW,BR,5
ZW,BS,10
ZW,BW,6562
ZW,BY,1
ZW,CA,7118
ZW,CH,33
ZW,CL,7
ZW,CN,2576
ZW,CO,3
ZW,CR,1
ZW,CY,279
ZW,CZ,14
ZW,DK,303
ZW,DO,1
ZW,DZ,1
ZW,EE,18
ZW,EG,49
ZW,ER,87
ZW,ES,203
ZW,FI,200
ZW,FR,88
ZW,GB,57068
ZW,GH,2
ZW,GN,8
ZW,GR,299
ZW,HR,1
ZW,HU,151
ZW,IE,247
ZW,IL,118
ZW,IS,13
ZW,IT,670
ZW,JM,4
ZW,JP,40
ZW,LI,3
ZW,LS,129
ZW,LT,18
ZW,LU,113
ZW,LV,11
ZW,LY,2
ZW,MA,1
ZW,ML,14
ZW,MT,157
ZW,MW,24982
ZW,MX,4
ZW,MZ,42127
ZW,NA,17715
ZW,NL,295
ZW,NO,197
ZW,NZ,4779
ZW,PA,2
ZW,PE,4
ZW,PG,10
ZW,PL,287
ZW,PT,1143
ZW,RO,75
ZW,RS,1
ZW,RU,3
ZW,SB,1
ZW,SC,1
ZW,SE,34
ZW,SI,16
ZW,SK,24
ZW,SZ,4
ZW,TH,62
ZW,TJ,3
ZW,TR,25
ZW,TT,2
ZW,TZ,806
ZW,US,1923
ZW,VE,14
ZW,ZA,543916
ZW,ZM,32320
